Waktu Tarik,Sumber,Kategori,Judul,URL
2026-09-06 02:45:11,detikNews,Berita & Peristiwa,Operasi Anyar Trump di Iran Lewat 'Tanker for Tanker',https://news.detik.com/internasional/d-8645968/operasi-anyar-trump-di-iran-lewat-tanker-for-tanker
2026-09-06 02:45:11,detikNews,Berita & Peristiwa,Yang Diketahui soal Menantu Amien Rais Mundur dari Ketum Partai Ummat,https://news.detik.com/berita/d-8645988/yang-diketahui-soal-menantu-amien-rais-mundur-dari-ketum-partai-ummat
2026-09-06 02:45:11,detikNews,Berita & Peristiwa,Pria di Lampung Ditembak Berkali-kali saat Tagih Utang Rp 20 Juta,https://news.detik.com/berita/d-8646023/pria-di-lampung-ditembak-berkali-kali-saat-tagih-utang-rp-20-juta
2026-09-06 02:45:11,detikNews,Berita & Peristiwa,Ternyata Vinna Ledy Sudah Diperiksa Sebelum Aset Mewah Disita KPK,https://news.detik.com/berita/d-8646013/ternyata-vinna-ledy-sudah-diperiksa-sebelum-aset-mewah-disita-kpk
2026-09-06 02:45:11,detikNews,Berita & Peristiwa,Polisi Hitung Jumlah Gift Dicairkan Karyawan dari Nguras TikTok Vilmei,https://news.detik.com/berita/d-8646076/polisi-hitung-jumlah-gift-dicairkan-karyawan-dari-nguras-tiktok-vilmei
2026-09-06 02:45:11,detikNews,Berita & Peristiwa,"Ace Hasan hingga JK Hadiri GIHES 2026, Bicara soal Pendidikan Pesantren",https://news.detik.com/berita/d-8650343/ace-hasan-hingga-jk-hadiri-gihes-2026-bicara-soal-pendidikan-pesantren
2026-09-06 02:45:11,detikNews,Berita & Peristiwa,Cucun Ajak Santri Kenali Peran DPR & Berani Bermimpi Jadi Pemimpin Bangsa,https://news.detik.com/berita/d-8647307/cucun-ajak-santri-kenali-peran-dpr-berani-bermimpi-jadi-pemimpin-bangsa
2026-09-06 02:45:11,detikNews,Berita & Peristiwa,"JK, Ma'ruf Amin hingga Boediono Hadiri Sidang Tahunan-Sidang Bersama 2026",https://news.detik.com/berita/d-8617854/jk-maruf-amin-hingga-boediono-hadiri-sidang-tahunan-sidang-bersama-2026
2026-09-06 02:45:11,detikNews,Berita & Peristiwa,"Perkuat Soliditas, Bea Cukai Priok dan Polri Gelar Baksos untuk Anak-anak",https://news.detik.com/berita/d-8650340/perkuat-soliditas-bea-cukai-priok-dan-polri-gelar-baksos-untuk-anak-anak
2026-09-06 02:45:11,detikNews,Berita & Peristiwa,"AHY: Sumber Daya Alam Harus Kita Olah, tapi Jangan Korbankan Lingkungan",https://news.detik.com/berita/d-8650327/ahy-sumber-daya-alam-harus-kita-olah-tapi-jangan-korbankan-lingkungan
2026-09-06 02:45:11,detikNews,Berita & Peristiwa,"Kondisi Terkini Erupsi Anak Krakatau, Terdengar Dentuman dari Pos Pasauran",https://news.detik.com/berita/d-8650310/kondisi-terkini-erupsi-anak-krakatau-terdengar-dentuman-dari-pos-pasauran
2026-09-06 02:45:11,detikNews,Berita & Peristiwa,"Hujan Abu Erupsi Anak Krakatau, Warga Pandeglang Diimbau Pakai Masker",https://news.detik.com/berita/d-8650290/hujan-abu-erupsi-anak-krakatau-warga-pandeglang-diimbau-pakai-masker
2026-09-06 02:45:11,detikNews,Berita & Peristiwa,AHY: Kekuasaan Bukan Milik Seseorang untuk Selamanya,https://news.detik.com/berita/d-8650285/ahy-kekuasaan-bukan-milik-seseorang-untuk-selamanya
2026-09-06 02:45:11,detikNews,Berita & Peristiwa,Identitas 3 Korban Tewas Akibat Kecelakaan Beruntun di Jakbar,https://news.detik.com/berita/d-8650248/identitas-3-korban-tewas-akibat-kecelakaan-beruntun-di-jakbar
2026-09-06 02:45:11,detikNews,Berita & Peristiwa,PKS Minta Pemulihan Gempa NTT Diperkuat: Masyarakat Masih Trauma,https://news.detik.com/berita/d-8650225/pks-minta-pemulihan-gempa-ntt-diperkuat-masyarakat-masih-trauma
2026-09-06 02:45:11,detikNews,Berita & Peristiwa,"HUT ke-25 Demokrat, AHY Instruksikan Kader Tak Abai Kondisi Nyata Rakyat",https://news.detik.com/berita/d-8650223/hut-ke-25-demokrat-ahy-instruksikan-kader-tak-abai-kondisi-nyata-rakyat
2026-09-06 02:45:11,detikNews,Berita & Peristiwa,"Kronologi Kecelakaan Maut di Kembangan Jakbar, Dipicu Mobil Listrik",https://news.detik.com/berita/d-8650222/kronologi-kecelakaan-maut-di-kembangan-jakbar-dipicu-mobil-listrik
2026-09-06 02:45:11,detikNews,Berita & Peristiwa,Porter di Pelabuhan Ambon Jatuh Saat Berebut Masuk Kapal,https://news.detik.com/berita/d-8650220/porter-di-pelabuhan-ambon-jatuh-saat-berebut-masuk-kapal
2026-09-06 02:45:11,detikNews,Berita & Peristiwa,Dugaan Sumber Dentuman di Bandung: Anak Krakatau hingga Skyquake,https://news.detik.com/berita/d-8650209/dugaan-sumber-dentuman-di-bandung-anak-krakatau-hingga-skyquake
2026-09-06 02:45:11,detikNews,Berita & Peristiwa,Pandeglang Diguyur Hujan Abu Usai Gunung Anak Krakatau Erupsi,https://news.detik.com/berita/d-8650202/pandeglang-diguyur-hujan-abu-usai-gunung-anak-krakatau-erupsi
2026-09-06 02:45:11,detikNews,Berita & Peristiwa,"Buka LKBB-PB Tingkat Nasional, Waka MPR Tegaskan Pentingnya Disiplin",https://news.detik.com/berita/d-8650193/buka-lkbb-pb-tingkat-nasional-waka-mpr-tegaskan-pentingnya-disiplin
2026-09-06 02:45:11,detikNews,Berita & Peristiwa,"Ada Pipa 'Siluman' di Sungai Cileungsi, Diduga untuk Buang Limbah",https://news.detik.com/berita/d-8650182/ada-pipa-siluman-di-sungai-cileungsi-diduga-untuk-buang-limbah
2026-09-06 02:45:11,detikNews,Berita & Peristiwa,Pengungsi Anak Korban Gempa NTT Diduga Diperkosa,https://news.detik.com/berita/d-8650181/pengungsi-anak-korban-gempa-ntt-diduga-diperkosa
2026-09-06 02:45:11,detikNews,Berita & Peristiwa,"Gempa M 4,7 Terjadi di Nias",https://news.detik.com/berita/d-8650179/gempa-m-4-7-terjadi-di-nias
2026-09-06 02:45:11,detikNews,Berita & Peristiwa,Program Sahabat Literasi Tingkatkan Minat Baca Siswa Sekolah Rakyat Solok,https://news.detik.com/berita/d-8650176/program-sahabat-literasi-tingkatkan-minat-baca-siswa-sekolah-rakyat-solok
2026-09-06 02:45:11,detikNews,Berita & Peristiwa,"3 Orang Tewas Akibat Kecelakaan Beruntun di Jakbar, 1 Korban Anak",https://news.detik.com/berita/d-8650168/3-orang-tewas-akibat-kecelakaan-beruntun-di-jakbar-1-korban-anak
2026-09-06 02:45:11,detikNews,Berita & Peristiwa,Detik-detik Kecelakaan Beruntun di Jakbar hingga Ada Korban Tergeletak,https://news.detik.com/berita/d-8650161/detik-detik-kecelakaan-beruntun-di-jakbar-hingga-ada-korban-tergeletak
2026-09-06 02:45:11,detikNews,Berita & Peristiwa,Artha Graha Peduli Beri Akses Pengobatan Gratis bagi Warga Kampung Dao,https://news.detik.com/berita/d-8650149/artha-graha-peduli-beri-akses-pengobatan-gratis-bagi-warga-kampung-dao
2026-09-06 02:45:11,detikNews,Berita & Peristiwa,"Mendagri Tinjau Bedah Rumah di Bukit Duri, Minta Pemda Percepat Perbaikan",https://news.detik.com/berita/d-8650135/mendagri-tinjau-bedah-rumah-di-bukit-duri-minta-pemda-percepat-perbaikan
2026-09-06 02:45:11,detikNews,Berita & Peristiwa,"Sabtu Sore, Prabowo Terima Dubes AS untuk ASEAN di Hambalang",https://news.detik.com/berita/d-8650120/sabtu-sore-prabowo-terima-dubes-as-untuk-asean-di-hambalang
2026-09-06 02:45:11,detikNews,Berita & Peristiwa,BPBD Pandeglang : Belum Ada Kerusakan Imbas Getaran Erupsi Anak Krakatau,https://news.detik.com/berita/d-8650117/bpbd-pandeglang-belum-ada-kerusakan-imbas-getaran-erupsi-anak-krakatau
2026-09-06 02:45:11,detikNews,Berita & Peristiwa,"Ponpes di Bogor Kebakaran, Sejumlah Santri Sesak Napas Dilarikan ke RS",https://news.detik.com/berita/d-8650096/ponpes-di-bogor-kebakaran-sejumlah-santri-sesak-napas-dilarikan-ke-rs
2026-09-06 02:45:11,detikNews,Berita & Peristiwa,Walkot Pekanbaru Ajak Ulama & Santri Doakan RI Terbebas dari Karhutla,https://news.detik.com/berita/d-8650086/walkot-pekanbaru-ajak-ulama-santri-doakan-ri-terbebas-dari-karhutla
2026-09-06 02:45:11,detikNews,Berita & Peristiwa,Paviliun Artha Graha Bawa Misi Edukasi Fauna ke Pasar Wiwitan SCBD,https://news.detik.com/berita/d-8650082/paviliun-artha-graha-bawa-misi-edukasi-fauna-ke-pasar-wiwitan-scbd
2026-09-06 02:45:11,detikNews,Berita & Peristiwa,"Dikejar Gerombolan Matel, Sejoli di Bogor Ngadu ke Layanan 110 Polisi",https://news.detik.com/berita/d-8650068/dikejar-gerombolan-matel-sejoli-di-bogor-ngadu-ke-layanan-110-polisi
2026-09-06 02:45:11,detikNews,Berita & Peristiwa,"Turis India Dijambret Saat Hendak ke Kuil di Menteng, Samsung S25 Raib",https://news.detik.com/berita/d-8650059/turis-india-dijambret-saat-hendak-ke-kuil-di-menteng-samsung-s25-raib
2026-09-06 02:45:11,detikNews,Berita & Peristiwa,"Terkesan Sepele, Kelalaian soal Selotip Renggut Nyawa Puluhan Orang",https://news.detik.com/berita/d-8650054/terkesan-sepele-kelalaian-soal-selotip-renggut-nyawa-puluhan-orang
2026-09-06 02:45:11,detikNews,Berita & Peristiwa,Analisis Pakar soal Dentuman di Bandung Diduga dari Erupsi Anak Krakatau,https://news.detik.com/berita/d-8650045/analisis-pakar-soal-dentuman-di-bandung-diduga-dari-erupsi-anak-krakatau
2026-09-06 02:45:11,detikNews,Berita & Peristiwa,Muzani Harap Pemenang Lomba Baris Berbaris Nasional Jadi Duta 4 Pilar MPR,https://news.detik.com/berita/d-8650038/muzani-harap-pemenang-lomba-baris-berbaris-nasional-jadi-duta-4-pilar-mpr
2026-09-06 02:45:11,detikNews,Berita & Peristiwa,"Kepergok Curi Uang Kotak Amal, Remaja di Bogor Dibawa Polisi",https://news.detik.com/berita/d-8650029/kepergok-curi-uang-kotak-amal-remaja-di-bogor-dibawa-polisi
2026-09-06 02:45:11,detikNews,Berita & Peristiwa,Kapolrestro Bekasi Kota Terbitkan Maklumat tentang Keselamatan Pelajar,https://news.detik.com/berita/d-8650019/kapolrestro-bekasi-kota-terbitkan-maklumat-tentang-keselamatan-pelajar
2026-09-06 02:45:11,detikNews,Berita & Peristiwa,"Mensos: Data BKKBN Tak Salah, Perubahan Desil Tak Otomatis Hentikan Bansos",https://news.detik.com/berita/d-8650017/mensos-data-bkkbn-tak-salah-perubahan-desil-tak-otomatis-hentikan-bansos
2026-09-06 02:45:11,detikNews,Berita & Peristiwa,Ketua MPR Pastikan Semua Masukan Terkait Naskah PPHN Akan Dipelajari,https://news.detik.com/berita/d-8649997/ketua-mpr-pastikan-semua-masukan-terkait-naskah-pphn-akan-dipelajari
2026-09-06 02:45:11,detikNews,Berita & Peristiwa,"Kecelakaan Beruntun di Kembangan Jakbar, Ada Korban Tergeletak",https://news.detik.com/berita/d-8649998/kecelakaan-beruntun-di-kembangan-jakbar-ada-korban-tergeletak
2026-09-06 02:45:11,detikNews,Berita & Peristiwa,Kemendagri Minta Tim Pemantauan Identifikasi Akar Masalah Ekonomi Daerah,https://news.detik.com/berita/d-8649964/kemendagri-minta-tim-pemantauan-identifikasi-akar-masalah-ekonomi-daerah
2026-09-06 02:45:11,detikNews,Berita & Peristiwa,Ketua MPR soal Kabar 8 WNI Direkrut Tentara Rusia: Tidak Dibenarkan,https://news.detik.com/berita/d-8649978/ketua-mpr-soal-kabar-8-wni-direkrut-tentara-rusia-tidak-dibenarkan
2026-09-06 02:45:11,detikNews,Berita & Peristiwa,"Pemulihan di Aceh Singkil, Pembangunan Jembatan & Tanggul Jadi Prioritas",https://news.detik.com/berita/d-8649975/pemulihan-di-aceh-singkil-pembangunan-jembatan-tanggul-jadi-prioritas
2026-09-06 02:45:11,detikNews,Berita & Peristiwa,Kilas Balik 4 Orang Selamat Kala Pesawat Jatuh Tewaskan 520 Orang,https://news.detik.com/berita/d-8649974/kilas-balik-4-orang-selamat-kala-pesawat-jatuh-tewaskan-520-orang
2026-09-06 02:45:11,detikNews,Berita & Peristiwa,Wamendagri Dukung KDKMP Jadi Pusat Layanan Ekonomi Desa Terintegrasi,https://news.detik.com/berita/d-8649960/wamendagri-dukung-kdkmp-jadi-pusat-layanan-ekonomi-desa-terintegrasi
2026-09-06 02:45:11,detikNews,Berita & Peristiwa,"Sedang Rapikan Kayu, Kernet Pikap di Bogor Tewas Usai Diserempet Truk",https://news.detik.com/berita/d-8649941/sedang-rapikan-kayu-kernet-pikap-di-bogor-tewas-usai-diserempet-truk
2026-09-06 02:45:11,detikNews,Berita & Peristiwa,Petugas Gabungan Gagalkan Penyelundupan Ratusan Burung ke Sri Lanka Oleh WNA,https://news.detik.com/berita/d-8649933/petugas-gabungan-gagalkan-penyelundupan-ratusan-burung-ke-sri-lanka-oleh-wna
2026-09-06 02:45:11,detikNews,Berita & Peristiwa,Kemenko Pangan Pastikan Hasil Panen Kedelai Pilot Project Cariu Terserap,https://news.detik.com/berita/d-8649901/kemenko-pangan-pastikan-hasil-panen-kedelai-pilot-project-cariu-terserap
2026-09-06 02:45:11,detikNews,Berita & Peristiwa,Lahan Pilot Project Kedelai Cariu Diproyeksikan Naik Jadi 100 Ha di 2027,https://news.detik.com/berita/d-8649891/lahan-pilot-project-kedelai-cariu-diproyeksikan-naik-jadi-100-ha-di-2027
2026-09-06 02:45:11,detikNews,Berita & Peristiwa,"Hujan Guyur Kalbar dan Kalteng, OMC Diperpanjang hingga 14 September",https://news.detik.com/berita/d-8649917/hujan-guyur-kalbar-dan-kalteng-omc-diperpanjang-hingga-14-september
2026-09-06 02:45:11,detikNews,Berita & Peristiwa,"Jajaran BULOG Seluruh RI Turun ke Pasar, Pastikan Stok & Harga Beras Aman",https://news.detik.com/berita/d-8649914/jajaran-bulog-seluruh-ri-turun-ke-pasar-pastikan-stok-harga-beras-aman
2026-09-06 02:45:11,detikNews,Berita & Peristiwa,"Viral Turis India Dijambret hingga Histeris di Menteng, Polisi Selidiki",https://news.detik.com/berita/d-8649913/viral-turis-india-dijambret-hingga-histeris-di-menteng-polisi-selidiki
2026-09-06 02:45:11,detikNews,Berita & Peristiwa,Catat! Car Free Day di Jalan Sudirman Bogor Kembali Digelar Besok,https://news.detik.com/berita/d-8649897/catat-car-free-day-di-jalan-sudirman-bogor-kembali-digelar-besok
2026-09-06 02:45:11,detikNews,Berita & Peristiwa,Rumah di Cileungsi Bogor Kebakaran Saat Ditinggal Penghuni Antar Anak,https://news.detik.com/berita/d-8649895/rumah-di-cileungsi-bogor-kebakaran-saat-ditinggal-penghuni-antar-anak
2026-09-06 02:45:11,detikNews,Berita & Peristiwa,TNI AD Ungkap Penyebab Jembatan Pangandaran Ambruk Usai Diresmikan Bupati,https://news.detik.com/berita/d-8641586/tni-ad-ungkap-penyebab-jembatan-pangandaran-ambruk-usai-diresmikan-bupati
2026-09-06 02:45:11,detikNews,Berita & Peristiwa,"Israel Siapkan Rencana Usir Warga Gaza, Tunggu Persetujuan AS",https://news.detik.com/internasional/d-8645967/israel-siapkan-rencana-usir-warga-gaza-tunggu-persetujuan-as
2026-09-06 02:45:11,detikNews,Berita & Peristiwa,"Kepala SPPG Usai 566 Santri Sidoarjo Keracunan MBG: Mohon Maaf, Saya Menyesal",https://news.detik.com/berita/d-8645330/kepala-sppg-usai-566-santri-sidoarjo-keracunan-mbg-mohon-maaf-saya-menyesal
2026-09-06 02:45:11,Kompas.com Nasional,Nasional & Kebijakan,"""Uang Haram"" Bos Blueray John Field yang Mengalir ke Bea Cukai Nasional",https://nasional.kompas.com/read/2026/09/03/05140001/uang-haram-bos-blueray-john-field-yang-mengalir-ke-bea-cukai
2026-09-06 02:45:11,Kompas.com Nasional,Nasional & Kebijakan,AHY: Kita Patut Belajar dari Pemerintahan SBY.. Nasional,https://nasional.kompas.com/read/2026/09/05/21410491/ahy-kita-patut-belajar-dari-pemerintahan-sby
2026-09-06 02:45:11,Kompas.com Nasional,Nasional & Kebijakan,"Kawal CAT Calon Petugas Haji 2027, Irjen Kemenhaj Pastikan Tidak Ada Suap dan Gratifikasi Nasional",https://nasional.kompas.com/read/2026/09/05/21241711/kawal-cat-calon-petugas-haji-2027-irjen-kemenhaj-pastikan-tidak-ada-suap-dan
2026-09-06 02:45:11,Kompas.com Nasional,Nasional & Kebijakan,"AHY: Kekuasaan Ada Batasnya, Jangan Halangi Hak Rakyat untuk Memilih Nasional",https://nasional.kompas.com/read/2026/09/05/21144141/ahy-kekuasaan-ada-batasnya-jangan-halangi-hak-rakyat-untuk-memilih
2026-09-06 02:45:11,Kompas.com Nasional,Nasional & Kebijakan,AHY Akui Rakyat Masih Tertekan Harga Kebutuhan hingga Sulit Dapat Pekerjaan Nasional,https://nasional.kompas.com/read/2026/09/05/21083461/ahy-akui-rakyat-masih-tertekan-harga-kebutuhan-hingga-sulit-dapat-pekerjaan
2026-09-06 02:45:11,Kompas.com Nasional,Nasional & Kebijakan,"Mendagri Tinjau Bedah Rumah di Bukit Duri, Minta Pemda Percepat Perbaikan Hunian Nasional",https://nasional.kompas.com/read/2026/09/05/21042341/mendagri-tinjau-bedah-rumah-di-bukit-duri-minta-pemda-percepat-perbaikan
2026-09-06 02:45:11,Kompas.com Nasional,Nasional & Kebijakan,"AHY: Demokrat Bagian dari Pemerintahan Prabowo, Tapi Harus Jujur Soal Kesulitan Rakyat Nasional",https://nasional.kompas.com/read/2026/09/05/20470791/ahy-demokrat-bagian-dari-pemerintahan-prabowo-tapi-harus-jujur-soal
2026-09-06 02:45:11,Kompas.com Nasional,Nasional & Kebijakan,"AHY: TNI-Polri, Intelijen hingga ASN Harus Netral di Setiap Pemilu Nasional",https://nasional.kompas.com/read/2026/09/05/20244431/ahy-tni-polri-intelijen-hingga-asn-harus-netral-di-setiap-pemilu
2026-09-06 02:45:11,Kompas.com Nasional,Nasional & Kebijakan,"Gandeng BKN Untuk CAT Calon Petugas Haji 2027, Kemenhaj: Proses Seleksi Transparan Nasional",https://nasional.kompas.com/read/2026/09/05/20035591/gandeng-bkn-untuk-cat-calon-petugas-haji-2027-kemenhaj-proses-seleksi
2026-09-06 02:45:11,Kompas.com Nasional,Nasional & Kebijakan,"Soal 8 WNI Jadi Tentara Rusia, Muzani: Tak Dibenarkan Bela Negara Lain, Apalagi Berperang Nasional",https://nasional.kompas.com/read/2026/09/05/19561151/soal-8-wni-jadi-tentara-rusia-muzani-tak-dibenarkan-bela-negara-lain-apalagi
2026-09-06 02:45:11,Kompas.com Nasional,Nasional & Kebijakan,Indonesia Klaim Selalu Penuhi Kewajiban Laporan Kabut Asap Karhutla ke ASEAN Nasional,https://nasional.kompas.com/read/2026/09/05/19002541/indonesia-klaim-selalu-penuhi-kewajiban-laporan-kabut-asap-karhutla-ke-asean
2026-09-06 02:45:11,Kompas.com Nasional,Nasional & Kebijakan,Koalisi Sipil Desak MA-KY Periksa Putusan Banding Prajurit TNI Penyiram Air Keras Andrie Yunus Nasional,https://nasional.kompas.com/read/2026/09/05/18320871/koalisi-sipil-desak-ma-ky-periksa-putusan-banding-prajurit-tni-penyiram-air
2026-09-06 02:45:11,Kompas.com Nasional,Nasional & Kebijakan,"Hari Pelanggan Nasional, Hutama Karya Hadirkan Cek Kesehatan Gratis hingga Diskon Tarif 10 Persen untuk Pengendara JTTS Nasional",https://nasional.kompas.com/read/2026/09/05/18104201/hari-pelanggan-nasional-hutama-karya-hadirkan-cek-kesehatan-gratis
2026-09-06 02:45:11,Kompas.com Nasional,Nasional & Kebijakan,"Asap Karhutla Ancam Satwa, Pemerintah Perkuat Satgas Penyelamatan Satwa Liar Nasional",https://nasional.kompas.com/read/2026/09/05/17474341/asap-karhutla-ancam-satwa-pemerintah-perkuat-satgas-penyelamatan-satwa-liar
2026-09-06 02:45:11,Kompas.com Nasional,Nasional & Kebijakan,Pertamina Kenalkan Bahan Bakar Pesawat dari Jelantah kepada Anak Muda di IdeaFest Nasional,https://nasional.kompas.com/read/2026/09/05/17285341/pertamina-kenalkan-bahan-bakar-pesawat-dari-jelantah-kepada-anak-muda-di
2026-09-06 02:45:11,Kompas.com Nasional,Nasional & Kebijakan,"Kemenhut Siapkan Call Center Penyelamatan Satwa Terdampak Karhutla, Terbuka 24 Jam Nasional",https://nasional.kompas.com/read/2026/09/05/17265171/kemenhut-siapkan-call-center-penyelamatan-satwa-terdampak-karhutla-terbuka
2026-09-06 02:45:11,Kompas.com Nasional,Nasional & Kebijakan,"Kunjungi Sekolah Rakyat di Tangerang, Wamensos Pesan Siswa Fokus Raih Masa Depan Nasional",https://nasional.kompas.com/read/2026/09/05/17193081/kunjungi-sekolah-rakyat-di-tangerang-wamensos-pesan-siswa-fokus-raih-masa
2026-09-06 02:45:11,Kompas.com Nasional,Nasional & Kebijakan,Pertamina Kenalkan Strategi Pertumbuhan Ganda dan Transisi Energi kepada Generasi Muda Nasional,https://nasional.kompas.com/read/2026/09/05/17170071/pertamina-kenalkan-strategi-pertumbuhan-ganda-dan-transisi-energi-kepada
2026-09-06 02:45:11,Kompas.com Nasional,Nasional & Kebijakan,Ketum PBNU Harap NU Jaga Hubungan dengan Gontor untuk Bangun Indonesia Lebih Baik Nasional,https://nasional.kompas.com/read/2026/09/05/17050471/ketum-pbnu-harap-nu-jaga-hubungan-dengan-gontor-untuk-bangun-indonesia-lebih
2026-09-06 02:45:11,Kompas.com Nasional,Nasional & Kebijakan,"Belum Tetapkan Kepengurusan, Ketum PBNU: Ini kan Baru Hari Kelima.. Nasional",https://nasional.kompas.com/read/2026/09/05/16450171/belum-tetapkan-kepengurusan-ketum-pbnu-ini-kan-baru-hari-kelima
2026-09-06 02:45:11,Kompas.com Nasional,Nasional & Kebijakan,Pimpinan Komisi IX DPR: Kepala SPPG Paling Bertanggung Jawab dalam Keracunan MBG Nasional,https://nasional.kompas.com/read/2026/09/05/16212791/pimpinan-komisi-ix-dpr-kepala-sppg-paling-bertanggung-jawab-dalam-keracunan
2026-09-06 02:45:11,Kompas.com Nasional,Nasional & Kebijakan,"1 Fadia Arafiq Mengaku Keuangan Minus dan Punya Utang Saat Jadi Bupati, Klaim Tak Cari Uang dari Jabatan Regional",https://regional.kompas.com/read/2026/09/05/073016478/fadia-arafiq-mengaku-keuangan-minus-dan-punya-utang-saat-jadi-bupati-klaim
2026-09-06 02:45:11,Kompas.com Nasional,Nasional & Kebijakan,"2 Profil Hangabehi, Putra Tertua PB XIII yang Naik Takhta Jadi Raja Keraton Solo Regional",https://regional.kompas.com/read/2026/09/05/130143278/profil-hangabehi-putra-tertua-pb-xiii-yang-naik-takhta-jadi-raja-keraton
2026-09-06 02:45:11,Kompas.com Nasional,Nasional & Kebijakan,3 Pembunuh Mozza Ditangkap saat Lagi Nonton Voli Regional,https://regional.kompas.com/read/2026/09/05/105905478/pembunuh-mozza-ditangkap-saat-lagi-nonton-voli
2026-09-06 02:45:11,Kompas.com Nasional,Nasional & Kebijakan,4 Menteri HAM Pigai Dorong Pengajuan Kasasi atas Vonis Banding 2 Anggota TNI Penyiram Andrie Yunus Nasional,https://nasional.kompas.com/read/2026/09/05/13180161/menteri-ham-pigai-dorong-pengajuan-kasasi-atas-vonis-banding-2-anggota-tni
2026-09-06 02:45:11,Kompas.com Nasional,Nasional & Kebijakan,"5 Dentuman Misterius Terdengar di Banten hingga Bandung, PVMBG: Diduga Erupsi Gunung Anak Krakatau Bandung",https://bandung.kompas.com/read/2026/09/05/080735778/dentuman-misterius-terdengar-di-banten-hingga-bandung-pvmbg-diduga-erupsi
2026-09-06 02:45:11,Kompas.com Nasional,Nasional & Kebijakan,"6 India Minta Warganya Tak Tangkap Ikan ""Aneh"" Usai Banjir Nepal Internasional",https://internasional.kompas.com/read/2026/09/05/145255470/india-minta-warganya-tak-tangkap-ikan-aneh-usai-banjir-nepal
2026-09-06 02:45:11,Kompas.com Nasional,Nasional & Kebijakan,"7 Polisi Sita Rp 11,6 Juta dari Rekening Tersangka Penggelapan Saldo TikTok Vilmei Megapolitan",https://megapolitan.kompas.com/read/2026/09/05/09310211/polisi-sita-rp-116-juta-dari-rekening-tersangka-penggelapan-saldo-tiktok
2026-09-06 02:45:11,Kompas.com Nasional,Nasional & Kebijakan,"8 Gunung Anak Krakatau Erupsi: Keluarkan Lava Air Mancur, Wisatawan Diminta Menjauh Regional",https://regional.kompas.com/read/2026/09/05/063554478/gunung-anak-krakatau-erupsi-keluarkan-lava-air-mancur-wisatawan-diminta
2026-09-06 02:45:11,Kompas.com Nasional,Nasional & Kebijakan,9 Saksi Mahkota Beberkan Aliran THR untuk Pejabat Forkopimda di Sidang Kasus Korupsi Bupati Cilacap Regional,https://regional.kompas.com/read/2026/09/05/162000978/saksi-mahkota-beberkan-aliran-thr-untuk-pejabat-forkopimda-di-sidang-kasus
2026-09-06 02:45:11,Kompas.com Nasional,Nasional & Kebijakan,10 Kedubes Rusia Sebut Tuduhan 8 WNI Jadi Tentara Negaranya Disinformasi Buatan Ukraina Nasional,https://nasional.kompas.com/read/2026/09/05/11573401/kedubes-rusia-sebut-tuduhan-8-wni-jadi-tentara-negaranya-disinformasi-buatan
2026-09-06 02:45:11,SINDOnews Nasional,Nasional & Politik,"Hankam Prabowo dan Dubes AS untuk ASEAN Bertemu di Hambalang, Bahas Stabilitas Kawasan",https://nasional.sindonews.com/read/1746727/14/prabowo-dan-dubes-as-untuk-asean-bertemu-di-hambalang-bahas-stabilitas-kawasan-1788617354
2026-09-06 02:45:11,SINDOnews Nasional,Nasional & Politik,"AHY: Demokrat Bagian Pemerintahan Prabowo, Tapi Tetap Jujur Terhadap Kenyataan Rakyat",https://nasional.sindonews.com/read/1746733/12/ahy-demokrat-bagian-pemerintahan-prabowo-tapi-tetap-jujur-terhadap-kenyataan-rakyat-1788620946
2026-09-06 02:45:11,SINDOnews Nasional,Nasional & Politik,"Prabowo Perintahkan Penertiban Kawasan Hutan Dilakukan Tegas, Transparan, dan Akuntabel",https://nasional.sindonews.com/read/1746511/13/prabowo-perintahkan-penertiban-kawasan-hutan-dilakukan-tegas-transparan-dan-akuntabel-1788566944
2026-09-06 02:45:11,SINDOnews Nasional,Nasional & Politik,Politik AHY: Kekuasaan Bukan Milik Seseorang untuk Selamanya,https://nasional.sindonews.com/read/1746749/12/ahy-kekuasaan-bukan-milik-seseorang-untuk-selamanya-1788624571
2026-09-06 02:45:11,SINDOnews Nasional,Nasional & Politik,Hukum Imigrasi Tangkap 55 WNA Asal China karena Penyalahgunaan Izin Tinggal,https://nasional.sindonews.com/read/1746755/13/imigrasi-tangkap-55-wna-asal-china-karena-penyalahgunaan-izin-tinggal-1788624563
2026-09-06 02:45:11,SINDOnews Nasional,Nasional & Politik,Hukum LBH Gema Keadilan Siapkan Rekomendasi ke Komisi III DPR Terkait RUU Perampasan Aset,https://nasional.sindonews.com/read/1746745/13/lbh-gema-keadilan-siapkan-rekomendasi-ke-komisi-iii-dpr-terkait-ruu-perampasan-aset-1788620941
2026-09-06 02:45:11,SINDOnews Nasional,Nasional & Politik,"Humaniora Hadiri HBM ke 13, KSP Dudung Ingatkan Pesan KH Ahmad Dahlan",https://nasional.sindonews.com/read/1746737/15/hadiri-hbm-ke-13-ksp-dudung-ingatkan-pesan-kh-ahmad-dahlan-1788620979
2026-09-06 02:45:11,SINDOnews Nasional,Nasional & Politik,Humaniora Gus Nabil: Industrialisasi Pencak Silat Penting Agar Tembus Olimpiade,https://nasional.sindonews.com/read/1746731/15/gus-nabil-industrialisasi-pencak-silat-penting-agar-tembus-olimpiade-1788617384
2026-09-06 02:45:11,SINDOnews Nasional,Nasional & Politik,Hukum 7 Pertimbangan Hakim Batalkan Pemecatan Prajurit TNI Penyiram Air Keras Andrie Yunus,https://nasional.sindonews.com/read/1746705/13/7-pertimbangan-hakim-batalkan-pemecatan-prajurit-tni-penyiram-air-keras-andrie-yunus-1788613773
2026-09-06 02:45:11,SINDOnews Nasional,Nasional & Politik,Humaniora Agus Andrianto Pastikan Percepatan Pemulangan 46 PMI Bermasalah dari Malaysia,https://nasional.sindonews.com/read/1746699/15/agus-andrianto-pastikan-percepatan-pemulangan-46-pmi-bermasalah-dari-malaysia-1788610178
2026-09-06 02:45:11,SINDOnews Nasional,Nasional & Politik,Humaniora BPOM Siap Siaga Hadapi Ancaman Pandemi Masa Depan,https://nasional.sindonews.com/read/1746695/15/bpom-siap-siaga-hadapi-ancaman-pandemi-masa-depan-1788610151
2026-09-06 02:45:11,SINDOnews Nasional,Nasional & Politik,Hukum Haris Azhar: RUU Perampasan Aset Tak Boleh Berpaku pada Latar Belakang Yuridis,https://nasional.sindonews.com/read/1746689/13/haris-azhar-ruu-perampasan-aset-tak-boleh-berpaku-pada-latar-belakang-yuridis-1788610141
2026-09-06 02:45:11,SINDOnews Nasional,Nasional & Politik,Humaniora Mensos Jamin Perubahan Desil Tak Otomatis Coret Bansos,https://nasional.sindonews.com/read/1746683/15/mensos-jamin-perubahan-desil-tak-otomatis-coret-bansos-1788610157
2026-09-06 02:45:11,SINDOnews Nasional,Nasional & Politik,"1 Politik Survei: Publik Minta Reshuffle Kabinet, Sejumlah Nama Dinilai Cocok Masuk Kabinet",https://nasional.sindonews.com/read/1746429/12/survei-publik-minta-reshuffle-kabinet-sejumlah-nama-dinilai-cocok-masuk-kabinet-1788523758
2026-09-06 02:45:11,SINDOnews Nasional,Nasional & Politik,"2 Politik Xanana Gusmao Kunjungi Jokowi, Menlu Sugiono: Kapasitas Pribadi, Bukan Kunjungan Kenegaraan",https://nasional.sindonews.com/read/1746543/12/xanana-gusmao-kunjungi-jokowi-menlu-sugiono-kapasitas-pribadi-bukan-kunjungan-kenegaraan-1788577793
2026-09-06 02:45:11,SINDOnews Nasional,Nasional & Politik,"3 Hukum Kasus Dugaan Korupsi MBG, Kejagung Sita Barang Mewah Milik Dadan Hindayana",https://nasional.sindonews.com/read/1746433/13/kasus-dugaan-korupsi-mbg-kejagung-sita-barang-mewah-milik-dadan-hindayana-1788523777
2026-09-06 02:45:11,SINDOnews Nasional,Nasional & Politik,"4 Hukum 2 Prajurit TNI Penyiram Air Keras Andrie Yunus Batal Dipecat, Hakim Banding Ringankan Vonis",https://nasional.sindonews.com/read/1746459/13/2-prajurit-tni-penyiram-air-keras-andrie-yunus-batal-dipecat-hakim-banding-ringankan-vonis-1788527387
2026-09-06 02:45:11,SINDOnews Nasional,Nasional & Politik,5 Hukum Pakar Hukum Sebut Penetapan Tersangka Febrie Adriansyah Tak Boleh Menabrak Perlindungan HAM,https://nasional.sindonews.com/read/1746437/13/pakar-hukum-sebut-penetapan-tersangka-febrie-adriansyah-tak-boleh-menabrak-perlindungan-ham-1788523798
2026-09-06 02:45:11,SINDOnews Nasional,Nasional & Politik,Hukum Menteri Imipas: Indonesia dan Malaysia Perkuat Sinergi Lindungi PMI,https://nasional.sindonews.com/read/1746679/13/menteri-imipas-indonesia-dan-malaysia-perkuat-sinergi-lindungi-pmi-1788606581
2026-09-06 02:45:11,SINDOnews Nasional,Nasional & Politik,"Humaniora Jelang 100 Tahun Ponpes Gontor, Gus Kikin Harap Hubungan dengan NU Kian Harmonis",https://nasional.sindonews.com/read/1746677/15/jelang-100-tahun-ponpes-gontor-gus-kikin-harap-hubungan-dengan-nu-kian-harmonis-1788606548
2026-09-06 02:45:11,SINDOnews Nasional,Nasional & Politik,"Humaniora Gelar Munas ke-VIII, PSMTI Perteguh Kebinekaan dan Perluas Kontribusi Bagi Bangsa",https://nasional.sindonews.com/read/1746675/15/gelar-munas-ke-viii-psmti-perteguh-kebinekaan-dan-perluas-kontribusi-bagi-bangsa-1788606599
2026-09-06 02:45:11,SINDOnews Nasional,Nasional & Politik,Humaniora Kemenhut dan Tim Gabungan Tetap Perkuat Pengendalian Karhutla di 6 Provinsi,https://nasional.sindonews.com/read/1746661/15/kemenhut-dan-tim-gabungan-tetap-perkuat-pengendalian-karhutla-di-6-provinsi-1788602992
2026-09-06 02:45:11,SINDOnews Nasional,Nasional & Politik,"Hukum Vonis Banding 2 Oknum TNI Penyiram Air Keras, Natalius Pigai Dorong Pengajuan Kasasi",https://nasional.sindonews.com/read/1746647/13/vonis-banding-2-oknum-tni-penyiram-air-keras-natalius-pigai-dorong-pengajuan-kasasi-1788599392
2026-09-06 02:45:11,SINDOnews Nasional,Nasional & Politik,Hankam Polri: Jumlah Tersangka Pelaku Karhutla Bertambah Jadi 113 Orang,https://nasional.sindonews.com/read/1746639/14/polri-jumlah-tersangka-pelaku-karhutla-bertambah-jadi-113-orang-1788599363
2026-09-06 02:45:11,SINDOnews Nasional,Nasional & Politik,"Hankam Polri Minta Tambahan Anggaran Rp66 Triliun di 2027, Lemkapi: Untuk Perkuat Keamanan",https://nasional.sindonews.com/read/1746637/14/polri-minta-tambahan-anggaran-rp66-triliun-di-2027-lemkapi-untuk-perkuat-keamanan-1788595768
2026-09-06 02:45:11,SINDOnews Nasional,Nasional & Politik,Politik PDIP Dorong RUU Perampasan Aset Sasar Kejahatan Perbankan dan Lainnya,https://nasional.sindonews.com/read/1746615/12/pdip-dorong-ruu-perampasan-aset-sasar-kejahatan-perbankan-dan-lainnya-1788595740
2026-09-06 02:45:11,SINDOnews Nasional,Nasional & Politik,"Laut Kita, Masa Depan Kita Arie Afriansyah",https://nasional.sindonews.com/read/1746561/18/laut-kita-masa-depan-kita-1788581391
2026-09-06 02:45:11,SINDOnews Nasional,Nasional & Politik,Dilema AI: Inefisiensi Anggaran dan Ancaman Cognitive Offloading dalam Industri Kreatif Imamul Masyhudi,https://nasional.sindonews.com/read/1746535/18/dilema-ai-inefisiensi-anggaran-dan-ancaman-cognitive-offloading-dalam-industri-kreatif-1788574175
2026-09-06 02:45:11,SINDOnews Nasional,Nasional & Politik,Mengapa Kita Mudah Bermusuhan? Rena Latifa,https://nasional.sindonews.com/read/1746245/18/mengapa-kita-mudah-bermusuhan-1788491376
2026-09-06 02:45:11,SINDOnews Nasional,Nasional & Politik,Satu Dasawarsa Hari Santri Nasional: Mengawal Janji Pro-Santri Prabowo-Gibran,https://nasional.sindonews.com/read/1476583/16/satu-dasawarsa-hari-santri-nasional-mengawal-janji-pro-santri-prabowo-gibran-1729559402
2026-09-06 02:45:11,SINDOnews Nasional,Nasional & Politik,Kapal BHO untuk Perkuat Pertahanan Laut,https://nasional.sindonews.com/read/1472875/16/kapal-bho-untuk-perkuat-pertahanan-laut-1728918652
2026-09-06 02:45:11,SINDOnews Nasional,Nasional & Politik,"Kapal OPV, Bukti Kapasitas Industri Pertahanan Swasta",https://nasional.sindonews.com/read/1468545/16/kapal-opv-bukti-kapasitas-industri-pertahanan-swasta-1728220250
2026-09-06 02:45:11,iNews Nasional,Peristiwa & Hukum,Nasional 7 Alasan Hakim Batalkan Pemecatan 2 Prajurit TNI Penyiram Air Keras Andrie Yunus,https://www.inews.id/news/nasional/7-alasan-hakim-batalkan-pemecatan-2-prajurit-tni-penyiram-air-keras-andrie-yunus
2026-09-06 02:45:11,iNews Nasional,Peristiwa & Hukum,"Nasional Prabowo Bertemu Dubes AS untuk ASEAN di Hambalang, Apa yang Dibahas?",https://www.inews.id/news/nasional/prabowo-bertemu-dubes-as-untuk-asean-di-hambalang-apa-yang-dibahas
2026-09-06 02:45:11,iNews Nasional,Peristiwa & Hukum,"Nasional KAI Buka Rekrutmen untuk Lulusan SLTA hingga S1, Ini Syarat dan Cara Daftarnya!",https://www.inews.id/news/nasional/kai-buka-rekrutmen-untuk-lulusan-slta-hingga-s1-ini-syarat-dan-cara-daftarnya
2026-09-06 02:45:11,iNews Nasional,Peristiwa & Hukum,"Nasional Karhutla Masih Dominasi Bencana, Riau Paling Luas Capai 18.882 Hektare",https://www.inews.id/news/nasional/karhutla-masih-dominasi-bencana-riau-paling-luas-capai-18882-hektare
2026-09-06 02:45:11,iNews Nasional,Peristiwa & Hukum,"Nasional 113 Orang Jadi Tersangka Karhutla, Riau Paling Banyak",https://www.inews.id/news/nasional/113-orang-jadi-tersangka-karhutla-riau-paling-banyak
2026-09-06 02:45:11,iNews Nasional,Peristiwa & Hukum,"Nasional 3 jam lalu Energi Panas Bumi Gunung Salak Punya Potensi Baru, Apa Itu?",https://www.inews.id/news/nasional/energi-panas-bumi-gunung-salak-punya-potensi-baru-apa-itu
2026-09-06 02:45:11,iNews Nasional,Peristiwa & Hukum,Nasional 5 jam lalu Gus Ipul soal Perubahan Desil DTSEN: Bukan Berarti Bansos Dicoret,https://www.inews.id/news/nasional/gus-ipul-soal-perubahan-desil-dtsen-bukan-berarti-bansos-dicoret
2026-09-06 02:45:11,iNews Nasional,Peristiwa & Hukum,"Nasional 5 jam lalu Perkuat Silaturahmi, Wali Kota Pekanbaru Ajak Ulama dan Santri Doakan Indonesia Terbebas dari Karhutla",https://www.inews.id/news/nasional/perkuat-silaturahmi-wali-kota-pekanbaru-ajak-ulama-dan-santri-doakan-indonesia-terbebas-dari-karhutla
2026-09-06 02:45:11,iNews Nasional,Peristiwa & Hukum,"Nasional 7 jam lalu Polda Sumsel Kerahkan 1.000 Personel Padamkan Karhutla di Muara Enim, Pakai Formula X-Fire",https://www.inews.id/news/nasional/polda-sumsel-kerahkan-1000-personel-padamkan-karhutla-di-muara-enim-pakai-formula-x-fire
2026-09-06 02:45:11,iNews Nasional,Peristiwa & Hukum,Nasional 7 jam lalu Imigrasi Tahan 55 WN China Diduga Kerja di Proyek Data Center BSD,https://www.inews.id/news/nasional/imigrasi-tahan-55-wn-china-diduga-kerja-di-proyek-data-center-bsd
2026-09-06 02:45:11,iNews Nasional,Peristiwa & Hukum,"Nasional Prabowo Kumpulkan Satgas PKH di Hambalang, Terima Laporan soal Pelanggaran Kawasan Hutan",https://www.inews.id/news/nasional/prabowo-kumpulkan-satgas-pkh-di-hambalang-terima-laporan-soal-pelanggaran-kawasan-hutan
2026-09-06 02:45:11,iNews Nasional,Peristiwa & Hukum,"Nasional Daftar Harga BBM Pertamina 5 September 2026, Lengkap Pertalite hingga Pertamax",https://www.inews.id/news/nasional/daftar-harga-bbm-pertamina-5-september-2026-lengkap-pertalite-hingga-pertamax
2026-09-06 02:45:11,iNews Nasional,Peristiwa & Hukum,Nasional 35 Link Pengganti Rebahin dan LK21 untuk Nonton Film Sub Indo Terbaru,https://www.inews.id/news/nasional/35-link-pengganti-rebahin-dan-lk21-untuk-nonton-film-sub-indo-terbaru
2026-09-06 02:45:11,iNews Nasional,Peristiwa & Hukum,"Nasional Erupsi Gunung Anak Krakatau Picu Dentuman, BNPB Minta Masyarakat Tak Panik",https://www.inews.id/news/nasional/erupsi-gunung-anak-krakatau-picu-dentuman-bnpb-minta-masyarakat-tak-panik
2026-09-06 02:45:11,iNews Nasional,Peristiwa & Hukum,"Nasional Gus Kikin Pastikan Ada Orang Lama di PBNU 2026-2031, Tunjuk Gus Gudfan Jadi Bendum",https://www.inews.id/news/nasional/gus-kikin-pastikan-ada-orang-lama-di-pbnu-2026-2031-tunjuk-gus-gudfan-jadi-bendum
2026-09-06 02:45:11,iNews Nasional,Peristiwa & Hukum,"Nasional 8 jam lalu Dituduh Lakukan Pelecehan, Dokter Muhammad Iqbal Berdalih Masalah Pribadi Bukan Profesi",https://www.inews.id/news/nasional/dituduh-lakukan-pelecehan-dokter-muhammad-iqbal-berdalih-masalah-pribadi-bukan-profesi
2026-09-06 02:45:11,iNews Nasional,Peristiwa & Hukum,"Nasional 8 jam lalu BMKG Ungkap Dentuman Misterius di Bandung Bukan dari Gempa, Ini Hasil Analisisnya",https://www.inews.id/news/nasional/bmkg-ungkap-dentuman-misterius-di-bandung-bukan-dari-gempa-ini-hasil-analisisnya
2026-09-06 02:45:11,iNews Nasional,Peristiwa & Hukum,"Nasional 8 jam lalu Hujan Berhasil Turun, BMKG Perpanjang Operasi Modifikasi Cuaca di Kalimantan",https://www.inews.id/news/nasional/hujan-berhasil-turun-bmkg-perpanjang-operasi-modifikasi-cuaca-di-kalimantan
2026-09-06 02:45:11,iNews Nasional,Peristiwa & Hukum,Nasional 8 jam lalu Dokter Muhammad Iqbal Akhirnya Buka Suara terkait Kasus Dugaan Pelecehan di Media Sosial,https://www.inews.id/news/nasional/dokter-muhammad-iqbal-akhirnya-buka-suara-terkait-kasus-dugaan-pelecehan-di-media-sosial
2026-09-06 02:45:11,iNews Nasional,Peristiwa & Hukum,"Nasional 10 jam lalu Vonis 2 Prajurit TNI Penyiram Air Keras Andrie Yunus Dipangkas, Menteri Pigai Minta Kasasi hingga PK",https://www.inews.id/news/nasional/vonis-2-prajurit-tni-penyiram-air-keras-andrie-yunus-dipangkas-menteri-pigai-minta-kasasi-hingga-pk
2026-09-06 02:45:11,iNews Nasional,Peristiwa & Hukum,"Nasional 10 jam lalu Gunung Sinabung Naik Level Siaga, BNPB Minta Warga Mengungsi",https://www.inews.id/news/nasional/gunung-sinabung-naik-level-siaga-bnpb-minta-warga-mengungsi
2026-09-06 02:45:11,iNews Nasional,Peristiwa & Hukum,Nasional 11 jam lalu WUB dan IKM Maluku Utara Didorong Naik Kelas Lewat Tjipta UMKM Fair,https://www.inews.id/news/nasional/wub-dan-ikm-maluku-utara-didorong-naik-kelas-lewat-tjipta-umkm-fair
2026-09-06 02:45:11,iNews Nasional,Peristiwa & Hukum,Nasional 11 jam lalu Menteri Pigai Protes Vonis Banding 2 Prajurit TNI Pelaku Penyiram Air Keras,https://www.inews.id/news/nasional/menteri-pigai-protes-vonis-banding-2-prajurit-tni-pelaku-penyiram-air-keras
2026-09-06 02:45:11,iNews Nasional,Peristiwa & Hukum,Nasional 12 jam lalu Gus Kikin Ngaku Sudah Punya Rancangan Struktur Pengurus PBNU: Segera Kita Selesaikan,https://www.inews.id/news/nasional/gus-kikin-ngaku-sudah-punya-rancangan-struktur-pengurus-pbnu-segera-kita-selesaikan
2026-09-06 02:45:11,iNews Nasional,Peristiwa & Hukum,"Nasional 13 jam lalu Bidik Kursi Senayan 2029, Partai Perindo Tunjuk Mantan Wawali Tarakan Pimpin Kaltara",https://www.inews.id/news/nasional/bidik-kursi-senayan-2029-partai-perindo-tunjuk-mantan-wawali-tarakan-pimpin-kaltara
2026-09-06 02:45:11,iNews Nasional,Peristiwa & Hukum,"Nasional 14 jam lalu Partai Perindo Sebut Evaluasi Batas Bebas Pajak UMKM Langkah Positif, Dorong Usaha Naik Kelas",https://www.inews.id/news/nasional/partai-perindo-sebut-evaluasi-batas-bebas-pajak-umkm-langkah-positif-dorong-usaha-naik-kelas
2026-09-06 02:45:11,iNews Nasional,Peristiwa & Hukum,"Nasional 15 jam lalu Kadin Soroti Restitusi Pajak Lama Cair, Bisa Berdampak ke Arus Kas Perusahaan",https://www.inews.id/news/nasional/kadin-soroti-restitusi-pajak-lama-cair-bisa-berdampak-ke-arus-kas-perusahaan
2026-09-06 02:45:11,iNews Nasional,Peristiwa & Hukum,"Nasional 15 jam lalu Menlu Sugiono Dalami Informasi 8 WNI Direkrut Jadi Tentara Rusia, Singgung Hak Konsuler",https://www.inews.id/news/nasional/menlu-sugiono-dalami-informasi-8-wni-direkrut-jadi-tentara-rusia-singgung-hak-konsuler
2026-09-06 02:45:11,iNews Nasional,Peristiwa & Hukum,"Nasional 16 jam lalu Menlu Sugiono soal PM Timor Leste Bertemu Jokowi: Kunjungan Pribadi, Bukan Kenegaraan",https://www.inews.id/news/nasional/menlu-sugiono-soal-pm-timor-leste-bertemu-jokowi-kunjungan-pribadi-bukan-kenegaraan
2026-09-06 02:45:11,iNews Nasional,Peristiwa & Hukum,"Nasional 16 jam lalu Kemenkes Ungkap 34.961 Anak dan Remaja Terindikasi Depresi, Kenali Gejalanya",https://www.inews.id/news/nasional/kemenkes-ungkap-34961-anak-dan-remaja-terindikasi-depresi-kenali-gejalanya
2026-09-06 02:45:11,iNews Nasional,Peristiwa & Hukum,"Nasional 16 jam lalu Dentuman Misterius Terdengar di Bandung, Badan Geologi: Diduga Erupsi Gunung Anak Krakatau",https://www.inews.id/news/nasional/dentuman-misterius-terdengar-di-bandung-badan-geologi-diduga-erupsi-gunung-anak-krakatau
2026-09-06 02:45:11,iNews Nasional,Peristiwa & Hukum,"Nasional 17 jam lalu Momen PM Timor Leste Xanana Gusmao Bertemu Jokowi, Nyanyi Bengawan Solo Diiringi Keroncong",https://www.inews.id/news/nasional/momen-pm-timor-leste-xanana-gusmao-bertemu-jokowi-nyanyi-bengawan-solo-diiringi-keroncong
2026-09-06 02:45:11,Liputan6 News,Hukum & Politik,Identitas Satu Keluarga Tewas Akibat Tabrakan Beruntun di Kembangan,https://www.liputan6.com/news/read/8285577/identitas-satu-keluarga-tewas-akibat-tabrakan-beruntun-di-kembangan
2026-09-06 02:45:11,Liputan6 News,Hukum & Politik,"Kesaksian Warga, Tabrakan Beruntun di Kembangan Dipicu Mobil Listrik",https://www.liputan6.com/news/read/8285574/kesaksian-warga-tabrakan-beruntun-di-kembangan-dipicu-mobil-listrik
2026-09-06 02:45:11,Liputan6 News,Hukum & Politik,"Daftar Kendaraan Kecelakaan di Kembangan, Sekeluarga Tewas Naik Motor",https://www.liputan6.com/news/read/8285567/daftar-kendaraan-kecelakaan-di-kembangan-sekeluarga-tewas-naik-motor
2026-09-06 02:45:11,Liputan6 News,Hukum & Politik,Kronologi Kecelakaan Beruntun di Kembangan Sebabkan Sekeluarga Tewas,https://www.liputan6.com/news/read/8285557/kronologi-kecelakaan-beruntun-di-kembangan-sebabkan-sekeluarga-tewas
2026-09-06 02:45:11,Liputan6 News,Hukum & Politik,"Kecelakaan Beruntun di Kembangan, Satu Keluarga Tewas",https://www.liputan6.com/news/read/8285549/kecelakaan-beruntun-di-kembangan-satu-keluarga-tewas
2026-09-06 02:45:11,Liputan6 News,Hukum & Politik,Di Balik Pertemuan Prabowo dengan Dubes AS di Hambalang,https://www.liputan6.com/news/read/8285548/di-balik-pertemuan-prabowo-dengan-dubes-as-di-hambalang
2026-09-06 02:45:11,Liputan6 News,Hukum & Politik,Menhut Minta Tetap Waspada Kebakaran Hutan Meski Titik Panas Menurun,https://www.liputan6.com/news/read/8285480/menhut-minta-tetap-waspada-kebakaran-hutan-meski-titik-panas-menurun
2026-09-06 02:45:11,Liputan6 News,Hukum & Politik,Mendagri Dorong Pemda Percepat Program Bedah Rumah,https://www.liputan6.com/news/read/8285472/mendagri-dorong-pemda-percepat-program-bedah-rumah
2026-09-06 02:45:11,Liputan6 News,Hukum & Politik,"Koper WN Sri Lanka Dibuka, 101 Burung Ditemukan",https://www.liputan6.com/news/read/8285465/koper-wn-sri-lanka-dibuka-101-burung-ditemukan
2026-09-06 02:45:11,Liputan6 News,Hukum & Politik,Langkah Kemenhut Agar Orangutan Terhindar Asap Kebakaran Hutan,https://www.liputan6.com/news/read/8285418/langkah-kemenhut-agar-orangutan-terhindar-asap-kebakaran-hutan
2026-09-06 02:45:11,Liputan6 News,Hukum & Politik,"Kasus Vilmei, Terungkap Saldo TikTok Dipakai Bayar Kos hingga Cicilan Kendaraan",https://www.liputan6.com/news/read/8285394/kasus-vilmei-terungkap-saldo-tiktok-dipakai-bayar-kos-hingga-cicilan-kendaraan
2026-09-06 02:45:11,Liputan6 News,Hukum & Politik,Asap Kebakaran Hutan Kalimantan Buat 21 Orangutan Jatuh Sakit,https://www.liputan6.com/news/read/8285384/asap-kebakaran-hutan-kalimantan-buat-21-orangutan-jatuh-sakit
2026-09-06 02:45:11,Liputan6 News,Hukum & Politik,Pramono Terbitkan Pergub Penyesuaian Tarif Layanan Kesehatan Jakarta,https://www.liputan6.com/news/read/8285362/pramono-terbitkan-pergub-penyesuaian-tarif-layanan-kesehatan-jakarta
2026-09-06 02:45:11,Liputan6 News,Hukum & Politik,Cerita Warga Melihat Detik-detik Erupsi Anak Krakatau,https://www.liputan6.com/news/read/8285306/cerita-warga-melihat-detik-detik-erupsi-anak-krakatau
2026-09-06 02:45:11,Liputan6 News,Hukum & Politik,Gerakan 1.000 Angkringan Sido Muncul Bekali Pelaku Usaha agar Jamu Makin Dikenal,https://www.liputan6.com/news/read/8284606/gerakan-1000-angkringan-sido-muncul-bekali-pelaku-usaha-agar-jamu-makin-dikenal
2026-09-06 02:45:11,Liputan6 News,Hukum & Politik,Prabowo Minta Penertiban Kawasan Hutan Transparan,https://www.liputan6.com/news/read/8285144/prabowo-minta-penertiban-kawasan-hutan-transparan
2026-09-06 02:45:11,Liputan6 News,Hukum & Politik,"Prabowo Undang Dunia Usaha Rusia: Datang ke Indonesia, Bekerja Bersama Kami",https://www.liputan6.com/news/read/8284160/prabowo-undang-dunia-usaha-rusia-datang-ke-indonesia-bekerja-bersama-kami
2026-09-06 02:45:11,Liputan6 News,Hukum & Politik,Prabowo Ungkap Alasan Indonesia dan Rusia Cocok Kerja sama,https://www.liputan6.com/news/read/8284045/prabowo-ungkap-alasan-indonesia-dan-rusia-cocok-kerja-sama
2026-09-06 02:45:11,Liputan6 News,Hukum & Politik,Abraham Samad: Indonesia Butuh Grand Design Pemberantasan Korupsi,https://www.liputan6.com/news/read/8285303/abraham-samad-indonesia-butuh-grand-design-pemberantasan-korupsi
2026-09-06 02:45:11,Liputan6 News,Hukum & Politik,"Anak Krakatau Erupsi, Penyeberangan Bakauheni-Merak Masih Normal",https://www.liputan6.com/news/read/8285279/anak-krakatau-erupsi-penyeberangan-bakauheni-merak-masih-normal
2026-09-06 02:45:11,Liputan6 News,Hukum & Politik,"Dentuman Erupsi Anak Krakatau Bisa Terdengar Ratusan Kilometer, Ini Penjelasannya",https://www.liputan6.com/news/read/8285271/dentuman-erupsi-anak-krakatau-bisa-terdengar-ratusan-kilometer-ini-penjelasannya
2026-09-06 02:45:11,Liputan6 News,Hukum & Politik,Cerita Warga Pandeglang Saat Dentuman Anak Krakatau Bikin Jendela Bergetar,https://www.liputan6.com/news/read/8285259/cerita-warga-pandeglang-saat-dentuman-anak-krakatau-bikin-jendela-bergetar
2026-09-06 02:45:11,Liputan6 News,Hukum & Politik,"Anak Krakatau Erupsi Menerus, Jauhi Radius 3 Kilometer",https://www.liputan6.com/news/read/8285258/anak-krakatau-erupsi-menerus-jauhi-radius-3-kilometer
2026-09-06 02:45:11,Liputan6 News,Hukum & Politik,Badan Geologi Pastikan Erupsi Anak Krakatau Tak Picu Tsunami,https://www.liputan6.com/news/read/8285246/badan-geologi-pastikan-erupsi-anak-krakatau-tak-picu-tsunami
2026-09-06 02:45:11,Liputan6 News,Hukum & Politik,Kesaksian Warga Bandung dan Cimahi Saat Dengar Dentuman,https://www.liputan6.com/news/read/8285233/kesaksian-warga-bandung-dan-cimahi-saat-dengar-dentuman
2026-09-06 02:45:11,Liputan6 News,Hukum & Politik,"BMKG Sebut Dentuman di Bandung Tak Terkait Erupsi Anak Krakatau, Ini Alasannya",https://www.liputan6.com/news/read/8285220/bmkg-sebut-dentuman-di-bandung-tak-terkait-erupsi-anak-krakatau-ini-alasannya
2026-09-06 02:45:11,Liputan6 News,Hukum & Politik,"Sinabung Siaga, Warga Karo Diminta Segera Mengungsi",https://www.liputan6.com/news/read/8285206/sinabung-siaga-warga-karo-diminta-segera-mengungsi
2026-09-06 02:45:11,Liputan6 News,Hukum & Politik,Bareskrim Ungkap Motif Pembakaran Hutan,https://www.liputan6.com/news/read/8285197/bareskrim-ungkap-motif-pembakaran-hutan
2026-09-06 02:45:11,Liputan6 News,Hukum & Politik,"Anak Krakatau Erupsi, BNPB Minta Warga Banten-Lampung Tak Panik Isu Tsunami",https://www.liputan6.com/news/read/8285193/anak-krakatau-erupsi-bnpb-minta-warga-banten-lampung-tak-panik-isu-tsunami
2026-09-06 02:45:11,Liputan6 News,Hukum & Politik,BMKG Ungkap Dugaan Penyebab Dentuman di Bandung-Sumedang,https://www.liputan6.com/news/read/8285166/bmkg-ungkap-dugaan-penyebab-dentuman-di-bandung-sumedang
2026-09-06 02:45:11,Liputan6 News,Hukum & Politik,Dentuman Misterius Terdengar di Bandung hingga Sumedang,https://www.liputan6.com/news/read/8285161/dentuman-misterius-terdengar-di-bandung-hingga-sumedang
2026-09-06 02:45:11,Liputan6 News,Hukum & Politik,Cerita Kepanikan Pemancing Lihat Erupsi Anak Krakatau Tengah Malam,https://www.liputan6.com/news/read/8285156/cerita-kepanikan-pemancing-lihat-erupsi-anak-krakatau-tengah-malam
2026-09-06 02:45:11,Liputan6 News,Hukum & Politik,Polisi Bongkar Jejak Uang Kasus Vilmei,https://www.liputan6.com/news/read/8285148/polisi-bongkar-jejak-uang-kasus-vilmei
2026-09-06 02:45:11,Liputan6 News,Hukum & Politik,Kebakaran Lapak di Srengseng Jakbar,https://www.liputan6.com/news/read/8285136/kebakaran-lapak-di-srengseng-jakbar
2026-09-06 02:45:11,Liputan6 News,Hukum & Politik,Anak Krakatau Erupsi Beruntun,https://www.liputan6.com/news/read/8285134/anak-krakatau-erupsi-beruntun
2026-09-06 02:45:11,Liputan6 News,Hukum & Politik,Sopir Taksi Diduga Bakar Angkringan,https://www.liputan6.com/news/read/8285113/sopir-taksi-diduga-bakar-angkringan
2026-09-06 02:45:11,Liputan6 News,Hukum & Politik,Kejagung Sita Rolex hingga Ratusan Ribu Dolar Dadan Hidayana Cs,https://www.liputan6.com/news/read/8285100/kejagung-sita-rolex-hingga-ratusan-ribu-dolar-dadan-hidayana-cs
2026-09-06 02:45:11,Liputan6 News,Hukum & Politik,Penjelasan Polisi Tak Blokade Demo PBRI Dekat Bundaran HI,https://www.liputan6.com/news/read/8285096/penjelasan-polisi-tak-blokade-demo-pbri-dekat-bundaran-hi
2026-09-06 02:45:11,Liputan6 News,Hukum & Politik,"KJP Plus Tahap 2 Cair, Ada Temuan Soal Mobil dan Rumah Rp 1 Miliar",https://www.liputan6.com/news/read/8285074/kjp-plus-tahap-2-cair-ada-temuan-soal-mobil-dan-rumah-rp-1-miliar
2026-09-06 02:45:11,Liputan6 News,Hukum & Politik,7 Catatan Kubu Andrie Yunus Usai 2 TNI Dihukum Ringan dan Tak Dipecat,https://www.liputan6.com/news/read/8285062/7-catatan-kubu-andrie-yunus-usai-2-tni-dihukum-ringan-dan-tak-dipecat
2026-09-06 02:45:11,Liputan6 News,Hukum & Politik,Transjakarta 'Jalur Langit' Hanya Sampai Halte JORR Imbas Truk Mogok,https://www.liputan6.com/news/read/8285021/transjakarta-jalur-langit-hanya-sampai-halte-jorr-imbas-truk-mogok
2026-09-06 02:45:11,Liputan6 News,Hukum & Politik,Siswa SMP di Nabire Pembunuh Mantan Pacar Dihukum 10 Tahun,https://www.liputan6.com/news/read/8285000/siswa-smp-di-nabire-pembunuh-mantan-pacar-dihukum-10-tahun
2026-09-06 02:45:11,Liputan6 News,Hukum & Politik,Cerita Kepanikan Penghuni Dapat Kabar Apartemen Pavilion Kebakaran,https://www.liputan6.com/news/read/8284984/cerita-kepanikan-penghuni-dapat-kabar-apartemen-pavilion-kebakaran
2026-09-06 02:45:11,Liputan6 News,Hukum & Politik,Tersangka Kasus Kebakaran Hutan Bertambah Jadi 112 Orang,https://www.liputan6.com/news/read/8284976/tersangka-kasus-kebakaran-hutan-bertambah-jadi-112-orang
2026-09-06 02:45:11,Liputan6 News,Hukum & Politik,Hukuman 2 TNI Kasus Andrie Yunus Dipangkas dan Batal Dipecat,https://www.liputan6.com/news/read/8284952/hukuman-2-tni-kasus-andrie-yunus-dipangkas-dan-batal-dipecat
2026-09-06 02:45:11,Liputan6 News,Hukum & Politik,Cerita Evakuasi Korban Kebakaran Pavilion Pakai Skylift,https://www.liputan6.com/news/read/8284929/cerita-evakuasi-korban-kebakaran-pavilion-pakai-skylift
2026-09-06 02:45:11,Liputan6 News,Hukum & Politik,Tri Tito Karnavian Ingatkan Pelajar di Ternate Hidup Sehat,https://www.liputan6.com/news/read/8284907/tri-tito-karnavian-ingatkan-pelajar-di-ternate-hidup-sehat
2026-09-06 02:45:11,Liputan6 News,Hukum & Politik,"Update Kebakaran Apartemen Pavilion, 33 Orang Berhasil Dievakuasi",https://www.liputan6.com/news/read/8284904/update-kebakaran-apartemen-pavilion-33-orang-berhasil-dievakuasi
2026-09-06 02:45:11,Liputan6 News,Hukum & Politik,Wamendagri Bima Arya Dorong Daerah Perluas Basis Pajak Tanpa Bebani Masyarakat,https://www.liputan6.com/news/read/8284896/wamendagri-bima-arya-dorong-daerah-perluas-basis-pajak-tanpa-bebani-masyarakat
2026-09-06 02:45:11,Liputan6 News,Hukum & Politik,Polisi Bongkar Penyelundupan 150 Ribu Benih Lobster di Bogor,https://www.liputan6.com/news/read/8284873/polisi-bongkar-penyelundupan-150-ribu-benih-lobster-di-bogor
2026-09-06 02:45:11,Liputan6 News,Hukum & Politik,Tiket Ragunan Diusulkan Naik,https://www.liputan6.com/news/read/8284853/tiket-ragunan-diusulkan-naik
2026-09-06 02:45:11,Liputan6 News,Hukum & Politik,"Pohon 15 Meter Tumbang di Semarang, 2 Pemotor Tewas",https://www.liputan6.com/news/read/8284761/pohon-15-meter-tumbang-di-semarang-2-pemotor-tewas
2026-09-06 02:45:11,Liputan6 News,Hukum & Politik,"Ngantor Perdana, Gus Kikin Mulai Susun Pengurus PBNU",https://www.liputan6.com/news/read/8284750/ngantor-perdana-gus-kikin-mulai-susun-pengurus-pbnu
2026-09-06 02:45:11,Liputan6 News,Hukum & Politik,Suasana Mencekam Kebakaran Apartemen Pavilion,https://www.liputan6.com/news/read/8284741/suasana-mencekam-kebakaran-apartemen-pavilion
2026-09-06 02:45:11,Liputan6 News,Hukum & Politik,Cemas Orang Tua SD Islam Pembangunan Pamulang Belum Mereda,https://www.liputan6.com/news/read/8284720/cemas-orang-tua-sd-islam-pembangunan-pamulang-belum-mereda
2026-09-06 02:45:11,Liputan6 News,Hukum & Politik,"Rayakan Harpelnas 2026, BPJS Ketenagakerjaan Perkuat Perlindungan hingga Pemberdayaan Pekerja",https://www.liputan6.com/news/read/8284585/rayakan-harpelnas-2026-bpjs-ketenagakerjaan-perkuat-perlindungan-hingga-pemberdayaan-pekerja
2026-09-06 02:45:11,Liputan6 News,Hukum & Politik,"414 Dapur MBG Dicoret, Rp 311 Miliar Dikembalikan ke Kas Negara",https://www.liputan6.com/news/read/8284613/414-dapur-mbg-dicoret-rp-311-miliar-dikembalikan-ke-kas-negara
2026-09-06 02:45:11,Liputan6 News,Hukum & Politik,Sudaryono Pastikan Tak Ada Lagi Pengadaan BGN yang Mengada-Ada,https://www.liputan6.com/news/read/8284620/sudaryono-pastikan-tak-ada-lagi-pengadaan-bgn-yang-mengada-ada
2026-09-06 02:45:11,Liputan6 News,Hukum & Politik,KPK Dalami Kesaksian Gus Alex Soal Uang Oleh-oleh Anggota DPR,https://www.liputan6.com/news/read/8284595/kpk-dalami-kesaksian-gus-alex-soal-uang-oleh-oleh-anggota-dpr
2026-09-06 02:45:11,Liputan6 News,Hukum & Politik,Merasakan Langsung Menembus Asap dan Menelusuri Bekas Titik Api Palangka Raya,https://www.liputan6.com/news/read/8284583/merasakan-langsung-menembus-asap-dan-menelusuri-bekas-titik-api-palangka-raya
2026-09-06 02:45:11,Liputan6 News,Hukum & Politik,"Kebakaran Apartemen Pavilion Jakpus, 14 Orang Dievakuasi",https://www.liputan6.com/news/read/8284591/kebakaran-apartemen-pavilion-jakpus-14-orang-dievakuasi
2026-09-06 02:45:11,Liputan6 News,Hukum & Politik,"Sempat Gangguan, Begini Kondisi Terkini KRL Jakarta Kota-Bogor",https://www.liputan6.com/news/read/8284550/sempat-gangguan-begini-kondisi-terkini-krl-jakarta-kota-bogor
2026-09-06 02:45:11,Liputan6 News,Hukum & Politik,"Kebakaran Apartemen Pavilion Jakpus, Damkar Sisir Korban Terjebak",https://www.liputan6.com/news/read/8284542/kebakaran-apartemen-pavilion-jakpus-damkar-sisir-korban-terjebak
2026-09-06 02:45:11,Liputan6 News,Hukum & Politik,"Nestapa Pasar Pondok Labu, Kios Mati Suri Bikin Pedagang Merana",https://www.liputan6.com/news/read/8284498/nestapa-pasar-pondok-labu-kios-mati-suri-bikin-pedagang-merana
2026-09-06 02:45:11,Liputan6 News,Hukum & Politik,"KRL Gangguan, Surat Ini Bikin Azhar Lega Meski Telat Ngantor",https://www.liputan6.com/news/read/8284451/krl-gangguan-surat-ini-bikin-azhar-lega-meski-telat-ngantor
2026-09-06 02:45:11,Liputan6 News,Hukum & Politik,Cerita Penumpang Menunggu Nyaris 1 Jam Imbas Gangguan KRL di Jakarta Kota,https://www.liputan6.com/news/read/8284450/cerita-penumpang-menunggu-nyaris-1-jam-imbas-gangguan-krl-di-jakarta-kota
2026-09-06 02:45:11,Liputan6 News,Hukum & Politik,"Kasus Suap Proyek Rejang Lebong, KPK Periksa Anggota DPRD Kota Bengkulu",https://www.liputan6.com/news/read/8284431/kasus-suap-proyek-rejang-lebong-kpk-periksa-anggota-dprd-kota-bengkulu
2026-09-06 02:45:11,Liputan6 News,Hukum & Politik,Gangguan KRL Bogor karena Kereta Anjlok di Stasiun Jakarta Kota,https://www.liputan6.com/news/read/8284405/gangguan-krl-bogor-karena-kereta-anjlok-di-stasiun-jakarta-kota
2026-09-06 02:45:11,Liputan6 News,Hukum & Politik,Commuter Line Jakarta Kota-Bogor Kembali Normal,https://www.liputan6.com/news/read/8284398/commuter-line-jakarta-kota-bogor-kembali-normal
2026-09-06 02:45:11,Liputan6 News,Hukum & Politik,Cerita Gus Alex soal 24 Anggota DPR Minta Uang Oleh-Oleh Saat di Saudi,https://www.liputan6.com/news/read/8284394/cerita-gus-alex-soal-24-anggota-dpr-minta-uang-oleh-oleh-saat-di-saudi
2026-09-06 02:45:11,Liputan6 News,Hukum & Politik,"KRL Gangguan di Stasiun Jakarta Kota, Ini Daftar Rekayasa Perjalanan",https://www.liputan6.com/news/read/8284392/krl-gangguan-di-stasiun-jakarta-kota-ini-daftar-rekayasa-perjalanan
2026-09-06 02:45:11,Liputan6 News,Hukum & Politik,BGN Buka Peluang Kasus Keracunan MBG Diproses Pidana,https://www.liputan6.com/news/read/8284385/bgn-buka-peluang-kasus-keracunan-mbg-diproses-pidana
2026-09-06 02:45:11,Liputan6 News,Hukum & Politik,Kejagung Cecar Inspektur Utama BGN soal Korupsi MBG,https://www.liputan6.com/news/read/8284381/kejagung-cecar-inspektur-utama-bgn-soal-korupsi-mbg
2026-09-06 02:45:11,Liputan6 News,Hukum & Politik,"Ada Gangguan di Stasiun Jakarta Kota, KRL Bogor Cuma Sampai Manggarai",https://www.liputan6.com/news/read/8284376/ada-gangguan-di-stasiun-jakarta-kota-krl-bogor-cuma-sampai-manggarai
2026-09-06 02:45:11,Liputan6 News,Hukum & Politik,Kemendagri Beri Penghargaan Pemda Berprestasi di Kalimantan,https://www.liputan6.com/news/read/8284363/kemendagri-beri-penghargaan-pemda-berprestasi-di-kalimantan
2026-09-06 02:45:11,Liputan6 News,Hukum & Politik,Warga Kemayoran Gotong Royong Bangun Budaya Peduli Lingkungan,https://www.liputan6.com/news/read/8282115/warga-kemayoran-gotong-royong-bangun-budaya-peduli-lingkungan
2026-09-06 02:45:11,Liputan6 News,Hukum & Politik,"Kejagung Raih Opini WTP 10 Kali Berturut-turut, BPK Beri Penjelasan",https://www.liputan6.com/news/read/8284346/kejagung-raih-opini-wtp-10-kali-berturut-turut-bpk-beri-penjelasan
2026-09-06 02:45:11,Liputan6 News,Hukum & Politik,"BGN Dapat Anggaran Rp 240 T, Simak Rincian Pemakaiannya",https://www.liputan6.com/news/read/8284345/bgn-dapat-anggaran-rp-240-t-simak-rincian-pemakaiannya
2026-09-06 02:45:11,Liputan6 News,Hukum & Politik,"BMKG Ungkap Penyebab Gempa Magnitudo 5,3 Guncang Cilacap",https://www.liputan6.com/news/read/8284580/bmkg-ungkap-penyebab-gempa-magnitudo-53-guncang-cilacap
2026-09-06 02:45:11,Liputan6 News,Hukum & Politik,"Gempa Magnitudo 5,4 Guncang Cilacap Jateng",https://www.liputan6.com/news/read/8284481/gempa-magnitudo-54-guncang-cilacap-jateng
2026-09-06 02:45:11,Liputan6 News,Hukum & Politik,"Cuaca Hari Ini Didominasi Berawan, Ada Potensi Hujan Lebat",https://www.liputan6.com/news/read/8284354/cuaca-hari-ini-didominasi-berawan-ada-potensi-hujan-lebat
2026-09-06 02:45:11,Liputan6 News,Hukum & Politik,"Cuaca Hari Ini, BMKG Prediksi Berawan hingga Hujan Petir",https://www.liputan6.com/news/read/8283505/cuaca-hari-ini-bmkg-prediksi-berawan-hingga-hujan-petir
2026-09-06 02:45:11,Liputan6 News,Hukum & Politik,BMKG Prediksi Sejumlah Kota Berawan hingga Hujan,https://www.liputan6.com/news/read/8282661/bmkg-prediksi-sejumlah-kota-berawan-hingga-hujan
2026-09-06 02:45:11,Liputan6 News,Hukum & Politik,Infografis: 5 Miliarder Terkaya di Asia Tenggara,https://www.liputan6.com/news/read/8284722/infografis-5-miliarder-terkaya-di-asia-tenggara
2026-09-06 02:45:11,Liputan6 News,Hukum & Politik,Infografis: Tips Mencegah Kebakaran Saat Musim Kemarau,https://www.liputan6.com/news/read/8284150/infografis-tips-mencegah-kebakaran-saat-musim-kemarau
2026-09-06 02:45:11,Liputan6 News,Hukum & Politik,Infografis: Tiga Wajah Baru Pimpinan Bank Indonesia,https://www.liputan6.com/news/read/8283305/infografis-tiga-wajah-baru-pimpinan-bank-indonesia
2026-09-06 06:35:51,detikNews,Berita & Peristiwa,Cerita dari JPO Cawang: Masih di Tengah Jalan Padahal Sudah Nyeberang,https://news.detik.com/berita/d-8650375/cerita-dari-jpo-cawang-masih-di-tengah-jalan-padahal-sudah-nyeberang
2026-09-06 06:35:51,detikNews,Berita & Peristiwa,Sopir Mobil Listrik Pemicu Kecelakaan Maut di Jakbar Alami Luka-luka,https://news.detik.com/berita/d-8650366/sopir-mobil-listrik-pemicu-kecelakaan-maut-di-jakbar-alami-luka-luka
2026-09-06 06:35:51,detikNews,Berita & Peristiwa,Bandara Soetta Masih Ditutup hingga 09.30 WIB Imbas Erupsi Anak Krakatau,https://news.detik.com/berita/d-8650374/bandara-soetta-masih-ditutup-hingga-09-30-wib-imbas-erupsi-anak-krakatau
2026-09-06 06:35:51,detikNews,Berita & Peristiwa,"Anak Krakatau Erupsi Lagi dengan Durasi 30 Detik, Jauhi Radius 3 Km",https://news.detik.com/berita/d-8650370/anak-krakatau-erupsi-lagi-dengan-durasi-30-detik-jauhi-radius-3-km
2026-09-06 06:35:51,detikNews,Berita & Peristiwa,BMKG Ungkap 2 Klaster Sebaran Abu Anak Krakatau: Arah Lampung dan Jakarta,https://news.detik.com/berita/d-8650368/bmkg-ungkap-2-klaster-sebaran-abu-anak-krakatau-arah-lampung-dan-jakarta
2026-09-06 06:35:51,detikNews,Berita & Peristiwa,"33 Penerbangan di Soetta Terdampak Erupsi Anak Krakatau, Ini Daftarnya",https://news.detik.com/berita/d-8650365/33-penerbangan-di-soetta-terdampak-erupsi-anak-krakatau-ini-daftarnya
2026-09-06 06:35:51,detikNews,Berita & Peristiwa,BMKG: Sebaran Abu Anak Krakatau Sampai ke Sebagian Wilayah Jakarta,https://news.detik.com/berita/d-8650361/bmkg-sebaran-abu-anak-krakatau-sampai-ke-sebagian-wilayah-jakarta
2026-09-06 06:35:51,detikNews,Berita & Peristiwa,"Hujan Abu Vulkanik Krakatau di Wilayah Banten, Warga Diimbau Pakai Masker",https://news.detik.com/berita/d-8650358/hujan-abu-vulkanik-krakatau-di-wilayah-banten-warga-diimbau-pakai-masker
2026-09-06 06:35:51,detikNews,Berita & Peristiwa,16 Penerbangan Internasional Dibatalkan Imbas Erupsi Anak Krakatau,https://news.detik.com/berita/d-8650355/16-penerbangan-internasional-dibatalkan-imbas-erupsi-anak-krakatau
2026-09-06 06:35:51,detikNews,Berita & Peristiwa,Menteri Imipas Perkuat Sinergi Indonesia-Malaysia untuk Pelindungan PMI,https://news.detik.com/berita/d-8650354/menteri-imipas-perkuat-sinergi-indonesia-malaysia-untuk-pelindungan-pmi
2026-09-06 06:35:51,detikNews,Berita & Peristiwa,"Anak Krakatau Erupsi, Bandara Soetta Ditutup Sementara hingga Pukul 05.30 WIB",https://news.detik.com/berita/d-8650347/anak-krakatau-erupsi-bandara-soetta-ditutup-sementara-hingga-pukul-05-30-wib
2026-09-06 06:35:51,detikNews,Berita & Peristiwa,"Tabrakan Beruntun di Tol Palindra Sumsel, 14 Orang Luka",https://news.detik.com/berita/d-8650345/tabrakan-beruntun-di-tol-palindra-sumsel-14-orang-luka
2026-09-06 06:35:51,iNews Nasional,Peristiwa & Hukum,"Nasional AHY: Demokrat Bagian Pemerintahan Prabowo, Kita Perjuangkan Keberhasilan Indonesia",https://www.inews.id/news/nasional/ahy-demokrat-bagian-pemerintahan-prabowo-kita-perjuangkan-keberhasilan-indonesia
2026-09-06 06:35:51,iNews Nasional,Peristiwa & Hukum,"Nasional 20 menit lalu Daftar Harga BBM Pertamina 6 September 2026 di Seluruh Indonesia, Cek Sebelum Bepergian",https://www.inews.id/news/nasional/daftar-harga-bbm-pertamina-6-september-2026-di-seluruh-indonesia-cek-sebelum-bepergian
2026-09-06 06:35:51,Liputan6 News,Hukum & Politik,"Singgung Reformasi 1998, AHY Ingatkan TNI-Polri Tetap Netral",https://www.liputan6.com/news/read/8285591/singgung-reformasi-1998-ahy-ingatkan-tni-polri-tetap-netral
2026-09-06 06:35:51,Liputan6 News,Hukum & Politik,"Hujan Abu Anak Krakatau, Warga Serang Keluhkan Mata Perih dan Ganggu Sekolah",https://www.liputan6.com/news/read/8285595/hujan-abu-anak-krakatau-warga-serang-keluhkan-mata-perih-dan-ganggu-sekolah
2026-09-06 06:35:51,Liputan6 News,Hukum & Politik,"Erupsi Anak Krakatau, Bandara Soekarno-Hatta Ditutup Sementara",https://www.liputan6.com/news/read/8285590/erupsi-anak-krakatau-bandara-soekarno-hatta-ditutup-sementara
2026-09-06 06:35:51,Liputan6 News,Hukum & Politik,AHY Ingatkan Kader Demokrat Jangan Datang Saat Pemilu Saja ke Rakyat,https://www.liputan6.com/news/read/8285588/ahy-ingatkan-kader-demokrat-jangan-datang-saat-pemilu-saja-ke-rakyat
2026-09-06 10:21:12,detikNews,Berita & Peristiwa,DLH DKI Imbau Warga Kurangi Kegiatan Luar Ruangan Imbas Abu Anak Krakatau,https://news.detik.com/berita/d-8650548/dlh-dki-imbau-warga-kurangi-kegiatan-luar-ruangan-imbas-abu-anak-krakatau
2026-09-06 10:21:12,detikNews,Berita & Peristiwa,"Di Sorong, Menko Pangan Minta SPPG Perhatikan Gizi Ibu Hamil hingga Balita",https://news.detik.com/berita/d-8646348/di-sorong-menko-pangan-minta-sppg-perhatikan-gizi-ibu-hamil-hingga-balita
2026-09-06 10:21:12,detikNews,Berita & Peristiwa,"Banyak Aduan soal Abu Anak Krakatau, BPBD Bogor Minta Warga Pakai Masker",https://news.detik.com/berita/d-8650545/banyak-aduan-soal-abu-anak-krakatau-bpbd-bogor-minta-warga-pakai-masker
2026-09-06 10:21:12,detikNews,Berita & Peristiwa,Bandara Soetta Ditutup hingga Pukul 13.30 WIB Imbas Erupsi Anak Krakatau,https://news.detik.com/berita/d-8650518/bandara-soetta-ditutup-hingga-pukul-13-30-wib-imbas-erupsi-anak-krakatau
2026-09-06 10:21:12,detikNews,Berita & Peristiwa,CFD Sudirman-Thamrin Selesai Lebih Cepat Pagi Ini Imbas Abu Anak Krakatau,https://news.detik.com/berita/d-8650517/cfd-sudirman-thamrin-selesai-lebih-cepat-pagi-ini-imbas-abu-anak-krakatau
2026-09-06 10:21:12,detikNews,Berita & Peristiwa,Warga Depok Nggak Nyangka Lantai-Jok Motor Berdebu Dampak Anak Krakatau,https://news.detik.com/berita/d-8650512/warga-depok-nggak-nyangka-lantai-jok-motor-berdebu-dampak-anak-krakatau
2026-09-06 10:21:12,detikNews,Berita & Peristiwa,Gunung Semeru Juga Erupsi Pagi Ini,https://news.detik.com/berita/d-8650506/gunung-semeru-juga-erupsi-pagi-ini
2026-09-06 10:21:12,detikNews,Berita & Peristiwa,"Gunung Anak Krakatau Erupsi, Kapal Dilarang Mendekat Radius 3 Km",https://news.detik.com/berita/d-8650505/gunung-anak-krakatau-erupsi-kapal-dilarang-mendekat-radius-3-km
2026-09-06 10:21:12,detikNews,Berita & Peristiwa,SMK Negeri 2 Garut Sabet Juara 1 LKBB-PB MPR RI Tingkat Nasional,https://news.detik.com/berita/d-8650504/smk-negeri-2-garut-sabet-juara-1-lkbb-pb-mpr-ri-tingkat-nasional
2026-09-06 10:21:12,detikNews,Berita & Peristiwa,"Abu Anak Krakatau Sampai Bundaran HI, Polisi Imbau Warga CFD Pakai Masker",https://news.detik.com/berita/d-8650493/abu-anak-krakatau-sampai-bundaran-hi-polisi-imbau-warga-cfd-pakai-masker
2026-09-06 10:21:12,detikNews,Berita & Peristiwa,"Penerbangan di Bandara Soetta Ditutup Sementara, Warga Cari Tiket Kereta-Bus",https://news.detik.com/berita/d-8650494/penerbangan-di-bandara-soetta-ditutup-sementara-warga-cari-tiket-kereta-bus
2026-09-06 10:21:12,detikNews,Berita & Peristiwa,Cerita WN Malaysia Tertahan di Soetta Imbas Abu Anak Krakatau: Kuasa Tuhan,https://news.detik.com/berita/d-8650484/cerita-wn-malaysia-tertahan-di-soetta-imbas-abu-anak-krakatau-kuasa-tuhan
2026-09-06 10:21:12,detikNews,Berita & Peristiwa,"Erupsi Anak Krakatau, Warga di Jakbar Kaget Tiba-tiba Rumah Banyak Debu",https://news.detik.com/berita/d-8650482/erupsi-anak-krakatau-warga-di-jakbar-kaget-tiba-tiba-rumah-banyak-debu
2026-09-06 10:21:12,detikNews,Berita & Peristiwa,Sejumlah Warga di Jakarta Rasakan Mata Perih dan Napas Berat Pagi Ini,https://news.detik.com/berita/d-8650475/sejumlah-warga-di-jakarta-rasakan-mata-perih-dan-napas-berat-pagi-ini
2026-09-06 10:21:12,detikNews,Berita & Peristiwa,"Kepala BGN Serahkan Kasus MBG ke Aparat, Waka Komisi IX DPR: Tindakan Tegas",https://news.detik.com/berita/d-8650474/kepala-bgn-serahkan-kasus-mbg-ke-aparat-waka-komisi-ix-dpr-tindakan-tegas
2026-09-06 10:21:12,detikNews,Berita & Peristiwa,KAI Imbau Penumpang KRL Pakai Masker Imbas Erupsi Gunung Anak Krakatau,https://news.detik.com/berita/d-8650466/kai-imbau-penumpang-krl-pakai-masker-imbas-erupsi-gunung-anak-krakatau
2026-09-06 10:21:12,detikNews,Berita & Peristiwa,Legislator PDIP Minta Penyidik PNS Proaktif Telaah Kasus Keracunan MBG,https://news.detik.com/berita/d-8650460/legislator-pdip-minta-penyidik-pns-proaktif-telaah-kasus-keracunan-mbg
2026-09-06 10:21:12,detikNews,Berita & Peristiwa,â Vonis Terbaru 2 Tentara Kasus Andrie Yunus Lebih Ringan Tuai Kritikan,https://news.detik.com/berita/d-8650457/vonis-terbaru-2-tentara-kasus-andrie-yunus-lebih-ringan-tuai-kritikan
2026-09-06 10:21:12,detikNews,Berita & Peristiwa,Warga Pondok Cabe Tangsel Juga Terdampak Hujan Abu Anak Krakatau,https://news.detik.com/berita/d-8650447/warga-pondok-cabe-tangsel-juga-terdampak-hujan-abu-anak-krakatau
2026-09-06 10:21:12,detikNews,Berita & Peristiwa,"Abu Anak Krakatau Menyebar Hingga Bogor, Warga Kaget Mobilnya Penuh Debu",https://news.detik.com/berita/d-8650443/abu-anak-krakatau-menyebar-hingga-bogor-warga-kaget-mobilnya-penuh-debu
2026-09-06 10:21:12,detikNews,Berita & Peristiwa,Fakta Terbaru Perkara Saldo TikTok Vilmei Dibagi-bagi 3 Tersangka,https://news.detik.com/berita/d-8650441/fakta-terbaru-perkara-saldo-tiktok-vilmei-dibagi-bagi-3-tersangka
2026-09-06 10:21:12,detikNews,Berita & Peristiwa,"Abu Anak Krakatau Sampai ke Bundaran HI, Warga Olahraga Pakai Masker",https://news.detik.com/berita/d-8650413/abu-anak-krakatau-sampai-ke-bundaran-hi-warga-olahraga-pakai-masker
2026-09-06 10:21:12,detikNews,Berita & Peristiwa,Suara Warga Harap Sisa Kuota Internet Tak Hangus Beneran Nyata,https://news.detik.com/berita/d-8650408/suara-warga-harap-sisa-kuota-internet-tak-hangus-beneran-nyata
2026-09-06 10:21:12,detikNews,Berita & Peristiwa,209 Penerbangan di Soetta Terdampak Akibat Abu Vulkanik Anak Krakatau,https://news.detik.com/berita/d-8650403/209-penerbangan-di-soetta-terdampak-akibat-abu-vulkanik-anak-krakatau
2026-09-06 10:21:12,detikNews,Berita & Peristiwa,"Temuan Keracunan MBG Diproses Hukum, Legislator Dorong Investigasi Tiap Kejadian",https://news.detik.com/berita/d-8650400/temuan-keracunan-mbg-diproses-hukum-legislator-dorong-investigasi-tiap-kejadian
2026-09-06 10:21:12,detikNews,Berita & Peristiwa,"Suasana Bandara Soetta yang Ditutup Sementara, Penumpang Tertahan",https://news.detik.com/berita/d-8650395/suasana-bandara-soetta-yang-ditutup-sementara-penumpang-tertahan
2026-09-06 10:21:12,detikNews,Berita & Peristiwa,Pegawai Restoran di Palu Tewas Usai Terjepit Lift Rusak,https://news.detik.com/berita/d-8650383/pegawai-restoran-di-palu-tewas-usai-terjepit-lift-rusak
2026-09-06 10:21:12,detikNews,Berita & Peristiwa,Kapal Nelayan Kena Hujan Batu Erupsi Gunung Anak Krakatau di Lampung,https://news.detik.com/berita/d-8650380/kapal-nelayan-kena-hujan-batu-erupsi-gunung-anak-krakatau-di-lampung
2026-09-06 10:21:12,detikNews,Berita & Peristiwa,Kesaksian Warga soal Kecelakaan Beruntun di Jakbar Tewaskan Pasturi dan Anak,https://news.detik.com/berita/d-8650377/kesaksian-warga-soal-kecelakaan-beruntun-di-jakbar-tewaskan-pasturi-dan-anak
2026-09-06 10:21:12,Kompas.com Nasional,Nasional & Kebijakan,"Manajer Kopdes: Ikatan Dinas Iya, Kerja Nanti Dulu Nasional",https://nasional.kompas.com/read/2026/09/06/09251851/manajer-kopdes-ikatan-dinas-iya-kerja-nanti-dulu
2026-09-06 10:21:12,Kompas.com Nasional,Nasional & Kebijakan,"Jokowi Ingatkan Pemimpin untuk Memahami Rakyat, Tak Hanya Paham Kekuasaan Nasional",https://nasional.kompas.com/read/2026/09/06/09030211/jokowi-ingatkan-pemimpin-untuk-memahami-rakyat-tak-hanya-paham-kekuasaan
2026-09-06 10:21:12,Kompas.com Nasional,Nasional & Kebijakan,"Keracunan MBG, Masalah yang Berulang Selepas Evaluasi Nasional",https://nasional.kompas.com/read/2026/09/06/08334111/keracunan-mbg-masalah-yang-berulang-selepas-evaluasi
2026-09-06 10:21:12,Kompas.com Nasional,Nasional & Kebijakan,"Sahabat Literasi Dorong Minat Baca Siswa Sekolah Rakyat, 1 Novel Bisa Tuntas Sehari Nasional",https://nasional.kompas.com/read/2026/09/06/08304701/sahabat-literasi-dorong-minat-baca-siswa-sekolah-rakyat-1-novel-bisa-tuntas
2026-09-06 10:21:12,Kompas.com Nasional,Nasional & Kebijakan,AHY Wanti-wanti PSN Jangan Sampai Jadi Sumber Kebocoran Negara Nasional,https://nasional.kompas.com/read/2026/09/06/07564101/ahy-wanti-wanti-psn-jangan-sampai-jadi-sumber-kebocoran-negara
2026-09-06 10:21:12,Kompas.com Nasional,Nasional & Kebijakan,"AHY: Hukum Tak Boleh Dipengaruhi Nama, Jabatan, atau Kedekatan dengan Kekuasaan Nasional",https://nasional.kompas.com/read/2026/09/06/07480341/ahy-hukum-tak-boleh-dipengaruhi-nama-jabatan-atau-kedekatan-dengan-kekuasaan
2026-09-06 10:21:12,Kompas.com Nasional,Nasional & Kebijakan,"Update Gempa NTT: Sekolah Mulai Dibuka, Aktivitas Warga Diklaim Pulih Nasional",https://nasional.kompas.com/read/2026/09/06/07310701/update-gempa-ntt-sekolah-mulai-dibuka-aktivitas-warga-diklaim-pulih
2026-09-06 10:21:12,Kompas.com Nasional,Nasional & Kebijakan,"MPR Belum Bahas Produk Hukum untuk Atur PPHN, meski Ada Usulan Amendemen Terbatas Nasional",https://nasional.kompas.com/read/2026/09/06/07160551/mpr-belum-bahas-produk-hukum-untuk-atur-pphn-meski-ada-usulan-amendemen
2026-09-06 10:21:12,Kompas.com Nasional,Nasional & Kebijakan,Pasar Kursi Kedokteran di Balik Jalur Mandiri Nasional,https://nasional.kompas.com/read/2026/09/06/07100051/pasar-kursi-kedokteran-di-balik-jalur-mandiri
2026-09-06 10:21:12,Kompas.com Nasional,Nasional & Kebijakan,"Jusuf Kalla Soroti Sarjana Menganggur, Usulkan Pendidikan yang Holistik Nasional",https://nasional.kompas.com/read/2026/09/06/06592191/jusuf-kalla-soroti-sarjana-menganggur-usulkan-pendidikan-yang-holistik
2026-09-06 10:21:12,Kompas.com Nasional,Nasional & Kebijakan,"Ketika ""Paru-paru Dunia"" Diselimuti Asap Karhutla Nasional",https://nasional.kompas.com/read/2026/09/06/06525031/ketika-paru-paru-dunia-diselimuti-asap-karhutla
2026-09-06 10:21:12,Kompas.com Nasional,Nasional & Kebijakan,Jurus Pemerintah Selamatkan Satwa Liar dari Kepungan Karhutla Nasional,https://nasional.kompas.com/read/2026/09/06/06375541/jurus-pemerintah-selamatkan-satwa-liar-dari-kepungan-karhutla
2026-09-06 10:21:12,Kompas.com Nasional,Nasional & Kebijakan,Tentara Bayaran dan Paradoks Nasionalisme Nasional,https://nasional.kompas.com/read/2026/09/06/06221581/tentara-bayaran-dan-paradoks-nasionalisme
2026-09-06 10:21:12,Kompas.com Nasional,Nasional & Kebijakan,Babak Baru Kasus Andrie Yunus: Desakan Kasasi dan Periksa Putusan Banding Nasional,https://nasional.kompas.com/read/2026/09/06/06165211/babak-baru-kasus-andrie-yunus-desakan-kasasi-dan-periksa-putusan-banding
2026-09-06 10:21:12,Kompas.com Nasional,Nasional & Kebijakan,Prabowo Terima Dubes AS di Hambalang Usai Lawatan ke Rusia Nasional,https://nasional.kompas.com/read/2026/09/06/05563161/prabowo-terima-dubes-as-di-hambalang-usai-lawatan-ke-rusia
2026-09-06 10:21:12,Kompas.com Nasional,Nasional & Kebijakan,"7 Jadwal Pemadaman Listrik dan Wilayah Terdampak di Makassar Hari Ini, Sabtu 5 September 2026 Makassar",https://makassar.kompas.com/read/2026/09/05/154011078/jadwal-pemadaman-listrik-dan-wilayah-terdampak-di-makassar-hari-ini-sabtu-5
2026-09-06 10:21:12,Kompas.com Nasional,Nasional & Kebijakan,"8 Dentuman Keras dan Gemuruh terdengar di Bandung, Tembok dan Kaca Bergetar Bandung",https://bandung.kompas.com/read/2026/09/05/103533578/dentuman-keras-dan-gemuruh-terdengar-di-bandung-tembok-dan-kaca-bergetar
2026-09-06 10:21:12,Kompas.com Nasional,Nasional & Kebijakan,"9 Abu Vulkanik Gunung Anak Krakatau sampai ke Banten, Warga Diminta Pakai Masker Bandung",https://bandung.kompas.com/read/2026/09/05/181805878/abu-vulkanik-gunung-anak-krakatau-sampai-ke-banten-warga-diminta-pakai
2026-09-06 10:21:12,Kompas.com Nasional,Nasional & Kebijakan,10 Malam Ini Dentuman dan Getaran Gunung Anak Krakatau Masih Terasa di Pesisir Serang Banten Regional,https://regional.kompas.com/read/2026/09/05/193255578/malam-ini-dentuman-dan-getaran-gunung-anak-krakatau-masih-terasa-di-pesisir
2026-09-06 10:21:12,SINDOnews Nasional,Nasional & Politik,"Hukum Profil Irjen Pol Ruslan Ependi, Koorsahli Kapolri Teman Satu Angkatan Jenderal Listyo Sigit Prabowo",https://nasional.sindonews.com/read/1746775/13/profil-irjen-pol-ruslan-ependi-koorsahli-kapolri-teman-satu-angkatan-jenderal-listyo-sigit-prabowo-1788649741
2026-09-06 10:21:12,SINDOnews Nasional,Nasional & Politik,Politik Survei Median: Mayoritas Publik Puas Program Sekolah Rakyat,https://nasional.sindonews.com/read/1746825/12/survei-median-mayoritas-publik-puas-program-sekolah-rakyat-1788660596
2026-09-06 10:21:12,SINDOnews Nasional,Nasional & Politik,"Opini Pemerintahan Desa, Menuju ke Mana?",https://nasional.sindonews.com/read/1746823/18/pemerintahan-desa-menuju-ke-mana-1788660548
2026-09-06 10:21:12,SINDOnews Nasional,Nasional & Politik,"Humaniora Misteri Suara Dentuman Bandung, Akibat Erupsi Anak Krakatau?",https://nasional.sindonews.com/read/1746769/15/misteri-suara-dentuman-bandung-akibat-erupsi-anak-krakatau-1788649782
2026-09-06 10:21:12,SINDOnews Nasional,Nasional & Politik,3 Politik Xanana Gusmao Ucapkan Terima Kasih kepada Jokowi: Anda Ada di Hati Rakyat Timor Leste,https://nasional.sindonews.com/read/1746479/12/xanana-gusmao-ucapkan-terima-kasih-kepada-jokowi-anda-ada-di-hati-rakyat-timor-leste-1788534576
2026-09-06 10:21:12,SINDOnews Nasional,Nasional & Politik,5 Hukum Koalisi Masyarakat Sipil Kecam Putusan Banding Prajurit TNI Penyiram Air Keras terhadap Andrie Yunus,https://nasional.sindonews.com/read/1746593/13/koalisi-masyarakat-sipil-kecam-putusan-banding-prajurit-tni-penyiram-air-keras-terhadap-andrie-yunus-1788588540
2026-09-06 10:21:12,iNews Nasional,Peristiwa & Hukum,"Nasional Catat! Penutupan Bandara Soetta Diperpanjang, Terganggu Erupsi Gunung Anak Krakatau",https://www.inews.id/news/nasional/catat-penutupan-bandara-soetta-diperpanjang-terganggu-erupsi-gunung-anak-krakatau
2026-09-06 10:21:12,iNews Nasional,Peristiwa & Hukum,"Nasional Penumpang Menumpuk di Bandara Soetta, Penerbangan Dibatalkan karena Erupsi Anak Krakatau",https://www.inews.id/news/nasional/penumpang-menumpuk-di-bandara-soetta-penerbangan-dibatalkan-karena-erupsi-anak-krakatau
2026-09-06 10:21:12,iNews Nasional,Peristiwa & Hukum,Nasional Bandara Soekarno-Hatta Ditutup Sementara Imbas Erupsi Gunung Anak Krakatau,https://www.inews.id/news/nasional/bandara-soekarno-hatta-ditutup-sementara-imbas-erupsi-gunung-anak-krakatau
2026-09-06 10:21:12,iNews Nasional,Peristiwa & Hukum,"Nasional 7 menit lalu Abu Vulkanik Gunung Anak Krakatau Capai Jakarta, Warga Diminta Pakai Masker",https://www.inews.id/news/nasional/abu-vulkanik-gunung-anak-krakatau-capai-jakarta-warga-diminta-pakai-masker
2026-09-06 10:21:12,iNews Nasional,Peristiwa & Hukum,Nasional 57 menit lalu Suasana Bandara Halim Perdanakusuma usai Ditutup karena Abu Vulkanik Anak Krakatau,https://www.inews.id/news/nasional/suasana-bandara-halim-perdanakusuma-usai-ditutup-karena-abu-vulkanik-anak-krakatau
2026-09-06 10:21:12,iNews Nasional,Peristiwa & Hukum,"Nasional 2 jam lalu Selain Soetta, Bandara Halim Ditutup Sementara Imbas Abu Vulkanik Anak Krakatau",https://www.inews.id/news/nasional/selain-soetta-bandara-halim-ditutup-sementara-imbas-abu-vulkanik-anak-krakatau
2026-09-06 10:21:12,iNews Nasional,Peristiwa & Hukum,"Nasional 2 jam lalu Abu Vulkanik Anak Krakatau Capai Sebagian Jakarta, Ini Suasana CFD Rasuna Said",https://www.inews.id/news/nasional/abu-vulkanik-anak-krakatau-capai-sebagian-jakarta-ini-suasana-cfd-rasuna-said
2026-09-06 10:21:12,iNews Nasional,Peristiwa & Hukum,"Nasional 3 jam lalu Bandara Soetta Ditutup Imbas Erupsi Gunung Anak Krakatau, 22.798 Penumpang Terdampak",https://www.inews.id/news/nasional/bandara-soetta-ditutup-imbas-erupsi-gunung-anak-krakatau-22798-penumpang-terdampak
2026-09-06 10:21:12,iNews Nasional,Peristiwa & Hukum,Megapolitan Anggota DPRD DKI Dukung Usulan Tiket Masuk Ragunan Jadi Rp10.000: 20 Tahun Tak Pernah Naik,https://www.inews.id/news/megapolitan/anggota-dprd-dki-dukung-usulan-tiket-masuk-ragunan-jadi-rp10000-20-tahun-tak-pernah-naik
2026-09-06 10:21:12,iNews Nasional,Peristiwa & Hukum,"Nasional 3 jam lalu Gunung Anak Krakatau Meletus Pagi Ini, Ketinggian Abu Vulkanik Tidak Teramati",https://www.inews.id/news/nasional/gunung-anak-krakatau-meletus-pagi-ini-ketinggian-abu-vulkanik-tidak-teramati
2026-09-06 10:21:12,iNews Nasional,Peristiwa & Hukum,"Nasional 3 jam lalu Dentuman Misterius Terdengar di Bandung, Benarkah dari Erupsi Gunung Anak Krakatau?",https://www.inews.id/news/nasional/dentuman-misterius-terdengar-di-bandung-benarkah-dari-erupsi-gunung-anak-krakatau
2026-09-06 10:21:12,iNews Nasional,Peristiwa & Hukum,"Nasional 4 jam lalu AHY: Kekuasaan Bukan Milik Seseorang Selamanya, Punya Batas Waktu",https://www.inews.id/news/nasional/ahy-kekuasaan-bukan-milik-seseorang-selamanya-punya-batas-waktu
2026-09-06 10:21:12,Liputan6 News,Hukum & Politik,Cerita Warga Bekasi Rumahnya Tiba-Tiba Penuh Abu Vulkanik Anak Krakatau,https://www.liputan6.com/news/read/8285667/cerita-warga-bekasi-rumahnya-tiba-tiba-penuh-abu-vulkanik-anak-krakatau
2026-09-06 10:21:12,Liputan6 News,Hukum & Politik,"Peserta Lari Terganggu Abu Anak Krakatau, Debu Masuk Sepatu dan Kaca Mata",https://www.liputan6.com/news/read/8285659/peserta-lari-terganggu-abu-anak-krakatau-debu-masuk-sepatu-dan-kaca-mata
2026-09-06 10:21:12,Liputan6 News,Hukum & Politik,"Terdampak Abu Anak Krakatau, Anies Sampai Bisa Tulis Pesan di Mobil Berdebu",https://www.liputan6.com/news/read/8285656/terdampak-abu-anak-krakatau-anies-sampai-bisa-tulis-pesan-di-mobil-berdebu
2026-09-06 10:21:12,Liputan6 News,Hukum & Politik,"Imbas Abu Vulkanik Anak Krakatau, 209 Penerbangan di Bandara Soetta Dibatalkan",https://www.liputan6.com/news/read/8285635/imbas-abu-vulkanik-anak-krakatau-209-penerbangan-di-bandara-soetta-dibatalkan
2026-09-06 10:21:12,Liputan6 News,Hukum & Politik,"Abu Anak Krakatau Sampai Jakarta, Warga Mengeluh Udara Lebih Sesak",https://www.liputan6.com/news/read/8285637/abu-anak-krakatau-sampai-jakarta-warga-mengeluh-udara-lebih-sesak
2026-09-06 10:21:12,Liputan6 News,Hukum & Politik,"Teras Rumah Warga Jaktim Berdebu Tebal Pagi Ini, Diduga Abu Anak Krakatau",https://www.liputan6.com/news/read/8285621/teras-rumah-warga-jaktim-berdebu-tebal-pagi-ini-diduga-abu-anak-krakatau
2026-09-06 10:21:12,Liputan6 News,Hukum & Politik,Penutupan Bandara Soekarno-Hatta Diperpanjang Imbas Erupsi Anak Krakatau,https://www.liputan6.com/news/read/8285617/penutupan-bandara-soekarno-hatta-diperpanjang-imbas-erupsi-anak-krakatau
2026-09-06 10:21:12,Liputan6 News,Hukum & Politik,"Imbas Erupsi Anak Krakatau, Penumpang Menumpuk di Bandara Soekarno-Hatta",https://www.liputan6.com/news/read/8285613/imbas-erupsi-anak-krakatau-penumpang-menumpuk-di-bandara-soekarno-hatta
2026-09-06 10:21:12,Liputan6 News,Hukum & Politik,Abu Vulkanik Anak Krakatau Sampai Jakarta,https://www.liputan6.com/news/read/8285608/abu-vulkanik-anak-krakatau-sampai-jakarta
2026-09-06 11:00:31,detikNews,Berita & Peristiwa,"Waspada Paparan Abu Vulkanik Anak Krakatau, Ini Cara Melindungi Diri",https://news.detik.com/berita/d-8650603/waspada-paparan-abu-vulkanik-anak-krakatau-ini-cara-melindungi-diri
2026-09-06 11:00:31,detikNews,Berita & Peristiwa,Badan Geologi ESDM Beberkan Sebab Erupsi Gunung Anak Krakatau Berulang,https://news.detik.com/berita/d-8650594/badan-geologi-esdm-beberkan-sebab-erupsi-gunung-anak-krakatau-berulang
2026-09-06 11:00:31,detikNews,Berita & Peristiwa,"Erupsi Gunung Anak Krakatau, 11 Penerbangan Bandara Ahmad Yani Dibatalkan",https://news.detik.com/berita/d-8650590/erupsi-gunung-anak-krakatau-11-penerbangan-bandara-ahmad-yani-dibatalkan
2026-09-06 11:00:31,detikNews,Berita & Peristiwa,Ahmad Muzani Ungkap MPR Siap Lanjutkan & Perluas Skala LKBB-PB di 2027,https://news.detik.com/berita/d-8650564/ahmad-muzani-ungkap-mpr-siap-lanjutkan-perluas-skala-lkbb-pb-di-2027
2026-09-06 11:00:31,detikNews,Berita & Peristiwa,Sejumlah Warga Kabupaten Bandung Laporkan Hujan Abu,https://news.detik.com/berita/d-8650558/sejumlah-warga-kabupaten-bandung-laporkan-hujan-abu
2026-09-06 11:00:31,iNews Nasional,Peristiwa & Hukum,"Nasional 15 menit lalu Aktivitas Gunung Anak Krakatau Meningkat, Badan Geologi: Tak Berpotensi Tsunami",https://www.inews.id/news/nasional/aktivitas-gunung-anak-krakatau-meningkat-badan-geologi-tak-berpotensi-tsunami
2026-09-06 11:00:31,Liputan6 News,Hukum & Politik,Bandara Halim Ditutup hingga Pukul 14.00 Imbas Abu Vulkanik Anak Krakatau,https://www.liputan6.com/news/read/8285696/bandara-halim-ditutup-hingga-pukul-1400-imbas-abu-vulkanik-anak-krakatau
2026-09-06 11:00:31,Liputan6 News,Hukum & Politik,"Terganggu Abu Anak Krakatau, CFD Jakarta Berakhir Lebih Awal",https://www.liputan6.com/news/read/8285691/terganggu-abu-anak-krakatau-cfd-jakarta-berakhir-lebih-awal
2026-09-06 11:00:31,Liputan6 News,Hukum & Politik,"Hindari Debu Anak Krakatau, Dinkes DKI Imbau Warga Pakai Masker KN95-N95",https://www.liputan6.com/news/read/8285686/hindari-debu-anak-krakatau-dinkes-dki-imbau-warga-pakai-masker-kn95-n95
2026-09-06 15:25:29,detikNews,Berita & Peristiwa,2 Penerbangan dari Saudi Dialihkan ke Kertajati Imbas Abu Anak Krakatau,https://news.detik.com/berita/d-8650949/2-penerbangan-dari-saudi-dialihkan-ke-kertajati-imbas-abu-anak-krakatau
2026-09-06 15:25:29,detikNews,Berita & Peristiwa,Polisi di Bogor Bagi-bagi Masker Antisipasi Dampak Abu Erupsi Anak Krakatau,https://news.detik.com/berita/d-8650894/polisi-di-bogor-bagi-bagi-masker-antisipasi-dampak-abu-erupsi-anak-krakatau
2026-09-06 15:25:29,detikNews,Berita & Peristiwa,"6 Bandara Ditutup Sementara Imbas Abu Anak Krakatau, Terbaru Husein Sastranegara",https://news.detik.com/berita/d-8650863/6-bandara-ditutup-sementara-imbas-abu-anak-krakatau-terbaru-husein-sastranegara
2026-09-06 15:25:29,detikNews,Berita & Peristiwa,Kemensos Siagakan Logistik & Tagana Hadapi Erupsi Gunung Anak Krakatau,https://news.detik.com/berita/d-8650952/kemensos-siagakan-logistik-tagana-hadapi-erupsi-gunung-anak-krakatau
2026-09-06 15:25:29,detikNews,Berita & Peristiwa,Penutupan Bandara Halim Perdanakusuma Diperpanjang hingga Pukul 18.00 WIB,https://news.detik.com/berita/d-8650935/penutupan-bandara-halim-perdanakusuma-diperpanjang-hingga-pukul-18-00-wib
2026-09-06 15:25:29,detikNews,Berita & Peristiwa,"Viral Tenda Prajurit TNI di Lahan Diduga Milik GRIB, TNI AD Ungkap Faktanya",https://news.detik.com/berita/d-8650934/viral-tenda-prajurit-tni-di-lahan-diduga-milik-grib-tni-ad-ungkap-faktanya
2026-09-06 15:25:29,detikNews,Berita & Peristiwa,TransJ Setop Sementara Lift dan Eskalator Halte Dampak Abu Anak Krakatau,https://news.detik.com/berita/d-8650922/transj-setop-sementara-lift-dan-eskalator-halte-dampak-abu-anak-krakatau
2026-09-06 15:25:29,detikNews,Berita & Peristiwa,Badan Geologi Ungkap Abu Vulkanik Anak Krakatau Menyebar ke 5 Provinsi,https://news.detik.com/berita/d-8650899/badan-geologi-ungkap-abu-vulkanik-anak-krakatau-menyebar-ke-5-provinsi
2026-09-06 15:25:29,detikNews,Berita & Peristiwa,Penutupan Sementara Bandara Soetta Diperpanjang sampai Pukul 17.30 WIB,https://news.detik.com/berita/d-8650882/penutupan-sementara-bandara-soetta-diperpanjang-sampai-pukul-17-30-wib
2026-09-06 15:25:29,detikNews,Berita & Peristiwa,"Abu Anak Krakatau Sampai Jakarta, Warga Berburu Masker di Kolong Tol Andara",https://news.detik.com/berita/d-8650869/abu-anak-krakatau-sampai-jakarta-warga-berburu-masker-di-kolong-tol-andara
2026-09-06 15:25:29,detikNews,Berita & Peristiwa,Penutupan Sementara Bandara Soetta Diperpanjang Dampak Erupsi Anak Krakatau,https://news.detik.com/berita/d-8650851/penutupan-sementara-bandara-soetta-diperpanjang-dampak-erupsi-anak-krakatau
2026-09-06 15:25:29,detikNews,Berita & Peristiwa,Gubernur NTT Sebut Pemerkosa Anak Korban Gempa NTT Sudah Diproses,https://news.detik.com/berita/d-8650813/gubernur-ntt-sebut-pemerkosa-anak-korban-gempa-ntt-sudah-diproses
2026-09-06 15:25:29,detikNews,Berita & Peristiwa,Abu Vulkanik Anak Krakatau Masih Menyelimuti Rumah Warga Ciputat Siang Ini,https://news.detik.com/berita/d-8650804/abu-vulkanik-anak-krakatau-masih-menyelimuti-rumah-warga-ciputat-siang-ini
2026-09-06 15:25:29,detikNews,Berita & Peristiwa,Menkes Ungkap 3 Bahaya Abu Anak Krakatau: Kalau Bisa Jangan Keluar Rumah,https://news.detik.com/berita/d-8650802/menkes-ungkap-3-bahaya-abu-anak-krakatau-kalau-bisa-jangan-keluar-rumah
2026-09-06 15:25:29,detikNews,Berita & Peristiwa,"Begini Modus Eks Karyawan Kuras Saldo TikTok Vilmei Rp 1,28 M",https://news.detik.com/berita/d-8650782/begini-modus-eks-karyawan-kuras-saldo-tiktok-vilmei-rp-1-28-m
2026-09-06 15:25:29,detikNews,Berita & Peristiwa,"Sambut Musim Hujan, Pemulihan Sawah di Kota Subulussalam Dipercepat",https://news.detik.com/berita/d-8650774/sambut-musim-hujan-pemulihan-sawah-di-kota-subulussalam-dipercepat
2026-09-06 15:25:29,detikNews,Berita & Peristiwa,Walkot Sebut 56 Santri Sesak Napas Imbas Kebakaran Ponpes di Bogor,https://news.detik.com/berita/d-8650772/walkot-sebut-56-santri-sesak-napas-imbas-kebakaran-ponpes-di-bogor
2026-09-06 15:25:29,detikNews,Berita & Peristiwa,"Kepala BMKG Ungkap Erupsi Anak Krakatau Jenis Strombolian, Ini Penjelasannya",https://news.detik.com/berita/d-8650757/kepala-bmkg-ungkap-erupsi-anak-krakatau-jenis-strombolian-ini-penjelasannya
2026-09-06 15:25:29,detikNews,Berita & Peristiwa,Antrean Penumpang Reschedule Mengular di Soetta Imbas Erupsi Anak Krakatau,https://news.detik.com/berita/d-8650756/antrean-penumpang-reschedule-mengular-di-soetta-imbas-erupsi-anak-krakatau
2026-09-06 15:25:29,detikNews,Berita & Peristiwa,3 Tersangka yang Kuras Duit Vilmei Miliaran Terancam 5 Tahun Bui,https://news.detik.com/berita/d-8650726/3-tersangka-yang-kuras-duit-vilmei-miliaran-terancam-5-tahun-bui
2026-09-06 15:25:29,detikNews,Berita & Peristiwa,Sejumlah Warga Pandeglang Sesak Napas Akibat Abu Erupsi Anak Krakatau,https://news.detik.com/berita/d-8650723/sejumlah-warga-pandeglang-sesak-napas-akibat-abu-erupsi-anak-krakatau
2026-09-06 15:25:29,detikNews,Berita & Peristiwa,Daftar 4 Bandara Ditutup Sementara dan Wilayah Terdampak Erupsi Anak Krakatau,https://news.detik.com/berita/d-8650708/daftar-4-bandara-ditutup-sementara-dan-wilayah-terdampak-erupsi-anak-krakatau
2026-09-06 15:25:29,detikNews,Berita & Peristiwa,"Anak Krakatau Erupsi, BMKG: Belum Ada Anomali Muka Air Laut di Selat Sunda",https://news.detik.com/berita/d-8650703/anak-krakatau-erupsi-bmkg-belum-ada-anomali-muka-air-laut-di-selat-sunda
2026-09-06 15:25:29,detikNews,Berita & Peristiwa,"Abu Anak Krakatau Menyebar ke Jakarta, Pramono Imbau Warga Lakukan 5M",https://news.detik.com/berita/d-8650702/abu-anak-krakatau-menyebar-ke-jakarta-pramono-imbau-warga-lakukan-5m
2026-09-06 15:25:29,detikNews,Berita & Peristiwa,Rumah Warga di Cilebut Bogor Rasakan Debu Vulkanik Anak Krakatau,https://news.detik.com/berita/d-8650686/rumah-warga-di-cilebut-bogor-rasakan-debu-vulkanik-anak-krakatau
2026-09-06 15:25:29,detikNews,Berita & Peristiwa,Badan Geologi: Suara Dentuman di Jabar dari Erupsi Gunung Anak Krakatau,https://news.detik.com/berita/d-8650680/badan-geologi-suara-dentuman-di-jabar-dari-erupsi-gunung-anak-krakatau
2026-09-06 15:25:29,detikNews,Berita & Peristiwa,Halaman Terminal 3 Bandara Soetta Berdebu Dampak Erupsi Anak Krakatau,https://news.detik.com/berita/d-8650679/halaman-terminal-3-bandara-soetta-berdebu-dampak-erupsi-anak-krakatau
2026-09-06 15:25:29,detikNews,Berita & Peristiwa,"Abu Anak Krakatau Menyebar ke Jakarta, Modifikasi Cuaca Digelar Sampai Malam",https://news.detik.com/berita/d-8650677/abu-anak-krakatau-menyebar-ke-jakarta-modifikasi-cuaca-digelar-sampai-malam
2026-09-06 15:25:29,detikNews,Berita & Peristiwa,Siti Fauziah Sebut Ajang LKBB-PB MPR Jadi Wadah Bentuk Karakter Siswa,https://news.detik.com/berita/d-8650636/siti-fauziah-sebut-ajang-lkbb-pb-mpr-jadi-wadah-bentuk-karakter-siswa
2026-09-06 15:25:29,detikNews,Berita & Peristiwa,"Erupsi Gunung Anak Krakatau, KAI Pastikan Perjalanan Kereta Tetap Aman",https://news.detik.com/berita/d-8650649/erupsi-gunung-anak-krakatau-kai-pastikan-perjalanan-kereta-tetap-aman
2026-09-06 15:25:29,detikNews,Berita & Peristiwa,Bandara Halim Ditutup sampai Pukul 14.00 WIB Imbas Erupsi Anak Krakatau,https://news.detik.com/berita/d-8650637/bandara-halim-ditutup-sampai-pukul-14-00-wib-imbas-erupsi-anak-krakatau
2026-09-06 15:25:29,detikNews,Berita & Peristiwa,Jawaban Badan Geologi soal Potensi Tsunami Erupsi Berulang Anak Krakatau,https://news.detik.com/berita/d-8650634/jawaban-badan-geologi-soal-potensi-tsunami-erupsi-berulang-anak-krakatau
2026-09-06 15:25:29,detikNews,Berita & Peristiwa,"Erupsi Gunung Anak Krakatau, Setkab Keluarkan 6 Imbauan Antisipasi Debu",https://news.detik.com/berita/d-8650626/erupsi-gunung-anak-krakatau-setkab-keluarkan-6-imbauan-antisipasi-debu
2026-09-06 15:25:29,detikNews,Berita & Peristiwa,HNW Dukung MUI soal Label 'No Pork No Lard' Tak Jamin Kehalalan Produk,https://news.detik.com/berita/d-8650604/hnw-dukung-mui-soal-label-no-pork-no-lard-tak-jamin-kehalalan-produk
2026-09-06 15:25:29,Kompas.com Nasional,Nasional & Kebijakan,"Erupsi Anak Krakatau, Pemerintah Buka Opsi Pembelajaran Jarak Jauh Nasional",https://nasional.kompas.com/read/2026/09/06/15232281/erupsi-anak-krakatau-pemerintah-buka-opsi-pembelajaran-jarak-jauh
2026-09-06 15:25:29,Kompas.com Nasional,Nasional & Kebijakan,"Seismik Gunung Anak Krakatau Menurun, PVMBG: Aktivitas Masih Dinamis Nasional",https://nasional.kompas.com/read/2026/09/06/15132771/seismik-gunung-anak-krakatau-menurun-pvmbg-aktivitas-masih-dinamis
2026-09-06 15:25:29,Kompas.com Nasional,Nasional & Kebijakan,Basarnas Tingkatkan Kesiapsiagaan Antisipasi Dampak Erupsi Gunung Anak Krakatau Nasional,https://nasional.kompas.com/read/2026/09/06/15031051/basarnas-tingkatkan-kesiapsiagaan-antisipasi-dampak-erupsi-gunung-anak
2026-09-06 15:25:29,Kompas.com Nasional,Nasional & Kebijakan,"Prabowo Pantau Erupsi Anak Krakatau, Keselamatan Warga Jadi Prioritas Nasional",https://nasional.kompas.com/read/2026/09/06/14490631/prabowo-pantau-erupsi-anak-krakatau-keselamatan-warga-jadi-prioritas
2026-09-06 15:25:29,Kompas.com Nasional,Nasional & Kebijakan,"Bandara Soetta Tutup Sementara, Seskab Teddy Bicara Kompensasi Penumpang Nasional",https://nasional.kompas.com/read/2026/09/06/14415891/bandara-soetta-tutup-sementara-seskab-teddy-bicara-kompensasi-penumpang
2026-09-06 15:25:29,Kompas.com Nasional,Nasional & Kebijakan,Pemerintah Minta Warga Tak Sebar Isu Tsunami Gunung Anak Krakatau Nasional,https://nasional.kompas.com/read/2026/09/06/14370051/pemerintah-minta-warga-tak-sebar-isu-tsunami-gunung-anak-krakatau
2026-09-06 15:25:29,Kompas.com Nasional,Nasional & Kebijakan,"Total 6 Bandara Ditutup akibat Erupsi Gunung Anak Krakatau, Terbaru Husein Sastranegara Bandung Nasional",https://nasional.kompas.com/read/2026/09/06/14271771/total-6-bandara-ditutup-akibat-erupsi-gunung-anak-krakatau-terbaru-husein
2026-09-06 15:25:29,Kompas.com Nasional,Nasional & Kebijakan,Ketinggian Abu Vulkanik Erupsi Gunung Anak Krakatau Capai 50.000 Kaki Nasional,https://nasional.kompas.com/read/2026/09/06/14183071/ketinggian-abu-vulkanik-erupsi-gunung-anak-krakatau-capai-50000-kaki
2026-09-06 15:25:29,Kompas.com Nasional,Nasional & Kebijakan,"3 Kader Demokrat Gabung Nasdem, Alasannya Ideologi hingga Ingin Masuk DPR Nasional",https://nasional.kompas.com/read/2026/09/06/13521611/3-kader-demokrat-gabung-nasdem-alasannya-ideologi-hingga-ingin-masuk-dpr
2026-09-06 15:25:29,Kompas.com Nasional,Nasional & Kebijakan,Abu Vulkanik Erupsi Gunung Anak Krakatau Tersebar ke 5 Provinsi Nasional,https://nasional.kompas.com/read/2026/09/06/13412591/abu-vulkanik-erupsi-gunung-anak-krakatau-tersebar-ke-5-provinsi
2026-09-06 15:25:29,Kompas.com Nasional,Nasional & Kebijakan,"BMKG Sebut Erupsi Gunung Anak Krakatau Berjenis Strombolian, Apa Itu? Nasional",https://nasional.kompas.com/read/2026/09/06/13361601/bmkg-sebut-erupsi-gunung-anak-krakatau-berjenis-strombolian-apa-itu
2026-09-06 15:25:29,Kompas.com Nasional,Nasional & Kebijakan,Di Bawah Bayang-bayang Seragam Nasional,https://nasional.kompas.com/read/2026/09/06/13000071/di-bawah-bayang-bayang-seragam-
2026-09-06 15:25:29,Kompas.com Nasional,Nasional & Kebijakan,"BMKG: Aktivitas Gunung Anak Krakatau Mulai Meluruh, Frekuensi Erupsi Menurun Nasional",https://nasional.kompas.com/read/2026/09/06/12540541/bmkg-aktivitas-gunung-anak-krakatau-mulai-meluruh-frekuensi-erupsi-menurun
2026-09-06 15:25:29,Kompas.com Nasional,Nasional & Kebijakan,Badan Geologi Ingatkan Bahaya Lontaran Material Pijar Gunung Anak Krakatau Nasional,https://nasional.kompas.com/read/2026/09/06/12384961/badan-geologi-ingatkan-bahaya-lontaran-material-pijar-gunung-anak-krakatau
2026-09-06 15:25:29,Kompas.com Nasional,Nasional & Kebijakan,"5 Bandara Ditutup akibat Abu Vulkanik Gunung Anak Krakatau, OMC Digeser ke Bandara yang Aman Nasional",https://nasional.kompas.com/read/2026/09/06/12275501/5-bandara-ditutup-akibat-abu-vulkanik-gunung-anak-krakatau-omc-digeser-ke
2026-09-06 15:25:29,Kompas.com Nasional,Nasional & Kebijakan,Daftar 3 Kabupaten dan 15 Kecamatan Terdampak Erupsi Gunung Anak Krakatau Nasional,https://nasional.kompas.com/read/2026/09/06/12035781/daftar-3-kabupaten-dan-15-kecamatan-terdampak-erupsi-gunung-anak-krakatau
2026-09-06 15:25:29,Kompas.com Nasional,Nasional & Kebijakan,Teddy Imbau Warga Kurangi Aktivitas Luar Ruang imbas Erupsi Gunung Anak Krakatau Nasional,https://nasional.kompas.com/read/2026/09/06/11585581/teddy-imbau-warga-kurangi-aktivitas-luar-ruang-imbas-erupsi-gunung-anak
2026-09-06 15:25:29,Kompas.com Nasional,Nasional & Kebijakan,"Potensi Tsunami akibat Erupsi Gunung Anak Krakatau Dinilai Kecil, Beda dengan 2018 Nasional",https://nasional.kompas.com/read/2026/09/06/11520061/potensi-tsunami-akibat-erupsi-gunung-anak-krakatau-dinilai-kecil-beda-dengan
2026-09-06 15:25:29,Kompas.com Nasional,Nasional & Kebijakan,BNPB Sebut Belum Ada Daerah Berstatus Darurat akibat Erupsi Gunung Anak Krakatau Nasional,https://nasional.kompas.com/read/2026/09/06/11302151/bnpb-sebut-belum-ada-daerah-berstatus-darurat-akibat-erupsi-gunung-anak
2026-09-06 15:25:29,Kompas.com Nasional,Nasional & Kebijakan,"Erupsi Anak Krakatau Meningkat, Badan Geologi: Tak Otomatis Akan Terjadi Lebih Besar Nasional",https://nasional.kompas.com/read/2026/09/06/11261891/erupsi-anak-krakatau-meningkat-badan-geologi-tak-otomatis-akan-terjadi-lebih
2026-09-06 15:25:29,Kompas.com Nasional,Nasional & Kebijakan,1 Bandara Soekarno-Hatta Ditutup Akibat Erupsi Gunung Anak Krakatau Megapolitan,https://megapolitan.kompas.com/read/2026/09/06/04495731/bandara-soekarno-hatta-ditutup-akibat-erupsi-gunung-anak-krakatau
2026-09-06 15:25:29,Kompas.com Nasional,Nasional & Kebijakan,"2 Keluarga Korban Kecelakaan KRL di Bekasi Tagih Santunan, Dedi Mulyadi: Hanya Sumbangsih, Tanggung Jawabnya di KAI Megapolitan",https://megapolitan.kompas.com/read/2026/09/06/01001471/keluarga-korban-kecelakaan-krl-di-bekasi-tagih-santunan-dedi-mulyadi
2026-09-06 15:25:29,Kompas.com Nasional,Nasional & Kebijakan,"3 Ribuan Orang Saksikan Jet Tempur F-4 Jatuh, 2 Pilot Tewas Internasional",https://internasional.kompas.com/read/2026/09/06/050000270/ribuan-orang-saksikan-jet-tempur-f-4-jatuh-2-pilot-tewas
2026-09-06 15:25:29,Kompas.com Nasional,Nasional & Kebijakan,4 Abu Vulkanik Gunung Anak Krakatau Meluas Selimuti Banten dan Sebagian Jakarta Regional,https://regional.kompas.com/read/2026/09/06/073257678/abu-vulkanik-gunung-anak-krakatau-meluas-selimuti-banten-dan-sebagian
2026-09-06 15:25:29,Kompas.com Nasional,Nasional & Kebijakan,"5 Abu Vulkanik Anak Krakatau Sampai Bogor, Debu Nempel di Motor hingga Layar Ponsel Megapolitan",https://megapolitan.kompas.com/read/2026/09/06/06503951/abu-vulkanik-anak-krakatau-sampai-bogor-debu-nempel-di-motor-hingga-layar
2026-09-06 15:25:29,Kompas.com Nasional,Nasional & Kebijakan,6 Botok Buka-bukaan soal Pertemuan dengan Dasco Sebelum Demo AMPB Regional,https://regional.kompas.com/read/2026/09/05/215534978/botok-buka-bukaan-soal-pertemuan-dengan-dasco-sebelum-demo-ampb
2026-09-06 15:25:29,Kompas.com Nasional,Nasional & Kebijakan,"8 Ditanya Kasus Keracunan MBG di Jatim, Khofifah: Pak Wagub Itu Lho Koordinator MBG Surabaya",https://surabaya.kompas.com/read/2026/09/05/223113778/ditanya-kasus-keracunan-mbg-di-jatim-khofifah-pak-wagub-itu-lho-koordinator
2026-09-06 15:25:29,Kompas.com Nasional,Nasional & Kebijakan,"9 Abu Vulkanik Gunung Anak Krakatau sampai ke Sukabumi, Warga Diminta Pakai Masker Bandung",https://bandung.kompas.com/read/2026/09/05/233435278/abu-vulkanik-gunung-anak-krakatau-sampai-ke-sukabumi-warga-diminta-pakai
2026-09-06 15:25:29,SINDOnews Nasional,Nasional & Politik,"Humaniora Abu Gunung Anak Krakatau Ganggu Penerbangan, Badan Geologi: Dipengaruhi Arah Angin",https://nasional.sindonews.com/read/1746867/15/abu-gunung-anak-krakatau-ganggu-penerbangan-badan-geologi-dipengaruhi-arah-angin-1788671386
2026-09-06 15:25:29,iNews Nasional,Peristiwa & Hukum,"Nasional Gunung Anak Krakatau Erupsi, Ternyata Sudah Berstatus Siaga sejak Juli 2026",https://www.inews.id/news/nasional/gunung-anak-krakatau-erupsi-ternyata-sudah-berstatus-siaga-sejak-juli-2026
2026-09-06 15:25:29,iNews Nasional,Peristiwa & Hukum,"Nasional Abu Vulkanik Anak Krakatau Masuk Jakarta, BNPB Langsung Modifikasi Cuaca Hari ini",https://www.inews.id/news/nasional/abu-vulkanik-anak-krakatau-masuk-jakarta-bnpb-langsung-modifikasi-cuaca-hari-ini
2026-09-06 15:25:29,iNews Nasional,Peristiwa & Hukum,Nasional 20 menit lalu Bandara Soekarno-Hatta Ditutup hingga Pukul 17.30 WIB Imbas Erupsi Anak Krakatau,https://www.inews.id/news/nasional/bandara-soekarno-hatta-ditutup-hingga-pukul-1730-wib-imbas-erupsi-anak-krakatau
2026-09-06 15:25:29,iNews Nasional,Peristiwa & Hukum,"Nasional 1 jam lalu Gunung Anak Krakatau Erupsi, Kemenpar Imbau Warga Jauhi Pantai dan Pesisir",https://www.inews.id/news/nasional/gunung-anak-krakatau-erupsi-kemenpar-imbau-warga-jauhi-pantai-dan-pesisir
2026-09-06 15:25:29,iNews Nasional,Peristiwa & Hukum,"Nasional 1 jam lalu Imbas Erupsi Anak Krakatau, 2 Pesawat dari Arab Saudi Dialihkan ke Bandara Kertajati",https://www.inews.id/news/nasional/imbas-erupsi-anak-krakatau-2-pesawat-dari-arab-saudi-dialihkan-ke-bandara-kertajati
2026-09-06 15:25:29,iNews Nasional,Peristiwa & Hukum,"Nasional 2 jam lalu Detik-Detik Nelayan Berada Dekat Gunung Anak Krakatau saat Erupsi, Menegangkan!",https://www.inews.id/news/nasional/detik-detik-nelayan-berada-dekat-gunung-anak-krakatau-saat-erupsi-menegangkan
2026-09-06 15:25:29,iNews Nasional,Peristiwa & Hukum,"Nasional 2 jam lalu Tetap Tenang, Ini Cara Lindungi Diri dari Abu Vulkanik Gunung Anak Krakatau",https://www.inews.id/news/nasional/tetap-tenang-ini-cara-lindungi-diri-dari-abu-vulkanik-gunung-anak-krakatau
2026-09-06 15:25:29,iNews Nasional,Peristiwa & Hukum,"Nasional 3 jam lalu 6 Bandara Ditutup Imbas Erupsi Anak Krakatau, Termasuk Husein Sastranegara di Bandung",https://www.inews.id/news/nasional/6-bandara-ditutup-imbas-erupsi-anak-krakatau-termasuk-husein-sastranegara-di-bandung
2026-09-06 15:25:29,iNews Nasional,Peristiwa & Hukum,"Nasional 3 jam lalu Gunung Anak Krakatau Erupsi, Kemenkes Siapkan Nebulizer hingga Obat Tetes Mata di Puskesmas",https://www.inews.id/news/nasional/gunung-anak-krakatau-erupsi-kemenkes-siapkan-nebulizer-hingga-obat-tetes-mata-di-puskesmas
2026-09-06 15:25:29,iNews Nasional,Peristiwa & Hukum,"Nasional 4 jam lalu Gunung Anak Krakatau Erupsi, Penyeberangan Laut Merak-Bakauheni Aman?",https://www.inews.id/news/nasional/gunung-anak-krakatau-erupsi-penyeberangan-laut-merak-bakauheni-aman
2026-09-06 15:25:29,iNews Nasional,Peristiwa & Hukum,Nasional 4 jam lalu Kemenkes Aktifkan Health Emergency Operation Center di Daerah Terdampak Erupsi Gunung Anak Krakatau,https://www.inews.id/news/nasional/kemenkes-aktifkan-health-emergency-operation-center-di-daerah-terdampak-erupsi-gunung-anak-krakatau
2026-09-06 15:25:29,iNews Nasional,Peristiwa & Hukum,Nasional 4 jam lalu Menkes Imbau Warga Terdampak Erupsi Gunung Anak Krakatau Tetap di Rumah dan Jangan Panik,https://www.inews.id/news/nasional/menkes-imbau-warga-terdampak-erupsi-gunung-anak-krakatau-tetap-di-rumah-dan-jangan-panik
2026-09-06 15:25:29,Liputan6 News,Hukum & Politik,"Abu Anak Krakatau Sampai di Bogor, Warga: Bangun Tidur Ngeres Banget Lantai",https://www.liputan6.com/news/read/8285833/abu-anak-krakatau-sampai-di-bogor-warga-bangun-tidur-ngeres-banget-lantai
2026-09-06 15:25:29,Liputan6 News,Hukum & Politik,"Soetta Terdampak Abu Anak Krakatau, KAI Tambah Kereta Yogya ke Jakarta",https://www.liputan6.com/news/read/8285824/soetta-terdampak-abu-anak-krakatau-kai-tambah-kereta-yogya-ke-jakarta
2026-09-06 15:25:29,Liputan6 News,Hukum & Politik,"Erupsi Anak Krakatau, Penutupan Soetta Diperpanjang Hingga 17.30 WIB",https://www.liputan6.com/news/read/8285815/erupsi-anak-krakatau-penutupan-soetta-diperpanjang-hingga-1730-wib
2026-09-06 15:25:29,Liputan6 News,Hukum & Politik,"Anak Krakatau Erupsi, Prabowo Tekankan Keselamatan Warga",https://www.liputan6.com/news/read/8285805/anak-krakatau-erupsi-prabowo-tekankan-keselamatan-warga
2026-09-06 15:25:29,Liputan6 News,Hukum & Politik,"Hadapi Abu Anak Krakatau, Kemenkes Aktifkan Pusat Darurat",https://www.liputan6.com/news/read/8285800/hadapi-abu-anak-krakatau-kemenkes-aktifkan-pusat-darurat
2026-09-06 15:25:29,Liputan6 News,Hukum & Politik,"Abu Vulkanik Menyebar, KAI Pantau Jalur dan Jarak Pandang Masinis",https://www.liputan6.com/news/read/8285787/abu-vulkanik-menyebar-kai-pantau-jalur-dan-jarak-pandang-masinis
2026-09-06 15:25:29,Liputan6 News,Hukum & Politik,Lima Bandara yang Ditutup Imbas Abu Vulkanik Anak Krakatau,https://www.liputan6.com/news/read/8285783/lima-bandara-yang-ditutup-imbas-abu-vulkanik-anak-krakatau
2026-09-06 15:25:29,Liputan6 News,Hukum & Politik,"Abu Anak Krakatau Sampai ke Jakarta, Pramono Imbau Warga Lakukan 5 M",https://www.liputan6.com/news/read/8285779/abu-anak-krakatau-sampai-ke-jakarta-pramono-imbau-warga-lakukan-5-m
2026-09-06 15:25:29,Liputan6 News,Hukum & Politik,BMKG: Belum Ada Anomali Air Laut Usai Anak Krakatau Erupsi,https://www.liputan6.com/news/read/8285762/bmkg-belum-ada-anomali-air-laut-usai-anak-krakatau-erupsi
2026-09-06 15:25:29,Liputan6 News,Hukum & Politik,Dua Strategi BNPB Kurangi Dampak Abu Anak Krakatau di Jakarta dan Banten,https://www.liputan6.com/news/read/8285764/dua-strategi-bnpb-kurangi-dampak-abu-anak-krakatau-di-jakarta-dan-banten
2026-09-06 15:25:29,Liputan6 News,Hukum & Politik,Transjakarta Matikan Lift dan Eskalator Imbas Abu Vulkanik Anak Krakatau,https://www.liputan6.com/news/read/8285760/transjakarta-matikan-lift-dan-eskalator-imbas-abu-vulkanik-anak-krakatau
2026-09-06 15:25:29,Liputan6 News,Hukum & Politik,"Universitas Terbuka Genap 42 Tahun, Dorong Inovasi Pendidikan Berdampak untuk Negeri",https://www.liputan6.com/news/read/8285739/universitas-terbuka-genap-42-tahun-dorong-inovasi-pendidikan-berdampak-untuk-negeri
2026-09-06 15:25:29,Liputan6 News,Hukum & Politik,"Cegah Abu Vulkanik, Mesin Pesawat di Bandara Soekarno-Hatta Dipasang Penutup",https://www.liputan6.com/news/read/8285749/cegah-abu-vulkanik-mesin-pesawat-di-bandara-soekarno-hatta-dipasang-penutup
2026-09-06 15:25:29,Liputan6 News,Hukum & Politik,"Langit Lampung Gelap Akibat Abu Anak Krakatau, Warga Mulai Sesak Napas",https://www.liputan6.com/news/read/8285722/langit-lampung-gelap-akibat-abu-anak-krakatau-warga-mulai-sesak-napas
2026-09-06 15:25:29,Liputan6 News,Hukum & Politik,"Depok Terdampak Abu Vulkanik Anak Krakatau, tapi CFD Tetap Ramai",https://www.liputan6.com/news/read/8285715/depok-terdampak-abu-vulkanik-anak-krakatau-tapi-cfd-tetap-ramai
2026-09-06 15:25:29,Liputan6 News,Hukum & Politik,"Erupsi Anak Krakatau, BMKG Sebut Peluang Muncul Tsunami di Bawah 40 Persen",https://www.liputan6.com/news/read/8285705/erupsi-anak-krakatau-bmkg-sebut-peluang-muncul-tsunami-di-bawah-40-persen
2026-09-06 15:25:29,Liputan6 News,Hukum & Politik,Ketika Krakatau Memicu Kiamat Kecil: Dentuman Dahsyat yang Bikin Bulan Jadi Biru,https://www.liputan6.com/news/read/8285702/ketika-krakatau-memicu-kiamat-kecil-dentuman-dahsyat-yang-bikin-bulan-jadi-biru
2026-09-06 15:25:29,Liputan6 News,Hukum & Politik,"Bukan Debu Biasa, Ini Alasan Bersihkan Abu Anak Krakatau Harus Disiram Dulu",https://www.liputan6.com/news/read/8285704/bukan-debu-biasa-ini-alasan-bersihkan-abu-anak-krakatau-harus-disiram-dulu
2026-09-06 15:50:35,detikNews,Berita & Peristiwa,Kawasan Wisata Pulau Sebesi Ditutup Sementara Imbas Erupsi Anak Krakatau,https://news.detik.com/berita/d-8650989/kawasan-wisata-pulau-sebesi-ditutup-sementara-imbas-erupsi-anak-krakatau
2026-09-06 15:50:35,detikNews,Berita & Peristiwa,"Abu Erupsi Anak Krakatau Sampai Pandeglang, Toko Masker Diserbu Warga",https://news.detik.com/berita/d-8650973/abu-erupsi-anak-krakatau-sampai-pandeglang-toko-masker-diserbu-warga
2026-09-06 15:50:35,Kompas.com Nasional,Nasional & Kebijakan,"Erupsi Tak Ganggu Penyeberangan Laut, Menhub Imbau Penumpang Gunakan Masker Nasional",https://nasional.kompas.com/read/2026/09/06/15442911/erupsi-tak-ganggu-penyeberangan-laut-menhub-imbau-penumpang-gunakan-masker
2026-09-06 15:50:35,Kompas.com Nasional,Nasional & Kebijakan,Menhub Imbau Calon Penumpang yang Batalkan Perjalanan Tak Perlu Datang ke Bandara Nasional,https://nasional.kompas.com/read/2026/09/06/15362251/menhub-imbau-calon-penumpang-yang-batalkan-perjalanan-tak-perlu-datang-ke
2026-09-06 15:50:35,iNews Nasional,Peristiwa & Hukum,"Nasional Gunung Anak Krakatau Erupsi, Abu Vulkanik Menyebar hingga Jakarta dan Bengkulu",https://www.inews.id/news/nasional/gunung-anak-krakatau-erupsi-abu-vulkanik-menyebar-hingga-jakarta-dan-bengkulu
2026-09-06 15:50:35,Liputan6 News,Hukum & Politik,"Soetta Ditutup, Kertajati hingga Juanda Disiapkan Jadi Alternatif",https://www.liputan6.com/news/read/8285836/soetta-ditutup-kertajati-hingga-juanda-disiapkan-jadi-alternatif
2026-09-06 20:22:26,detikNews,Berita & Peristiwa,"Pantau Aktivitas Anak Krakatau Usai Erupsi, Andra Soni Minta Masyarakat Siaga",https://news.detik.com/berita/d-8651263/pantau-aktivitas-anak-krakatau-usai-erupsi-andra-soni-minta-masyarakat-siaga
2026-09-06 20:22:26,detikNews,Berita & Peristiwa,Kapolri Perintahkan Jajaran Siaga Hadapi Dampak Erupsi Gunung Anak Krakatau,https://news.detik.com/berita/d-8651247/kapolri-perintahkan-jajaran-siaga-hadapi-dampak-erupsi-gunung-anak-krakatau
2026-09-06 20:22:26,detikNews,Berita & Peristiwa,"Erupsi Gunung Anak Krakatau, Gubernur Lampung Imbau Warga Jangan Panik",https://news.detik.com/berita/d-8651216/erupsi-gunung-anak-krakatau-gubernur-lampung-imbau-warga-jangan-panik
2026-09-06 20:22:26,detikNews,Berita & Peristiwa,Tito Imbau Pemda Waspada Pascaerupsi Anak Krakatau: Hindari Kepanikan,https://news.detik.com/berita/d-8651275/tito-imbau-pemda-waspada-pascaerupsi-anak-krakatau-hindari-kepanikan
2026-09-06 20:22:26,detikNews,Berita & Peristiwa,Wamensos Dukung Program 'Aku Cinta Laut' Bantu Masyarakat Jaga Lingkungan,https://news.detik.com/berita/d-8651260/wamensos-dukung-program-aku-cinta-laut-bantu-masyarakat-jaga-lingkungan
2026-09-06 20:22:26,detikNews,Berita & Peristiwa,Sekolah di Lampung Belajar Daring Imbas Erupsi Gunung Anak Krakatau,https://news.detik.com/berita/d-8651229/sekolah-di-lampung-belajar-daring-imbas-erupsi-gunung-anak-krakatau
2026-09-06 20:22:26,detikNews,Berita & Peristiwa,"Seluruh PAUD, SD, SMP di Kota Serang Terapkan PJJ Imbas Erupsi Anak Krakatau",https://news.detik.com/berita/d-8651222/seluruh-paud-sd-smp-di-kota-serang-terapkan-pjj-imbas-erupsi-anak-krakatau
2026-09-06 20:22:26,detikNews,Berita & Peristiwa,Situasi Terkini Bandara Soetta yang Masih Ditutup Usai Erupsi Anak Krakatau,https://news.detik.com/berita/d-8651214/situasi-terkini-bandara-soetta-yang-masih-ditutup-usai-erupsi-anak-krakatau
2026-09-06 20:22:26,detikNews,Berita & Peristiwa,Bandara Soetta Masih Ditutup Sampai Pukul 23.59 WIB Imbas Abu Anak Krakatau,https://news.detik.com/berita/d-8651207/bandara-soetta-masih-ditutup-sampai-pukul-23-59-wib-imbas-abu-anak-krakatau
2026-09-06 20:22:26,detikNews,Berita & Peristiwa,Penutupan Bandara Halim Diperpanjang Sampai Pukul 23.59 WIB,https://news.detik.com/berita/d-8651187/penutupan-bandara-halim-diperpanjang-sampai-pukul-23-59-wib
2026-09-06 20:22:26,detikNews,Berita & Peristiwa,"Erupsi Anak Krakatau, KLH Ukur Kualitas Udara dan Air Laut di Banten-Lampung",https://news.detik.com/berita/d-8651182/erupsi-anak-krakatau-klh-ukur-kualitas-udara-dan-air-laut-di-banten-lampung
2026-09-06 20:22:26,detikNews,Berita & Peristiwa,"Erupsi Anak Krakatau, Garuda Batalkan Penerbangan Rute Jakarta hingga Besok",https://news.detik.com/berita/d-8651178/erupsi-anak-krakatau-garuda-batalkan-penerbangan-rute-jakarta-hingga-besok
2026-09-06 20:22:26,detikNews,Berita & Peristiwa,"Polisi Tangkap 5 Remaja Hendak Tawuran di Jaktim, 3 Sajam Disita",https://news.detik.com/berita/d-8651166/polisi-tangkap-5-remaja-hendak-tawuran-di-jaktim-3-sajam-disita
2026-09-06 20:22:26,detikNews,Berita & Peristiwa,"Sebaran Abu Anak Krakatau Capai Bekasi, BPBD Ingatkan Warga Pakai Masker",https://news.detik.com/berita/d-8651144/sebaran-abu-anak-krakatau-capai-bekasi-bpbd-ingatkan-warga-pakai-masker
2026-09-06 20:22:26,detikNews,Berita & Peristiwa,"Jadwal Penutupan Sementara Bandara Imbas Abu Anak Krakatau, Soetta Pukul 21.30",https://news.detik.com/berita/d-8651132/jadwal-penutupan-sementara-bandara-imbas-abu-anak-krakatau-soetta-pukul-21-30
2026-09-06 20:22:26,detikNews,Berita & Peristiwa,Mendagri Beri Sinyal ASN di Wilayah Darurat Abu Vulkanik Boleh WFH,https://news.detik.com/berita/d-8651130/mendagri-beri-sinyal-asn-di-wilayah-darurat-abu-vulkanik-boleh-wfh
2026-09-06 20:22:26,detikNews,Berita & Peristiwa,"Hari Pelanggan Nasional, Pertamina Bagikan 8.100 Porsi Makanan di 8 Kota",https://news.detik.com/berita/d-8651124/hari-pelanggan-nasional-pertamina-bagikan-8-100-porsi-makanan-di-8-kota
2026-09-06 20:22:26,detikNews,Berita & Peristiwa,Polisi Bagikan Snack-Beri Layanan Kesehatan ke Penumpang di Bandara Soetta,https://news.detik.com/berita/d-8651123/polisi-bagikan-snack-beri-layanan-kesehatan-ke-penumpang-di-bandara-soetta
2026-09-06 20:22:26,detikNews,Berita & Peristiwa,Mobil di Parkiran Terminal 2 Soetta Berdebu Imbas Erupsi Anak Krakatau,https://news.detik.com/berita/d-8651097/mobil-di-parkiran-terminal-2-soetta-berdebu-imbas-erupsi-anak-krakatau
2026-09-06 20:22:26,detikNews,Berita & Peristiwa,"KAI Tambah Kereta Tujuan Jakarta Imbas Erupsi Anak Krakatau, Ini Jadwalnya",https://news.detik.com/berita/d-8651090/kai-tambah-kereta-tujuan-jakarta-imbas-erupsi-anak-krakatau-ini-jadwalnya
2026-09-06 20:22:26,detikNews,Berita & Peristiwa,"Erupsi Anak Krakatau, Kemendikti Imbau Kampus Terapkan Kelas Daring-Hibrid",https://news.detik.com/berita/d-8651088/erupsi-anak-krakatau-kemendikti-imbau-kampus-terapkan-kelas-daring-hibrid
2026-09-06 20:22:26,detikNews,Berita & Peristiwa,"Tertahan di Soetta Sejak Dini Hari, Penumpang Reschedule-Refund Tiket",https://news.detik.com/berita/d-8651072/tertahan-di-soetta-sejak-dini-hari-penumpang-reschedule-refund-tiket
2026-09-06 20:22:26,detikNews,Berita & Peristiwa,"Gunung Anak Krakatau Erupsi, Kenneth DPRD DKI Imbau Warga Jakarta Tak Panik tapi Tetap Waspada",https://news.detik.com/berita/d-8651066/gunung-anak-krakatau-erupsi-kenneth-dprd-dki-imbau-warga-jakarta-tak-panik-tapi-tetap-waspada
2026-09-06 20:22:26,detikNews,Berita & Peristiwa,"3 Eks Kader Demokrat Gabung NasDem Jabar, Bicara Ideologi Politik",https://news.detik.com/berita/d-8651055/3-eks-kader-demokrat-gabung-nasdem-jabar-bicara-ideologi-politik
2026-09-06 20:22:26,detikNews,Berita & Peristiwa,Polisi-Damkar Semprot Jalan di Bogor Antisipasi Dampak Abu Anak Krakatau,https://news.detik.com/berita/d-8651053/polisi-damkar-semprot-jalan-di-bogor-antisipasi-dampak-abu-anak-krakatau
2026-09-06 20:22:26,detikNews,Berita & Peristiwa,Mendikdasmen: Sekolah Terdampak Berat Erupsi Anak Krakatau Bisa Terapkan PJJ,https://news.detik.com/berita/d-8651044/mendikdasmen-sekolah-terdampak-berat-erupsi-anak-krakatau-bisa-terapkan-pjj
2026-09-06 20:22:26,detikNews,Berita & Peristiwa,Jakarta Berlakukan PJJ ke Semua Sekolah Imbas Abu Vulkanik Anak Krakatau,https://news.detik.com/berita/d-8651018/jakarta-berlakukan-pjj-ke-semua-sekolah-imbas-abu-vulkanik-anak-krakatau
2026-09-06 20:22:26,detikNews,Berita & Peristiwa,"Prabowo Pantau Perkembangan Erupsi Anak Krakatau, Beri Arahan ke Jajaran",https://news.detik.com/berita/d-8651008/prabowo-pantau-perkembangan-erupsi-anak-krakatau-beri-arahan-ke-jajaran
2026-09-06 20:22:26,detikNews,Berita & Peristiwa,Sekolah Bakal PJJ Imbas Abu Anak Krakatau? Ini Kata Bakom RI,https://news.detik.com/berita/d-8650998/sekolah-bakal-pjj-imbas-abu-anak-krakatau-ini-kata-bakom-ri
2026-09-06 20:22:26,Kompas.com Nasional,Nasional & Kebijakan,"Pascaerupsi Gunung Anak Krakatau, Mendagri Imbau Pemda Terdampak Tingkatkan Kewaspadaan Nasional",https://nasional.kompas.com/read/2026/09/06/20124221/pascaerupsi-gunung-anak-krakatau-mendagri-imbau-pemda-terdampak-tingkatkan
2026-09-06 20:22:26,Kompas.com Nasional,Nasional & Kebijakan,Pemerintah Siapkan Penyaluran Bantuan ke Wilayah Terdampak Erupsi Anak Krakatau Nasional,https://nasional.kompas.com/read/2026/09/06/19225271/pemerintah-siapkan-penyaluran-bantuan-ke-wilayah-terdampak-erupsi-anak
2026-09-06 20:22:26,Kompas.com Nasional,Nasional & Kebijakan,Aceh Tengah Finalisasi Usulan Hunian Tetap 306 Kepala Keluarga di Kecamatan Ketol Nasional,https://nasional.kompas.com/read/2026/09/06/19193531/aceh-tengah-finalisasi-usulan-hunian-tetap-306-kepala-keluarga-di-kecamatan
2026-09-06 20:22:26,Kompas.com Nasional,Nasional & Kebijakan,"Erupsi Anak Krakatau, Mendikdasmen Minta Sekolah Ikuti Kebijakan Pemda Nasional",https://nasional.kompas.com/read/2026/09/06/19013911/erupsi-anak-krakatau-mendikdasmen-minta-sekolah-ikuti-kebijakan-pemda
2026-09-06 20:22:26,Kompas.com Nasional,Nasional & Kebijakan,Kepala Daerah Punya Kewenangan Tentukan Presentase WFH ASN yang Terdampak Bencana Nasional,https://nasional.kompas.com/read/2026/09/06/18415571/kepala-daerah-punya-kewenangan-tentukan-presentase-wfh-asn-yang-terdampak
2026-09-06 20:22:26,Kompas.com Nasional,Nasional & Kebijakan,PM Malaysia Anwar Ibrahim Telepon Jokowi soal Erupsi Anak Krakatau dan Karhutla Nasional,https://nasional.kompas.com/read/2026/09/06/18324021/pm-malaysia-anwar-ibrahim-telepon-jokowi-soal-erupsi-anak-krakatau-dan
2026-09-06 20:22:26,Kompas.com Nasional,Nasional & Kebijakan,Mendagri Buka Peluang WFH bagi ASN yang Wilayahnya Terdampak Abu Vulkanik Nasional,https://nasional.kompas.com/read/2026/09/06/18243501/mendagri-buka-peluang-wfh-bagi-asn-yang-wilayahnya-terdampak-abu-vulkanik
2026-09-06 20:22:26,Kompas.com Nasional,Nasional & Kebijakan,Perguruan Tinggi Terdampak Erupsi Gunung Anak Krakatau Bisa Gelar Kuliah Daring Nasional,https://nasional.kompas.com/read/2026/09/06/17444881/perguruan-tinggi-terdampak-erupsi-gunung-anak-krakatau-bisa-gelar-kuliah
2026-09-06 20:22:26,Kompas.com Nasional,Nasional & Kebijakan,Seskab Sebut Penumpang Pesawat yang Mau ke Jakarta Bisa Dialihkan ke Bandara Kertajati Nasional,https://nasional.kompas.com/read/2026/09/06/17172721/seskab-sebut-penumpang-pesawat-yang-mau-ke-jakarta-bisa-dialihkan-ke-bandara
2026-09-06 20:22:26,Kompas.com Nasional,Nasional & Kebijakan,"Erupsi Gunung Anak Krakatau, Sekolah di Serang hingga Lampung Bisa Terapkan PJJ Nasional",https://nasional.kompas.com/read/2026/09/06/17004331/erupsi-gunung-anak-krakatau-sekolah-di-serang-hingga-lampung-bisa-terapkan
2026-09-06 20:22:26,Kompas.com Nasional,Nasional & Kebijakan,"Kemenhub Siapkan Kertajati, Ahmad Yani, hingga Juanda sebagai Bandara Alternatif Nasional",https://nasional.kompas.com/read/2026/09/06/16563761/kemenhub-siapkan-kertajati-ahmad-yani-hingga-juanda-sebagai-bandara
2026-09-06 20:22:26,Kompas.com Nasional,Nasional & Kebijakan,"Erupsi Gunung Anak Krakatau, Mendikdasmen Izinkan Sekolah Sesuaikan Jam Belajar Nasional",https://nasional.kompas.com/read/2026/09/06/16515831/erupsi-gunung-anak-krakatau-mendikdasmen-izinkan-sekolah-sesuaikan-jam
2026-09-06 20:22:26,Kompas.com Nasional,Nasional & Kebijakan,"Erupsi Gunung Anak Krakatau, Mendikdasmen Buka Opsi PJJ di Daerah Terdampak Berat Nasional",https://nasional.kompas.com/read/2026/09/06/16470191/erupsi-gunung-anak-krakatau-mendikdasmen-buka-opsi-pjj-di-daerah-terdampak
2026-09-06 20:22:26,Kompas.com Nasional,Nasional & Kebijakan,Imbauan Lengkap Prabowo soal Erupsi Anak Krakatau Sebarkan Abu Vulkanik Nasional,https://nasional.kompas.com/read/2026/09/06/16395061/imbauan-lengkap-prabowo-soal-erupsi-anak-krakatau-sebarkan-abu-vulkanik
2026-09-06 20:22:26,Kompas.com Nasional,Nasional & Kebijakan,Dentuman yang Terdengar di Jawa Barat Sesuai dengan Aktivitas Gunung Anak Krakatau Nasional,https://nasional.kompas.com/read/2026/09/06/16332851/dentuman-yang-terdengar-di-jawa-barat-sesuai-dengan-aktivitas-gunung-anak
2026-09-06 20:22:26,Kompas.com Nasional,Nasional & Kebijakan,Prabowo Larang Warga Dekati Gunung Anak Krakatau Nasional,https://nasional.kompas.com/read/2026/09/06/16205541/prabowo-larang-warga-dekati-gunung-anak-krakatau
2026-09-06 20:22:26,Kompas.com Nasional,Nasional & Kebijakan,"Erupsi Gunung Anak Krakatau, Prabowo: Semoga Allah Lindungi Rakyat Indonesia Nasional",https://nasional.kompas.com/read/2026/09/06/16104751/erupsi-gunung-anak-krakatau-prabowo-semoga-allah-lindungi-rakyat-indonesia
2026-09-06 20:22:26,Kompas.com Nasional,Nasional & Kebijakan,9 209 Penerbangan di Bandara Soekarno-Hatta Dibatalkan Imbas Erupsi Anak Krakatau Megapolitan,https://megapolitan.kompas.com/read/2026/09/06/08362441/209-penerbangan-di-bandara-soekarno-hatta-dibatalkan-imbas-erupsi-anak
2026-09-06 20:22:26,Kompas.com Nasional,Nasional & Kebijakan,10 Kronologi Mozza Hilang hingga Ditemukan Tinggal Kerangka di Tepi Tol Jangli Semarang Regional,https://regional.kompas.com/read/2026/09/06/060200278/kronologi-mozza-hilang-hingga-ditemukan-tinggal-kerangka-di-tepi-tol-jangli
2026-09-06 20:22:26,SINDOnews Nasional,Nasional & Politik,"Humaniora Dampak Erupsi Gunung Anak Krakatau, Wamendiktisaintek: Kampus Diimbau Belajar Daring",https://nasional.sindonews.com/read/1746949/15/dampak-erupsi-gunung-anak-krakatau-wamendiktisaintek-kampus-diimbau-belajar-daring-1788692980
2026-09-06 20:22:26,SINDOnews Nasional,Nasional & Politik,Humaniora Mendagri: ASN Daerah Terdampak Erupsi Anak Krakatau Bisa WFH hingga 100%,https://nasional.sindonews.com/read/1746943/15/mendagri-asn-daerah-terdampak-erupsi-anak-krakatau-bisa-wfh-hingga-100-1788689377
2026-09-06 20:22:26,SINDOnews Nasional,Nasional & Politik,"Humaniora Prabowo Pantau Erupsi Anak Krakatau, Imbau Masyarakat Tenang dan Waspada",https://nasional.sindonews.com/read/1746941/15/prabowo-pantau-erupsi-anak-krakatau-imbau-masyarakat-tenang-dan-waspada-1788689399
2026-09-06 20:22:26,SINDOnews Nasional,Nasional & Politik,"Politik Kunjungan Prabowo ke Rusia Marak Hoaks, Sahroni: Jangan Sampai Malah Merusak Kritik yang Bagus ke Pemerintah!",https://nasional.sindonews.com/read/1746939/12/kunjungan-prabowo-ke-rusia-marak-hoaks-sahroni-jangan-sampai-malah-merusak-kritik-yang-bagus-ke-pemerintah-1788689399
2026-09-06 20:22:26,SINDOnews Nasional,Nasional & Politik,Opini Abu Vulkanik dan Ancaman Kesehatan yang Tidak Boleh Diabaikan,https://nasional.sindonews.com/read/1746927/18/abu-vulkanik-dan-ancaman-kesehatan-yang-tidak-boleh-diabaikan-1788685785
2026-09-06 20:22:26,SINDOnews Nasional,Nasional & Politik,Humaniora Pembelajaran Jarak Jauh Diterapkan Bila Abu Vulkanik Gunung Anak Krakatau Masuk Kriteria Berbahaya,https://nasional.sindonews.com/read/1746919/15/pembelajaran-jarak-jauh-diterapkan-bila-abu-vulkanik-gunung-anak-krakatau-masuk-kriteria-berbahaya-1788685746
2026-09-06 20:22:26,SINDOnews Nasional,Nasional & Politik,Hukum Sayembara Ijazah Gibran Berpotensi Memperbesar Kegaduhan dan Keresahan Masyarakat,https://nasional.sindonews.com/read/1746897/13/sayembara-ijazah-gibran-berpotensi-memperbesar-kegaduhan-dan-keresahan-masyarakat-1788674955
2026-09-06 20:22:26,iNews Nasional,Peristiwa & Hukum,"Nasional Gunung Anak Krakatau Erupsi, BNPB Siapkan Evakuasi hingga Operasi Modifikasi Cuaca",https://www.inews.id/news/nasional/gunung-anak-krakatau-erupsi-bnpb-siapkan-evakuasi-hingga-operasi-modifikasi-cuaca
2026-09-06 20:22:26,iNews Nasional,Peristiwa & Hukum,"Nasional Gunung Anak Krakatau Erupsi, Mendikdasmen Buka Opsi PJJ di Daerah Terdampak",https://www.inews.id/news/nasional/gunung-anak-krakatau-erupsi-mendikdasmen-buka-opsi-pjj-di-daerah-terdampak
2026-09-06 20:22:26,iNews Nasional,Peristiwa & Hukum,Nasional 5 menit lalu Penutupan Bandara Soekarno-Hatta Diperpanjang hingga Tengah Malam Imbas Erupsi Gunung Anak Krakatau,https://www.inews.id/news/nasional/penutupan-bandara-soekarno-hatta-diperpanjang-hingga-tengah-malam-imbas-erupsi-gunung-anak-krakatau
2026-09-06 20:22:26,iNews Nasional,Peristiwa & Hukum,"Nasional 26 menit lalu BMKG Pantau Erupsi Gunung Anak Krakatau 24 Jam, Abu Vulkanik Terdeteksi hingga 50.000 Kaki",https://www.inews.id/news/nasional/bmkg-pantau-erupsi-gunung-anak-krakatau-24-jam-abu-vulkanik-terdeteksi-hingga-50000-kaki
2026-09-06 20:22:26,iNews Nasional,Peristiwa & Hukum,"Nasional 2 jam lalu Abu Vulkanik Gunung Anak Krakatau Menyebar, Kualitas Udara 3 Daerah Sumsel Sangat Tidak Sehat",https://www.inews.id/news/nasional/abu-vulkanik-gunung-anak-krakatau-menyebar-kualitas-udara-3-daerah-sumsel-sangat-tidak-sehat
2026-09-06 20:22:26,iNews Nasional,Peristiwa & Hukum,"Nasional 2 jam lalu Presiden Prabowo Pantau Erupsi Gunung Anak Krakatau, Qodari: Keselamatan Masyarakat Prioritas",https://www.inews.id/news/nasional/presiden-prabowo-pantau-erupsi-gunung-anak-krakatau-qodari-keselamatan-masyarakat-prioritas
2026-09-06 20:22:26,iNews Nasional,Peristiwa & Hukum,Nasional 3 jam lalu Mendagri Tito Perbolehkan ASN Daerah Terdampak Erupsi Gunung Anak Krakatau WFH,https://www.inews.id/news/nasional/mendagri-tito-perbolehkan-asn-daerah-terdampak-erupsi-gunung-anak-krakatau-wfh
2026-09-06 20:22:26,iNews Nasional,Peristiwa & Hukum,"Nasional 3 jam lalu Tetap Tenang dan Waspada, Negara Hadir di Tengah Ujian Alam",https://www.inews.id/news/nasional/tetap-tenang-dan-waspada-negara-hadir-di-tengah-ujian-alam
2026-09-06 20:22:26,iNews Nasional,Peristiwa & Hukum,"Nasional 3 jam lalu Jokowi: Pemimpin Bukan Hanya Memahami Kekuasaan, tapi Benar-Benar Paham Rakyat",https://www.inews.id/news/nasional/jokowi-pemimpin-bukan-hanya-memahami-kekuasaan-tapi-benar-benar-paham-rakyat
2026-09-06 20:22:26,iNews Nasional,Peristiwa & Hukum,"Nasional 4 jam lalu Prabowo Pantau Erupsi Gunung Anak Krakatau, Minta Masyarakat Tenang dan Waspada",https://www.inews.id/news/nasional/prabowo-pantau-erupsi-gunung-anak-krakatau-minta-masyarakat-tenang-dan-waspada
2026-09-06 20:22:26,iNews Nasional,Peristiwa & Hukum,"Nasional 4 jam lalu Erupsi 25 Jam Gunung Anak Krakatau Berakhir, Status Masih Level III Siaga",https://www.inews.id/news/nasional/erupsi-25-jam-gunung-anak-krakatau-berakhir-status-masih-level-iii-siaga
2026-09-06 20:22:26,Liputan6 News,Hukum & Politik,"Erupsi Anak Krakatau, Penutupan Soetta Diperpanjang hingga 24.00 WIB",https://www.liputan6.com/news/read/8285919/erupsi-anak-krakatau-penutupan-soetta-diperpanjang-hingga-2400-wib
2026-09-06 20:22:26,Liputan6 News,Hukum & Politik,Sekolah Terdampak Abu Anak Krakatau Bisa Belajar dari Rumah,https://www.liputan6.com/news/read/8285900/sekolah-terdampak-abu-anak-krakatau-bisa-belajar-dari-rumah
2026-09-06 20:22:26,Liputan6 News,Hukum & Politik,"Hadapi Abu Anak Krakatau, Seskab Teddy Ingatkan Warga Pakai Masker N95",https://www.liputan6.com/news/read/8285894/hadapi-abu-anak-krakatau-seskab-teddy-ingatkan-warga-pakai-masker-n95
2026-09-06 20:22:26,Liputan6 News,Hukum & Politik,Seskab Teddy: Penerbangan Menuju Jakarta Dialihkan ke Kertajati,https://www.liputan6.com/news/read/8285897/seskab-teddy-penerbangan-menuju-jakarta-dialihkan-ke-kertajati
2026-09-06 20:22:26,Liputan6 News,Hukum & Politik,"Abu Anak Krakatau Masuk Jakarta, Sekolah Terapkan PJJ Mulai Senin",https://www.liputan6.com/news/read/8285870/abu-anak-krakatau-masuk-jakarta-sekolah-terapkan-pjj-mulai-senin
2026-09-06 20:22:26,Liputan6 News,Hukum & Politik,Garuda Batalkan Penerbangan hingga 7 September Imbas Abu Anak Krakatau,https://www.liputan6.com/news/read/8285863/garuda-batalkan-penerbangan-hingga-7-september-imbas-abu-anak-krakatau
2026-09-06 20:22:26,Liputan6 News,Hukum & Politik,"Bandara Halim Ditutup Sementara Imbas Abu Anak Krakatau, 50 Penerbangan Dibatalkan",https://www.liputan6.com/news/read/8285856/bandara-halim-ditutup-sementara-imbas-abu-anak-krakatau-50-penerbangan-dibatalkan
2026-09-06 23:30:24,detikNews,Berita & Peristiwa,"Gunung Ili Lewotolok di NTT Erupsi Malam Ini, Semburan Abu Capai 500 M",https://news.detik.com/berita/d-8651450/gunung-ili-lewotolok-di-ntt-erupsi-malam-ini-semburan-abu-capai-500-m
2026-09-06 23:30:24,detikNews,Berita & Peristiwa,Fakta Terkini Kasus Pemerkosaan Gadis Korban Gempa di Sikka,https://news.detik.com/berita/d-8651361/fakta-terkini-kasus-pemerkosaan-gadis-korban-gempa-di-sikka
2026-09-06 23:30:24,detikNews,Berita & Peristiwa,119 Ribu Penumpang-923 Penerbangan di Soetta Terdampak Erupsi Anak Krakatau,https://news.detik.com/berita/d-8651314/119-ribu-penumpang-923-penerbangan-di-soetta-terdampak-erupsi-anak-krakatau
2026-09-06 23:30:24,detikNews,Berita & Peristiwa,SMA-SMK di Banten Berlakukan PJJ 3 Hari Buntut Erupsi Anak Krakatau,https://news.detik.com/berita/d-8651444/sma-smk-di-banten-berlakukan-pjj-3-hari-buntut-erupsi-anak-krakatau
2026-09-06 23:30:24,detikNews,Berita & Peristiwa,"Soetta Lengang Usai Ditutup Imbas Erupsi Anak Krakatau, Ada Penumpang Bertahan",https://news.detik.com/berita/d-8651440/soetta-lengang-usai-ditutup-imbas-erupsi-anak-krakatau-ada-penumpang-bertahan
2026-09-06 23:30:24,detikNews,Berita & Peristiwa,Pagi Berdebu Warga Jakarta dan Sekitar Buntut Abu Vulkanik Anak Krakatau,https://news.detik.com/berita/d-8651415/pagi-berdebu-warga-jakarta-dan-sekitar-buntut-abu-vulkanik-anak-krakatau
2026-09-06 23:30:24,detikNews,Berita & Peristiwa,PAUD hingga SMP di Depok Terapkan 2 Hari PJJ Imbas Erupsi Anak Krakatau,https://news.detik.com/berita/d-8651413/paud-hingga-smp-di-depok-terapkan-2-hari-pjj-imbas-erupsi-anak-krakatau
2026-09-06 23:30:24,detikNews,Berita & Peristiwa,"Depok Juga Terdampak Abu Anak Krakatau, Polisi Turun Bagikan Masker",https://news.detik.com/berita/d-8651408/depok-juga-terdampak-abu-anak-krakatau-polisi-turun-bagikan-masker
2026-09-06 23:30:24,detikNews,Berita & Peristiwa,Water Cannon Polda Metro Semprot Jalanan Kurangi Sebaran Abu Anak Krakatau,https://news.detik.com/berita/d-8651392/water-cannon-polda-metro-semprot-jalanan-kurangi-sebaran-abu-anak-krakatau
2026-09-06 23:30:24,detikNews,Berita & Peristiwa,"Dampak Abu Anak Krakatau: 8 Bandara Ditutup, 1.558 Penerbangan Ditunda",https://news.detik.com/berita/d-8651391/dampak-abu-anak-krakatau-8-bandara-ditutup-1-558-penerbangan-ditunda
2026-09-06 23:30:24,detikNews,Berita & Peristiwa,"Soetta Terdampak Abu Anak Krakatau, Polisi Buka Posko Kesehatan-Bagikan Masker",https://news.detik.com/berita/d-8651384/soetta-terdampak-abu-anak-krakatau-polisi-buka-posko-kesehatan-bagikan-masker
2026-09-06 23:30:24,detikNews,Berita & Peristiwa,"Hari Pelanggan, Pegadaian Usung Semangat Tenang Saja Bersama Tring!",https://news.detik.com/berita/d-8651381/hari-pelanggan-pegadaian-usung-semangat-tenang-saja-bersama-tring
2026-09-06 23:30:24,detikNews,Berita & Peristiwa,"Abu Anak Krakatau Meluas, Pembelajaran di Sekolah Tangsel Tetap Normal",https://news.detik.com/berita/d-8651380/abu-anak-krakatau-meluas-pembelajaran-di-sekolah-tangsel-tetap-normal
2026-09-06 23:30:24,detikNews,Berita & Peristiwa,"Abu Vulkanik Anak Krakatau Meluas, Waka MPR: Warga Harus Terlindungi",https://news.detik.com/berita/d-8651377/abu-vulkanik-anak-krakatau-meluas-waka-mpr-warga-harus-terlindungi
2026-09-06 23:30:24,detikNews,Berita & Peristiwa,Penjambret Samsung S25 Milik Turis India di Menteng Ditangkap,https://news.detik.com/berita/d-8651345/penjambret-samsung-s25-milik-turis-india-di-menteng-ditangkap
2026-09-06 23:30:24,detikNews,Berita & Peristiwa,Pertamina Eco RunFest 2026 Jadi Gerakan Sehatkan Manusia dan Lingkungan,https://news.detik.com/berita/d-8651318/pertamina-eco-runfest-2026-jadi-gerakan-sehatkan-manusia-dan-lingkungan
2026-09-06 23:30:24,detikNews,Berita & Peristiwa,"Abu Vulkanik Anak Krakatau Sampai ke Bekasi, Polisi Bagikan Masker",https://news.detik.com/berita/d-8651295/abu-vulkanik-anak-krakatau-sampai-ke-bekasi-polisi-bagikan-masker
2026-09-06 23:30:24,detikNews,Berita & Peristiwa,Pilu Sekeluarga Jadi Korban Jiwa Kecelakaan Beruntun di Jakbar,https://news.detik.com/berita/d-8651288/pilu-sekeluarga-jadi-korban-jiwa-kecelakaan-beruntun-di-jakbar
2026-09-06 23:30:24,detikNews,Berita & Peristiwa,Water Mist Disemprot di Jalanan Jakarta Imbas Abu Vulkanik Anak Krakatau,https://news.detik.com/berita/d-8651284/water-mist-disemprot-di-jalanan-jakarta-imbas-abu-vulkanik-anak-krakatau
2026-09-06 23:30:24,Kompas.com Nasional,Nasional & Kebijakan,Cerita Sekjen PKS soal Kondisi Terkini Korban Gempa di Manggarai NTT Nasional,https://nasional.kompas.com/read/2026/09/06/22330071/cerita-sekjen-pks-soal-kondisi-terkini-korban-gempa-di-manggarai-ntt
2026-09-06 23:30:24,Kompas.com Nasional,Nasional & Kebijakan,"Hadapi Erupsi Gunung Anak Krakatau, Polri Siapkan 299 Polisi dan 10 Anjing K9 Nasional",https://nasional.kompas.com/read/2026/09/06/21410871/hadapi-erupsi-gunung-anak-krakatau-polri-siapkan-299-polisi-dan-10-anjing-k9
2026-09-06 23:30:24,Kompas.com Nasional,Nasional & Kebijakan,Instruksi Kapolri soal Abu Vulkanik Anak Krakatau: Siaga Bantu Masyarakat Nasional,https://nasional.kompas.com/read/2026/09/06/21233171/instruksi-kapolri-soal-abu-vulkanik-anak-krakatau-siaga-bantu-masyarakat
2026-09-06 23:30:24,Kompas.com Nasional,Nasional & Kebijakan,"Semeru-Anak Krakatau Erupsi, Negara Diminta Hadir Sejak Tanda Ancaman Terdeteksi Nasional",https://nasional.kompas.com/read/2026/09/06/20221821/semeru-anak-krakatau-erupsi-negara-diminta-hadir-sejak-tanda-ancaman
2026-09-06 23:30:24,Kompas.com Nasional,Nasional & Kebijakan,"10 Relawan Yes, Partai Politik No Nasional",https://nasional.kompas.com/read/2026/09/06/11220001/relawan-yes-partai-politik-no
2026-09-06 23:30:24,SINDOnews Nasional,Nasional & Politik,Humaniora Kementerian Kebudayaan Umumkan Pemenang Film Narasi Kepahlawanan 2026,https://nasional.sindonews.com/read/1747003/15/kementerian-kebudayaan-umumkan-pemenang-film-narasi-kepahlawanan-2026-1788703759
2026-09-06 23:30:24,SINDOnews Nasional,Nasional & Politik,Politik Mahfuz Sidik Prediksi Bakal Terjadi Perang Dingin Baru Antara Amerika vs China,https://nasional.sindonews.com/read/1746983/12/mahfuz-sidik-prediksi-bakal-terjadi-perang-dingin-baru-antara-amerika-vs-china-1788700183
2026-09-06 23:30:24,SINDOnews Nasional,Nasional & Politik,Politik Anwar Ibrahim Telepon Jokowi soal Karhutla dan Erupsi Anak Krakatau,https://nasional.sindonews.com/read/1746975/12/anwar-ibrahim-telepon-jokowi-soal-karhutla-dan-erupsi-anak-krakatau-1788696583
2026-09-06 23:30:24,SINDOnews Nasional,Nasional & Politik,"Politik Jokowi Bicara Pemimpin Harus Pahami Rakyat, Pengamat: Kontradiksi dengan 10 Tahun Kepemimpinannya",https://nasional.sindonews.com/read/1746973/12/jokowi-bicara-pemimpin-harus-pahami-rakyat-pengamat-kontradiksi-dengan-10-tahun-kepemimpinannya-1788696542
2026-09-06 23:30:24,iNews Nasional,Peristiwa & Hukum,"Nasional Gunung Anak Krakatau Erupsi Lagi Malam Ini, Status Siaga",https://www.inews.id/news/nasional/gunung-anak-krakatau-erupsi-lagi-malam-ini-status-siaga
2026-09-06 23:30:24,iNews Nasional,Peristiwa & Hukum,"Nasional 1 jam lalu Selain Soetta, 7 Bandara Ini Ditutup hingga Tengah Malam Imbas Abu Vulkanik Anak Krakatau",https://www.inews.id/news/nasional/selain-soetta-7-bandara-ini-ditutup-hingga-tengah-malam-imbas-abu-vulkanik-anak-krakatau
2026-09-06 23:30:24,iNews Nasional,Peristiwa & Hukum,"Nasional 2 jam lalu Gunung Anak Krakatau Erupsi, Sekolah di Serang dan Pandeglang Terapkan PJJ Mulai Besok",https://www.inews.id/news/nasional/gunung-anak-krakatau-erupsi-sekolah-di-serang-dan-pandeglang-terapkan-pjj-mulai-besok
2026-09-06 23:30:24,iNews Nasional,Peristiwa & Hukum,"Nasional 3 jam lalu PVMBG Ingatkan Potensi Letusan Gunung Anak Krakatau Masih Tinggi, Warga Dilarang Masuk Radius 3 Km",https://www.inews.id/news/nasional/pvmbg-ingatkan-potensi-letusan-gunung-anak-krakatau-masih-tinggi-warga-dilarang-masuk-radius-3-km
2026-09-06 23:30:24,Liputan6 News,Hukum & Politik,"Gunung Anak Krakatau Erupsi Lagi, Tinggi Abu Tak Teramati",https://www.liputan6.com/news/read/8286001/gunung-anak-krakatau-erupsi-lagi-tinggi-abu-tak-teramati
2026-09-06 23:30:24,Liputan6 News,Hukum & Politik,"Aktivitas Anak Krakatau Menurun, PVMBG Ungkap Ancaman yang Masih Mengintai",https://www.liputan6.com/news/read/8285989/aktivitas-anak-krakatau-menurun-pvmbg-ungkap-ancaman-yang-masih-mengintai
2026-09-06 23:30:24,Liputan6 News,Hukum & Politik,"Abu Anak Krakatau, Kampus Diminta Kurangi Aktivitas Luar Ruangan",https://www.liputan6.com/news/read/8285968/abu-anak-krakatau-kampus-diminta-kurangi-aktivitas-luar-ruangan
2026-09-06 23:30:24,Liputan6 News,Hukum & Politik,Polres Bandara Soetta Bagikan Masker dan Cek Kesehatan Calon Penumpang,https://www.liputan6.com/news/read/8285966/polres-bandara-soetta-bagikan-masker-dan-cek-kesehatan-calon-penumpang
2026-09-07 01:52:35,detikNews,Berita & Peristiwa,"Gunung Ibu di Malut Juga Erupsi Minggu Malam, Status Waspada",https://news.detik.com/berita/d-8651478/gunung-ibu-di-malut-juga-erupsi-minggu-malam-status-waspada
2026-09-07 01:52:35,detikNews,Berita & Peristiwa,"Dalih Pelaku saat Bunuh Mozza Axillia, Sempat 'Survei' Tempat Buang Korban",https://news.detik.com/berita/d-8651476/dalih-pelaku-saat-bunuh-mozza-axillia-sempat-survei-tempat-buang-korban
2026-09-07 01:52:35,detikNews,Berita & Peristiwa,"Gempa M 3,1 Terjadi di Banten",https://news.detik.com/berita/d-8651474/gempa-m-3-1-terjadi-di-banten
2026-09-07 01:52:35,detikNews,Berita & Peristiwa,"Abu Vulkanik Anak Krakatau Sampai Bogor, Polsek-polsek Bagikan Masker ke Warga",https://news.detik.com/berita/d-8651471/abu-vulkanik-anak-krakatau-sampai-bogor-polsek-polsek-bagikan-masker-ke-warga
2026-09-07 01:52:35,detikNews,Berita & Peristiwa,Pengumuman! Bandara Soetta Ditutup hingga Senin Pagi Imbas Erupsi Anak Krakatau,https://news.detik.com/berita/d-8651468/pengumuman-bandara-soetta-ditutup-hingga-senin-pagi-imbas-erupsi-anak-krakatau
2026-09-07 01:52:35,detikNews,Berita & Peristiwa,"Antisipasi Abu Erupsi Anak Krakatau, TK-SMP di Kota Bogor Terapkan 2 Hari PJJ",https://news.detik.com/berita/d-8651464/antisipasi-abu-erupsi-anak-krakatau-tk-smp-di-kota-bogor-terapkan-2-hari-pjj
2026-09-07 01:52:35,detikNews,Berita & Peristiwa,"Cegah Dampak Karhutla, Pemkot Pekanbaru Terapkan 2 Hari PJJ untuk TK-SMP",https://news.detik.com/berita/d-8651458/cegah-dampak-karhutla-pemkot-pekanbaru-terapkan-2-hari-pjj-untuk-tk-smp
2026-09-07 01:52:35,Kompas.com Nasional,Nasional & Kebijakan,9 Sekolah di Jakarta Berlakukan PJJ Mulai Senin akibat Abu Vulkanik Anak Krakatau Megapolitan,https://megapolitan.kompas.com/read/2026/09/06/17205831/sekolah-di-jakarta-berlakukan-pjj-mulai-senin-akibat-abu-vulkanik-anak
2026-09-07 01:52:35,Kompas.com Nasional,Nasional & Kebijakan,"10 Sugiono Resmi Gantikan Prabowo Jadi Ketum PB IPSI, Edhy Prabowo Jadi Ketua Harian Nasional",https://nasional.kompas.com/read/2026/09/06/10590141/sugiono-resmi-gantikan-prabowo-jadi-ketum-pb-ipsi-edhy-prabowo-jadi-ketua
2026-09-07 01:52:35,SINDOnews Nasional,Nasional & Politik,"Humaniora Bahaya Abu Vulkanik Erupsi Anak Krakatau bagi Penerbangan, Bisa Bikin Mesin Pesawat Mati",https://nasional.sindonews.com/read/1747019/15/bahaya-abu-vulkanik-erupsi-anak-krakatau-bagi-penerbangan-bisa-bikin-mesin-pesawat-mati-1788710949
2026-09-07 01:52:35,SINDOnews Nasional,Nasional & Politik,Humaniora BGN Setop Sementara MBG di Daerah Terapkan PJJ Imbas Erupsi Anak Krakatau,https://nasional.sindonews.com/read/1747015/15/bgn-setop-sementara-mbg-di-daerah-terapkan-pjj-imbas-erupsi-anak-krakatau-1788707390
2026-09-07 01:52:35,iNews Nasional,Peristiwa & Hukum,Nasional BGN Setop Sementara MBG di Daerah yang Terapkan PJJ Imbas Erupsi Anak Krakatau,https://www.inews.id/news/nasional/bgn-setop-sementara-mbg-di-daerah-yang-terapkan-pjj-imbas-erupsi-anak-krakatau
2026-09-07 01:52:35,iNews Nasional,Peristiwa & Hukum,"Nasional 43 menit lalu Volume Transaksi QRIS Tembus 15 Miliar hingga Juli 2026, Pengguna Capai 67 Juta",https://www.inews.id/news/nasional/volume-transaksi-qris-tembus-15-miliar-hingga-juli-2026-pengguna-capai-67-juta
2026-09-07 01:52:35,iNews Nasional,Peristiwa & Hukum,Nasional 2 jam lalu 3 Pelabuhan Banten Tetap Beroperasi di Tengah Erupsi Gunung Anak Krakatau,https://www.inews.id/news/nasional/3-pelabuhan-banten-tetap-beroperasi-di-tengah-erupsi-gunung-anak-krakatau
2026-09-07 01:52:35,Liputan6 News,Hukum & Politik,Instruksi Kapolri Terkait Erupsi Anak Krakatau,https://www.liputan6.com/news/read/8286029/instruksi-kapolri-terkait-erupsi-anak-krakatau
2026-09-07 02:39:14,detikNews,Berita & Peristiwa,4 Bandara Ini Masih Ditutup hingga Senin Pagi Imbas Erupsi Anak Krakatau,https://news.detik.com/berita/d-8651482/4-bandara-ini-masih-ditutup-hingga-senin-pagi-imbas-erupsi-anak-krakatau
2026-09-07 02:39:14,detikNews,Berita & Peristiwa,"Aksi Maling di Pedan Klaten, Motor Korban 'Ditukar' Sepeda Ontel",https://news.detik.com/berita/d-8651481/aksi-maling-di-pedan-klaten-motor-korban-ditukar-sepeda-ontel
2026-09-07 02:39:14,Kompas.com Nasional,Nasional & Kebijakan,"9 Ramai soal Gas SO2 Anak Krakatau Mengarah ke Jabodetabek dan Banten, Begini Penjelasan Badan Geologi Regional",https://regional.kompas.com/read/2026/09/06/190943978/ramai-soal-gas-so2-anak-krakatau-mengarah-ke-jabodetabek-dan-banten-begini
2026-09-07 02:39:14,iNews Nasional,Peristiwa & Hukum,"Nasional 38 menit lalu Sejarah Letusan Dahsyat Gunung Krakatau Tahun 1883, Dampaknya Sampai Eropa",https://www.inews.id/news/nasional/sejarah-letusan-dahsyat-gunung-krakatau-tahun-1883-dampaknya-sampai-eropa
2026-09-07 04:47:01,detikNews,Berita & Peristiwa,Sekolah di Cilegon dan Pandeglang Juga Terapkan PJJ Buntut Erupsi Anak Krakatau,https://news.detik.com/berita/d-8651486/sekolah-di-cilegon-dan-pandeglang-juga-terapkan-pjj-buntut-erupsi-anak-krakatau
2026-09-07 04:47:01,detikNews,Berita & Peristiwa,Bocah di Ponorogo Tewas Tertimpa Tembok saat Asyik Main Petak Umpet,https://news.detik.com/berita/d-8651488/bocah-di-ponorogo-tewas-tertimpa-tembok-saat-asyik-main-petak-umpet
2026-09-07 04:47:01,detikNews,Berita & Peristiwa,"Komunitas Sepeda di Jakpus Ditipu, Diajak Ngonten TikTok lalu HP Dibawa Kabur",https://news.detik.com/berita/d-8651485/komunitas-sepeda-di-jakpus-ditipu-diajak-ngonten-tiktok-lalu-hp-dibawa-kabur
2026-09-07 06:17:58,detikNews,Berita & Peristiwa,Update Dampak Erupsi Anak Krakatau Senin Pagi: 6 Bandara Masih Ditutup,https://news.detik.com/berita/d-8651502/update-dampak-erupsi-anak-krakatau-senin-pagi-6-bandara-masih-ditutup
2026-09-07 06:17:58,detikNews,Berita & Peristiwa,Erupsi Gunung Anak Krakatau dalam Angka,https://news.detik.com/berita/d-8651499/erupsi-gunung-anak-krakatau-dalam-angka
2026-09-07 06:17:58,detikNews,Berita & Peristiwa,Sampai Mana Abu Vulkanik Anak Krakatau Menyebar? Ini Kata BMKG,https://news.detik.com/berita/d-8651493/sampai-mana-abu-vulkanik-anak-krakatau-menyebar-ini-kata-bmkg
2026-09-07 06:17:58,detikNews,Berita & Peristiwa,"Pesawat Tabrak Mobil di Bandara Miami hingga Terbakar, 5 Orang Tewas",https://news.detik.com/internasional/d-8651491/pesawat-tabrak-mobil-di-bandara-miami-hingga-terbakar-5-orang-tewas
2026-09-07 06:17:58,iNews Nasional,Peristiwa & Hukum,"Nasional 18 menit lalu RUU Pelindungan Ketenagakerjaan Ditargetkan Rampung Bulan Depan, Lindungi Kaum Pekerja",https://www.inews.id/news/nasional/ruu-pelindungan-ketenagakerjaan-ditargetkan-rampung-bulan-depan-lindungi-kaum-pekerja
2026-09-07 06:17:58,Liputan6 News,Hukum & Politik,Napas Orangutan di Tengah Kepungan Asap Hutan Kalimantan,https://www.liputan6.com/news/read/8285982/napas-orangutan-di-tengah-kepungan-asap-hutan-kalimantan
2026-09-07 06:17:58,Liputan6 News,Hukum & Politik,"Abu Vulkanik Anak Krakatau Meluas, Warga Diminta Terus Pantau Kualitas Udara",https://www.liputan6.com/news/read/8286061/abu-vulkanik-anak-krakatau-meluas-warga-diminta-terus-pantau-kualitas-udara
2026-09-07 06:17:58,Liputan6 News,Hukum & Politik,"Selain Soetta, Penutupan 3 Bandara juga Diperpanjang hingga 08.59 WIB Pagi Ini",https://www.liputan6.com/news/read/8286059/selain-soetta-penutupan-3-bandara-juga-diperpanjang-hingga-0859-wib-pagi-ini
2026-09-07 08:16:31,detikNews,Berita & Peristiwa,Terungkap Akses Jadi Celah Eks Karyawan Kuras Duit Vilmei Miliaran,https://news.detik.com/berita/d-8651549/terungkap-akses-jadi-celah-eks-karyawan-kuras-duit-vilmei-miliaran
2026-09-07 08:16:31,detikNews,Berita & Peristiwa,Arahan Prabowo Tangani Erupsi Anak Krakatau untuk Jajaran,https://news.detik.com/berita/d-8651520/arahan-prabowo-tangani-erupsi-anak-krakatau-untuk-jajaran
2026-09-07 08:16:31,detikNews,Berita & Peristiwa,"Efek Domino Abu Anak Krakatau: Penerbangan, Udara Jakarta hingga Sekolah",https://news.detik.com/berita/d-8651512/efek-domino-abu-anak-krakatau-penerbangan-udara-jakarta-hingga-sekolah
2026-09-07 08:16:31,detikNews,Berita & Peristiwa,"Mau Ambil Air, Wanita di Sukabumi Terseret Kereta hingga Jatuh ke Jurang",https://news.detik.com/berita/d-8651546/mau-ambil-air-wanita-di-sukabumi-terseret-kereta-hingga-jatuh-ke-jurang
2026-09-07 08:16:31,detikNews,Berita & Peristiwa,Update Abu Vulkanik Anak Krakatau Masih Menyebar di Wilayah Ini Senin Pagi,https://news.detik.com/berita/d-8651541/update-abu-vulkanik-anak-krakatau-masih-menyebar-di-wilayah-ini-senin-pagi
2026-09-07 08:16:31,detikNews,Berita & Peristiwa,"Atasi Debu Vulkanik Anak Krakatau, Polda Metro Semprot Air di Jalanan",https://news.detik.com/berita/d-8651536/atasi-debu-vulkanik-anak-krakatau-polda-metro-semprot-air-di-jalanan
2026-09-07 08:16:31,detikNews,Berita & Peristiwa,Wamenaker Imbau Pekerja Pakai Masker Imbas Abu Vulkanik Anak Krakatau,https://news.detik.com/berita/d-8651531/wamenaker-imbau-pekerja-pakai-masker-imbas-abu-vulkanik-anak-krakatau
2026-09-07 08:16:31,detikNews,Berita & Peristiwa,12 Perjalanan KRL Bogor Hari Ini Dibatalkan,https://news.detik.com/berita/d-8651524/12-perjalanan-krl-bogor-hari-ini-dibatalkan
2026-09-07 08:16:31,detikNews,Berita & Peristiwa,Sederet Ancaman Sanksi DPD Terkait Arya Wedakarna Hadiri Kontes Transgender,https://news.detik.com/berita/d-8651506/sederet-ancaman-sanksi-dpd-terkait-arya-wedakarna-hadiri-kontes-transgender
2026-09-07 08:16:31,Kompas.com Nasional,Nasional & Kebijakan,Memaknai Ulang Rentetan Erupsi Nusantara Nasional,https://nasional.kompas.com/read/2026/09/07/08050081/memaknai-ulang-rentetan-erupsi-nusantara
2026-09-07 08:16:31,Kompas.com Nasional,Nasional & Kebijakan,Demokrat Respons 3 Kadernya yang Pindah ke Nasdem karena Mahar Politik Nasional,https://nasional.kompas.com/read/2026/09/07/07235711/demokrat-respons-3-kadernya-yang-pindah-ke-nasdem-karena-mahar-politik
2026-09-07 08:16:31,Kompas.com Nasional,Nasional & Kebijakan,"Erupsi Anak Krakatau: Bandara Terganggu, 5 Provinsi Terdampak Abu Vulkanik Nasional",https://nasional.kompas.com/read/2026/09/07/07174681/erupsi-anak-krakatau-bandara-terganggu-5-provinsi-terdampak-abu-vulkanik
2026-09-07 08:16:31,Kompas.com Nasional,Nasional & Kebijakan,"RUU Perampasan Aset: Narasi ""Menunggangi"" di Balik Aksi Botok Cs Nasional",https://nasional.kompas.com/read/2026/09/07/07000041/ruu-perampasan-aset--narasi-menunggangi-di-balik-aksi-botok-cs
2026-09-07 08:16:31,Kompas.com Nasional,Nasional & Kebijakan,"UU Pilkada Digugat ke MK, Minta Ambang Batas Pencalonan Dihapus Nasional",https://nasional.kompas.com/read/2026/09/07/06510921/uu-pilkada-digugat-ke-mk-minta-ambang-batas-pencalonan-dihapus
2026-09-07 08:16:31,Kompas.com Nasional,Nasional & Kebijakan,BGN Sesuaikan Sementara MBG di Wilayah Terdampak Erupsi Anak Krakatau Nasional,https://nasional.kompas.com/read/2026/09/07/06251211/bgn-sesuaikan-sementara-mbg-di-wilayah-terdampak-erupsi-anak-krakatau
2026-09-07 08:16:31,Kompas.com Nasional,Nasional & Kebijakan,Karhutla dan Keadilan untuk Masyarakat Adat Nasional,https://nasional.kompas.com/read/2026/09/07/06250001/karhutla-dan-keadilan-untuk-masyarakat-adat
2026-09-07 08:16:31,Kompas.com Nasional,Nasional & Kebijakan,Upaya Pemerintah Tangani Dampak Erupsi Anak Krakatau Nasional,https://nasional.kompas.com/read/2026/09/07/06173631/upaya-pemerintah-tangani-dampak-erupsi-anak-krakatau
2026-09-07 08:16:31,Kompas.com Nasional,Nasional & Kebijakan,Uneg-uneg Kepala Daerah Nasional,https://nasional.kompas.com/read/2026/09/07/05480051/uneg-uneg-kepala-daerah
2026-09-07 08:16:31,Kompas.com Nasional,Nasional & Kebijakan,Dari 400.000 Dolar dan Permintaan Oleh-oleh Anggota DPR dalam Kesaksian Gus Alex Nasional,https://nasional.kompas.com/read/2026/09/07/05254271/dari-400000-dolar-dan-permintaan-oleh-oleh-anggota-dpr-dalam-kesaksian-gus
2026-09-07 08:16:31,Kompas.com Nasional,Nasional & Kebijakan,"10 Abu Vulkanik Anak Krakatau Selimuti Jakarta, Warga Pakai Masker Saat CFD Bundaran HI Megapolitan",https://megapolitan.kompas.com/read/2026/09/06/08211891/abu-vulkanik-anak-krakatau-selimuti-jakarta-warga-pakai-masker-saat-cfd
2026-09-07 08:16:31,SINDOnews Nasional,Nasional & Politik,"Hankam Brigjen Pol Dimutasi Kapolri pada Agustus 2026, Ini Namanya",https://nasional.sindonews.com/read/1747033/14/brigjen-pol-dimutasi-kapolri-pada-agustus-2026-ini-namanya-1788732594
2026-09-07 08:16:31,iNews Nasional,Peristiwa & Hukum,"Nasional 6 Bandara Masih Ditutup Pagi Ini Imbas Erupsi Gunung Anak Krakatau, Ini Daftarnya",https://www.inews.id/news/nasional/6-bandara-masih-ditutup-pagi-ini-imbas-erupsi-gunung-anak-krakatau-ini-daftarnya
2026-09-07 08:16:31,iNews Nasional,Peristiwa & Hukum,"Nasional Erupsi Anak Krakatau, Kapolri Instruksikan Jajaran Gerak Cepat Bantu Masyarakat",https://www.inews.id/news/nasional/erupsi-anak-krakatau-kapolri-instruksikan-jajaran-gerak-cepat-bantu-masyarakat
2026-09-07 08:16:31,iNews Nasional,Peristiwa & Hukum,"Nasional 11 menit lalu Terdampak Erupsi Anak Krakatau, Penumpang Pesawat Dapat Fasilitas Bus Gratis ke Bandara Alternatif",https://www.inews.id/news/nasional/terdampak-erupsi-anak-krakatau-penumpang-pesawat-dapat-fasilitas-bus-gratis-ke-bandara-alternatif
2026-09-07 08:16:31,iNews Nasional,Peristiwa & Hukum,"Nasional 53 menit lalu Pakar Ungkap Bahaya Abu Vulkanik Anak Krakatau bagi Penerbangan, Bikin Mesin Pesawat Mati",https://www.inews.id/news/nasional/pakar-ungkap-bahaya-abu-vulkanik-anak-krakatau-bagi-penerbangan-bikin-mesin-pesawat-mati
2026-09-07 08:16:31,iNews Nasional,Peristiwa & Hukum,"Nasional 1 jam lalu Daftar Harga BBM Pertamina 7 September 2026, Lengkap Pertalite hingga Pertamax",https://www.inews.id/news/nasional/daftar-harga-bbm-pertamina-7-september-2026-lengkap-pertalite-hingga-pertamax
2026-09-07 08:16:31,iNews Nasional,Peristiwa & Hukum,"Nasional 1 jam lalu Cerita Penumpang Pesawat Terdampak Erupsi Anak Krakatau, Batal Terbang dari Soetta ke Pekanbaru",https://www.inews.id/news/nasional/cerita-penumpang-pesawat-terdampak-erupsi-anak-krakatau-batal-terbang-dari-soetta-ke-pekanbaru
2026-09-07 08:16:31,iNews Nasional,Peristiwa & Hukum,"Megapolitan Rumah Anies Baswedan di Lebak Bulus Dipenuhi Abu Vulkanik Anak Krakatau, Ini Fotonya!",https://www.inews.id/news/megapolitan/rumah-anies-baswedan-di-lebak-bulus-dipenuhi-abu-vulkanik-anak-krakatau-ini-fotonya
2026-09-07 08:16:31,Liputan6 News,Hukum & Politik,Lampung Berlakukan PJJ 2 Hari Dampak Abu Vulkanik Anak Krakatau,https://www.liputan6.com/news/read/8286072/lampung-berlakukan-pjj-2-hari-dampak-abu-vulkanik-anak-krakatau
2026-09-07 08:25:26,Kompas.com Nasional,Nasional & Kebijakan,"Gugatan UU Pilkada ke MK, Ambang Batas Dinilai Picu Calon Tunggal vs Kotak Kosong Nasional",https://nasional.kompas.com/read/2026/09/07/08184491/gugatan-uu-pilkada-ke-mk-ambang-batas-dinilai-picu-calon-tunggal-vs-kotak
2026-09-07 08:25:26,Kompas.com Nasional,Nasional & Kebijakan,Momen Akrab Jokowi dengan Anwar Ibrahim dan Xanana Gusmao Nasional,https://nasional.kompas.com/read/2026/09/07/08164661/momen-akrab-jokowi-dengan-anwar-ibrahim-dan-xanana-gusmao
