Waktu Tarik,Sumber,Kategori,Judul,URL,Sentimen,Skor Sentimen,Wilayah,Topik / Kata Kunci,Volume Pencarian,Judul Berita
2026-09-08 02:19:39,Google Trends ID,,,https://www.goal.com/en-in/news/injured-in-the-warm-up-a-sudden-injury-rules-yassine-bounou-out-of-the-al-hilal-v-neom-match/blt0b1226cecf18fce4,Netral,0.0,Indonesia,al hilal,500+,Injured in the warm-up: a sudden injury rules Yassine Bounou out of the Al-Hilal v Neom match
2026-09-08 02:29:38,TikTok Trending (News),,,https://news.google.com/rss/articles/CBMiwgFBVV95cUxQSnVkRmR5ajhEVHBCUzYyNy1oVEFEd0pQaEJYdHcxNTVHZDRwVnFmT3ZDeXdibzl0Q3FHYlNsVl9hSFVraGdkckZzY2ZHSVF1MWlaX2dsYmpvMHUwVGNPVVdyWlZrV0hfQ2dCRHJ5Y2Q2Ui1CLTBwYUVFU2RTVDY0WFVBOGluRlJ3S3BVYjdILWN6dWUwWllaZTBtbTNwVzliMWE3R09vb1EyMXZnRVM0NGpFdVVta3RzdTdjX0VKRklEQdIBrgFBVV95cUxNRFBNdExmY2hfT3hNTV9EUkpkcEx5elRUZVdJUndfLXhobEFJQ0l0QjIwcDZLVWJGNUVNam4zZWpvUmJPRnR4eFdWVHVsU1FCOHZ5cEhLWkZ4U1c0YXBjc2RFY1h1dXNHMzVpc1NxZlNJU0VsSHJsTWxzYzhkbnlGcXdWdHpfT1FNakExTjI5WVBCRFhVM0wzb1RVbS1yQXlFNEFBTnBXVHFfNnlHemc?oc=5,Netral,0.0,Indonesia,Viral TikTok,Trending Sosmed,"Makeup Ala Naykilla Ramai Ditiru, Apakah Akan Menjadi Tren Kecantikan Baru? - radartv.disway.id"
2026-09-08 02:29:38,X (Twitter) Trending,,,https://x.com/search?q=Senin&src=trend_click,Netral,0.0,Indonesia,Senin,Trending di X,Trending Topic X Indonesia: Senin
2026-09-08 02:29:38,Google Trends ID,,,https://www.gazzetta.it/scommesse/comparazione-quote/06-09-2026/pronostico-palermo-samp-quote-serie-b-3-giornate-79194.shtml,Netral,0.0,Indonesia,palermo vs sampdoria,500+,Pronostico Palermo-Samp quote analisi 3ª giornata Serie B
2026-09-08 02:29:38,Google Trends ID,,,https://www.gazzetta.it/Calcio/Serie-A/Udinese/07-09-2026/udinese-lazio-live-risultato-e-gol-in-diretta-serie-a.shtml,Positif,13.64,Indonesia,udinese,200+,"LIVE Alle 20.45 Udinese-Lazio, le ufficiali: Runjaic punta su Davis, Gattuso con Frattesi e Isaksen"
2026-09-08 02:29:38,Google Trends ID,,,https://www.elchecf.es/noticias/el-martinez-valero-vivira-este-lunes-una-noche-muy-especial,Netral,0.0,Indonesia,elche vs real sociedad,1000+,El Martínez Valero vivirá este lunes una noche muy especial
2026-09-08 02:29:38,Google Trends ID,,,https://www.voiceofemirates.com/en/sport/2026/09/07/todays-matches-and-broadcast-channels-al-hilal-vs-neom-and-other-exciting-matches-in-the-egyptian-saudi-spanish-and-italian-leagues/,Netral,0.0,Indonesia,al hilal,500+,"Today's matches and broadcast channels: Al-Hilal vs. Neom, and other exciting matches in the Egyptian, Saudi, Spanish, and Italian leagues"
2026-09-08 02:29:38,Google Trends ID,,,https://inet.detik.com/consumer/d-8652738/harga-iphone-18-pro-dan-iphone-ultra-terungkap-jelang-peluncuran-berapa,Netral,0.0,Indonesia,iphone 18 pro max,200+,"Harga iPhone 18 Pro dan iPhone Ultra Terungkap Jelang Peluncuran, Berapa?"
2026-09-08 02:29:38,Google Trends ID,,,https://www.svt.se/sport/fotboll/liverapportering-allsvenskan-2026?inlagg=05c1ecacd8a15c11171b0fbaa924ad9b,Netral,0.0,Indonesia,allsvenskan,100+,Fotboll: Ett inlägg i ”Liverapportering: Allsvenskan 2026”
2026-09-08 02:29:38,Google Trends ID,,,https://sport.detik.com/sepakbola/bola-dunia/d-8653043/mo-salah-moncer-bikin-rekor-di-turki,Netral,0.0,Indonesia,liga turki,100+,"Mo Salah Moncer, Bikin Rekor di Turki"
2026-09-08 02:29:38,Google Trends ID,,,https://www.bbc.com/sport/football/live/c670lwlq2l12t,Netral,0.0,Indonesia,djurgardens,200+,Kalmar vs Djurgården: Swedish Allsvenskan stats & head-to-head
2026-09-08 02:29:38,Google Trends ID,,,https://sportsbook.fanduel.com/soccer/sweden---allsvenskan/mjallby-v-ifk-goteborg-36016199,Netral,0.0,Indonesia,mjallby,200+,Mjallby v IFK Goteborg Odds
2026-09-08 02:29:38,Google Trends ID,,,https://www.vietnam.vn/pt/nhan-dinh-estoril-vs-arouca-diem-nong-cuoc-dua-top-dau,Netral,0.0,Indonesia,estoril,200+,Previsão para Estoril x Arouca: Um confronto decisivo na principal corrida
2026-09-08 05:19:55,TikTok Trending (News),,,https://news.google.com/rss/articles/CBMixAFBVV95cUxOT3R6TThzUU1PaXQ2RkdJM254dUtmdlNCSk1JeGhWVi1ZaWF1c2FHclNxU3FlWUlOckF0QV91dm5XV0hBWXBBT19OR2VnV0c4RHpPcmxTRDd4WVNqY0RiRHJLZ2NKNGNuUTRVRDJaeWxCN0tWQkxfLXQwRk1PSlJWdjhrMzBFYmR6TG5ETlRzekF3ZXItWFJYc0lScHM0RDR2Vm5mZnFGdV9XT1B3NW1abVU3YWJPV3pnWTV4VTNleWs2YnVB?oc=5,Netral,0.0,Indonesia,Viral TikTok,Trending Sosmed,"Lirik Lagu My Mine Gueh atau MMG oleh Naykilla, Viral di TikTok dengan Transisi Make Up"
2026-09-08 05:19:55,TikTok Trending (News),,,https://news.google.com/rss/articles/CBMivgFBVV95cUxPekt6V0ltQnlnUVNvLUk4VFJ5dnZWeVRfVzZfbEZXZkRLTU9RMEttd2Q3SVFPLXVZaTRSbEFqRlJkejN3MWxMelRBRUhvajcxQ3VTOW5ZNUZxNFFjd1VSTWhxTHpPbTBqVzBad3NBbkdaWnpmYi15Y1VGNjhoVVNQZGpvd19HNVNXQ2RmMU5CaUthR2VEeTNkR1MzRVdPUFFFVGQxZGxxMWx0Z0Q0c3VFalpPUGgySGhFZDVrWm1n0gHDAUFVX3lxTFBoeS1ZY3J2cC10SzNHX19XMi0zbldMNnJWQ3pIVlcyS3ZMaElsdFVGVEFzSHpQMWRCTnFrV0JJQ2tzRDFBTklLcS1RWjNWN0hXMmMyUnNOdkRrb3NfU3lLMFYtb1NJRWYwQzN2LWp1UzRvN3lJaXY4SWhkREhYdDZsVVpZMTItdDdMd2NOQ2YxUGVBWk81c1dmRWFvOVNiM1B5Ni1ReGhVdmNMVmczN1kyY1pLa0FGRHczWGhsdWFTZnc0WQ?oc=5,Netral,0.0,Indonesia,Viral TikTok,Trending Sosmed,Polisi selidiki dugaan penipuan modus tawaran konten TikTok - Portal Lebak
2026-09-08 05:19:55,TikTok Trending (News),,,https://news.google.com/rss/articles/CBMi7wFBVV95cUxQc2JqQUhvYXJ3NFhsSnFueGlJUjJlQlFtLVRScnI2NWZjZU1zbjlhNjg1eFlnU0VkTlVNcEpRblpydUQ3dFRMamQyVzhIbFBNRk41NU1YbmVZbnpRQlZ0RDdRQTRsNmI5b2dTelFlXzJ1UzBHcTN6R3VQNEpPTEM0Y1hqcG5aUGJ4UHFlc3ViZ2c3MTQwRWgwSzlTTHA0dUl2alJqSElxMUd4VHpFc2pFV0lzTEU3QUJyT3FILVA3X3hLVzNaWWtRbDNkcnF0RFlhM3FYbk5ETDV1OFJQLWVESnlIc0R6dHFDQUdhNHZITQ?oc=5,Netral,0.0,Indonesia,Viral TikTok,Trending Sosmed,"Selalu Berikan Pesan Positif, Selebgram Janda Berkelas di Banyuwangi Selalu Viral dengan Sikap Rendah Hati Serta Dermawan"
2026-09-08 05:19:55,X (Twitter) Trending,,,https://x.com/search?q=%23JossGawinFMinDC&src=trend_click,Netral,0.0,Indonesia,#JossGawinFMinDC,Trending di X,Trending Topic X Indonesia: #JossGawinFMinDC
2026-09-08 05:19:55,X (Twitter) Trending,,,https://x.com/search?q=GEMINI%20ART%20VENTURE%20FINALE&src=trend_click,Netral,0.0,Indonesia,GEMINI ART VENTURE FINALE,Trending di X,Trending Topic X Indonesia: GEMINI ART VENTURE FINALE
2026-09-08 05:19:55,Google Trends ID,,,https://www.bloomberglinea.com/latinoamerica/fenomeno-de-el-nino-2026-mapa-de-los-paises-mas-afectados-y-las-medidas-anunciadas/,Netral,0.0,Indonesia,el niño,100+,Fenómeno de El Niño 2026: mapa de los países más afectados y las medidas anunciadas
2026-09-08 05:19:55,Google Trends ID,,,https://wolipop.detik.com/fashion-news/d-8652575/bukan-cuma-naomi-osaka-gaya-berani-ibunya-juga-curi-atensi-di-us-open-2026,Netral,0.0,Indonesia,us open 2026,100+,"Bukan Cuma Naomi Osaka, Gaya Berani Ibunya Juga Curi Atensi di US Open 2026"
2026-09-08 05:19:55,Google Trends ID,,,https://www.itatiaia.com.br/esportes/futebol/futebol-nacional/futebol-do-sul/gremio/luis-castro-modifica-escalacao-do-gremio-para-encarar-vitoria-pelo-brasileiro/,Netral,0.0,Indonesia,vitoria ba,100+,Luís Castro modifica escalação do Grêmio para encarar Vitória pelo Brasileiro
2026-09-08 05:19:55,Google Trends ID,,,https://www.bbc.com/sport/tennis/live/cpw98nkdw47t,Netral,0.0,Indonesia,elena rybakina,200+,"US Open 2026 LIVE: Naomi Osaka vs Elena Rybakina - scores, radio & live text updates"
2026-09-08 05:19:55,Google Trends ID,,,https://www.detik.com/jatim/berita/d-8652480/waktu-sholat-surabaya-hari-ini-subuh-hingga-isya-lengkap-niat,Netral,0.0,Indonesia,jadwal sholat surabaya,100+,Waktu Sholat Surabaya Hari Ini Subuh hingga Isya Lengkap Niat
2026-09-08 05:19:55,Google Trends ID,,,https://www.bbc.com/sport/football/live/cmp8dldk8n76t,Netral,0.0,Indonesia,estoril vs arouca,200+,Estoril vs Arouca: Portuguese Primeira Liga stats & head-to-head
2026-09-08 05:19:55,Google Trends ID,,,https://www.gsmarena.com/leaked_video_shows_iphone_18_pro_max_in_dark_cherry_and_18_pro_in_blue-news-74493.php,Netral,0.0,Indonesia,iphone 18 pro,500+,Leaked video shows iPhone 18 Pro Max in Dark Cherry and 18 Pro in Blue - GSMArena.com news
2026-09-08 05:19:55,Google Trends ID,,,https://www.espn.com/watch/player/_/eventCalendarId/401882893/country/us/redirected/MQTrMNdw%3D%3D,Positif,20.0,Indonesia,real sociedad,1000+,Elche CF vs. Real Sociedad (Matchday #4)
2026-09-08 05:19:55,Google Trends ID,,,https://pontianakpost.jawapos.com/sepak-bola/2609070005/prediksi-skor-getafe-vs-celta-vigo-di-liga-spanyol-adu-ketajaman-yang-masih-tumpul,Netral,0.0,Indonesia,celta vigo,100+,Prediksi Skor Getafe vs Celta Vigo di Liga Spanyol: Adu Ketajaman yang Masih Tumpul
2026-09-08 05:19:55,Google Trends ID,,,https://www.vidio.com/blog/pekan-pertama-ucl-2026-27/,Netral,0.0,Indonesia,liga champions uefa,2000+,Tempat Nonton Pekan Pertama UCL 2026/27: Persaingan Liga Champions Dimulai
2026-09-08 08:00:06,TikTok Trending (News),,,https://news.google.com/rss/articles/CBMilAFBVV95cUxPR0k5YlR2aGRGUXhBME9KMHVkRllYSnhGNTJvQnpsOUdoMEhFdGluYThFTDNkT0NMb09tM2NRam5xd2FnSmEzSEJ1M2xPRl9MTnRNUE8wamZZSDBITUptZUlpUVRkdUNYSk94bGFHaG5xZ2ZWdHpSTWJVQnNraHlHclRMSFE0R2U3VUM4Ukc4cTVKcGFY?oc=5,Netral,0.0,Indonesia,Viral TikTok,Trending Sosmed,Pedagang Viral di TikTok Klarifikasi Isu Uang Tempat Rp20 Juta
2026-09-08 08:00:06,TikTok Trending (News),,,https://news.google.com/rss/articles/CBMiqgFBVV95cUxPT1JkV253MndjcEZ0c00tLVN0NUdvaGx0TUY2b0pXcmRqUEdhZjBJWUl2b1h2OVlRS3RHbnljOG50N3VySk1XaEFhQ09TY0ppS3U4MmJYaFhWenAwSzdIeEdndDlsTHNDNHgyX3RBRGpSQUJCNENVWV9qQndqZGhPWEgyaGNiWWRCcDlaRWNpWmdRR2xnT0ZKZFVMdmNGbUpvckQzTXU3N1BlQQ?oc=5,Netral,0.0,Indonesia,Viral TikTok,Trending Sosmed,Video Musik Isyana Lembaran Buku Tantang Algoritma TikTok
2026-09-08 08:00:06,X (Twitter) Trending,,,https://x.com/search?q=Situasi%20Apapun%20Hadir&src=trend_click,Netral,0.0,Indonesia,Situasi Apapun Hadir,Trending di X,Trending Topic X Indonesia: Situasi Apapun Hadir
2026-09-08 08:00:06,Google Trends ID,,,https://cepr.org/voxeu/columns/generative-ai-learning-penalty-secondary-school,Negatif,-30.0,Indonesia,classroom,2000+,The generative AI learning penalty in secondary school
2026-09-08 08:00:06,Google Trends ID,,,https://www.flashscore.com/news/us-open-live-tracker-september-7-zverev-swiatek-rybakina-osaka-gauff/lUKtHFnl/,Netral,0.0,Indonesia,coco gauff,100+,"US Open LIVE: Rybakina roars past Osaka, Cerundolo battling Blockx"
2026-09-08 08:00:06,Google Trends ID,,,https://tribratanews.polri.go.id/blog/nasional-3/kapolri-pemerintah-tegaskan-larangan-bakar-lahan-di-tengah-el-nino-105578,Netral,0.0,Indonesia,pemerintah,200+,Kapolri :Pemerintah Tegaskan Larangan Bakar Lahan di Tengah El Nino
2026-09-08 08:00:06,Google Trends ID,,,https://onefootball.com/es/noticias/se-repartieron-puntos-43420532,Netral,0.0,Indonesia,argentinos juniors,200+,Se repartieron puntos
2026-09-08 08:35:02,TikTok Trending (News),,,https://news.google.com/rss/articles/CBMi1AFBVV95cUxPdXh5VGRIQ1c3MU91YXAxc2E4bVY5R1h2VlNMQ2JFeGo3dnJhOEc1VUcxQVZaUUlDd2hMT202Qjd6bmlKN1BtVllrOFNMb0NuSDNkZWkzSTZsMEVLY0xYaTNGbEJPRG9yOUdBN3hDb2FaUzRLWXdHWllMWkJlc3Y5UXJuX2xfckxIczR3c3hQbVYxOENTYUR2b0xVZmpPS1ZsMEJZNHJnQ1YyZVBvNVhSdVBPVHdHb01yR0dmUmxKMGVZY0hXYmQyaWdHNHdOUHQ5cDNNLdIB2gFBVV95cUxNTkctaVY4TnR4YVUzc05RS0RTaWdsN3NtUm1NUGlwR3FqUktEa0M3dXl6VjVLZW1oemxHNEI4QWtMVkxIVnZmNUVUdWdNaXo0Qmg0c1B5cDNnWnBrM2lvcHZtZUZaQnFHX3c2OUw4OF9yOGxOZzgtNGJhUFdMaFZPUmx3RDVlUWdjZmdrRG9zT29PU2xqTE9VbmhQT2t0RjRFU0s3amtjVkVoeUExRkozQlJad1B2Qks4MXA1MENqbXh2czVZRnZIUEk5Ukt6VXA4VmlQbVdvYnJvQQ?oc=5,Netral,0.0,Indonesia,Viral TikTok,Trending Sosmed,"Link Video Viral 21 Detik Kepsek dan Guru SD Pekalongan Diburu, Waspadai Tautan Palsu"
2026-09-08 08:35:02,TikTok Trending (News),,,https://news.google.com/rss/articles/CBMivwFBVV95cUxNNGc3NWtWcDlfNW9fWDFyX0g5X1Z6dWhhVVMzaFNVOTFUN2JjUzloUWFLQ0Y4ajlNX05QY1BnVFVoaHpTMnhwVkNSM0NKVEdaVGRqMktwRzRvS3d0dXE3Qk1DeFNOTEc0QjlNcF9CQkY3czItYUE2cS1uT09UdEg2X0pNdUw5VmZxM0tGM2lCX1hZUzhOc1hnR1NTUGs2MElLRjlpdWFkQmZCalJVbVc3V1Z0eDQweUJDeUg4UktIc9IBxAFBVV95cUxPb3BESGtHZVZSUWN2MUNicTBtOWFlQ2xpZlZXaDEtN1ZnV2hWaEp4RVN3ZWhEblFITEYtOWdHc2w1R01qUXd3cXNIN2NkbXhOUG03NUVEOHZPa0pCM2xna1BnQW5hTzJqWm1vZUFHX1ZXSzlXcHhlYUtqWUxIWXY2QnhKNWFVdXNJOEhpTFNkek9mVUFGZGlWN281N1l2Ui1hd2stMkV1empnWm43alF6X1NKTlYxM1FvRHBrSFcza1JOTXdE?oc=5,Netral,0.0,Indonesia,Viral TikTok,Trending Sosmed,Siapa Terduga Pelaku Pembuangan Bayi di Semarang Viral di TikTok? Ternyata... - Jatim Network
2026-09-08 08:35:02,X (Twitter) Trending,,,https://x.com/search?q=%23CRZY%ED%95%9C_TASTE_%EC%9D%BC%EC%A3%BC%EB%85%84&src=trend_click,Netral,0.0,Indonesia,#CRZY한_TASTE_일주년,Trending di X,Trending Topic X Indonesia: #CRZY한_TASTE_일주년
2026-09-08 08:35:02,X (Twitter) Trending,,,https://x.com/search?q=NEW%20MONEY%20ERA&src=trend_click,Positif,13.64,Indonesia,NEW MONEY ERA,Trending di X,Trending Topic X Indonesia: NEW MONEY ERA
2026-09-08 08:35:02,X (Twitter) Trending,,,https://x.com/search?q=%23PercepatanPemulihanBencana&src=trend_click,Netral,0.0,Indonesia,#PercepatanPemulihanBencana,Trending di X,Trending Topic X Indonesia: #PercepatanPemulihanBencana
2026-09-08 08:35:02,X (Twitter) Trending,,,https://x.com/search?q=Bantuan%20Pelayanan%20Korban&src=trend_click,Positif,100.0,Indonesia,Bantuan Pelayanan Korban,Trending di X,Trending Topic X Indonesia: Bantuan Pelayanan Korban
2026-09-08 08:35:02,Google Trends ID,,,https://sport.detik.com/sepakbola/liga-jerman/d-8653063/harry-kane-takjub-bisa-lampaui-rekor-gol-ronaldo,Netral,0.0,Indonesia,lewati,500+,Harry Kane Takjub Bisa Lampaui Rekor Gol Ronaldo
2026-09-08 08:35:02,Google Trends ID,,,https://www.theguardian.com/sport/live/2026/sep/07/us-open-tennis-2026-swiatek-v-zheng-osaka-v-rybakina-and-more-on-day-nine-live,Positif,25.0,Indonesia,coco gauff,200+,"US Open tennis 2026: Rybakina brushes aside Osaka, Zheng stuns Swiatek, and more on day nine – as it happened"
2026-09-08 08:35:02,Google Trends ID,,,https://www.bbc.com/news/articles/ce8e32n8epeo,Negatif,-100.0,Indonesia,miami,100+,Flight recorders recovered from 'devastating' Amazon cargo plane crash
2026-09-08 08:35:02,Google Trends ID,,,https://www.goal.com/id/daftar/milan-debut-moreira-sebagai-starter-mantan-pemain-strasbourg-itu-tampil-buruk-tetapi-punya-beberapa-alasan-yang-meringankan/blt9f7905228483b21a,Netral,0.0,Indonesia,diego moreira,200+,"Milan, debut Moreira sebagai starter: mantan pemain Strasbourg itu tampil buruk, tetapi punya beberapa alasan yang meringankan"
2026-09-08 08:35:02,Google Trends ID,,,https://www.digitalfoundry.net/news/2026/09/gta-6s-worldwide-release-times-revealed-with-new-zealand-set-to-receive-access-19-hours-before-mexico-and-central-america,Netral,0.0,Indonesia,gta 6,500+,GTA 6's Worldwide Release Times Revealed - with New Zealand Set to Receive Access 19 Hours Before Mexico and Central America
2026-09-08 08:35:02,Google Trends ID,,,https://premium.bisnis.com/read/20260907/656/2002037/morgan-stanley-muncul-di-daftar-pemegang-saham-jumbo-goto,Netral,0.0,Indonesia,morgan stanley,100+,Morgan Stanley Muncul di Daftar Pemegang Saham Jumbo GOTO
2026-09-08 08:35:02,Google Trends ID,,,https://takta.com.br/esporte/vitoria-tem-desfalque-importante-contra-o-gremio/,Netral,0.0,Indonesia,vitória vs grêmio,1000+,Vitória Tem Desfalque Importante Contra O Grêmio
2026-09-08 11:14:38,TikTok Trending (News),,,https://news.google.com/rss/articles/CBMidEFVX3lxTE9hSEVCOFhFb2pBbW4yZjQ3b0tBeDB6c0ZNTVRqQUN5TUh2YXJuOWFnX2VCUG9DR0V2MlJBbjJzMFJXaDFrSEdZdlZNM0NkazVwTE50a2dudWo5ZnlnSi1SXzRjcU5KZmxRUTFLbE1QY2VCWXhE?oc=5,Netral,0.0,Indonesia,Viral TikTok,Trending Sosmed,"Meme Coin BIPOLAR Viral TikTok Meluncur Besok, Tapi Ada Jebakan"
2026-09-08 11:14:38,TikTok Trending (News),,,https://news.google.com/rss/articles/CBMi1AFBVV95cUxPS2tUSUJpbTdGcThNVDQwUHA4VE9CdkstUVQxYzI1dlF6bGhSUllQY3ZPa3NET09XaW5TbjlXWlJRU2JkUU5RYk54NTJ0eVpIVHAxVnZPMWZMb1BLYzVOZ2U1a0NoNFVRT1ZGeUhOZzhwX0VVNTd6UHhEQWszLXpac1hGeGtkOF93LWJNNmQ2OThwcU9sV0hENkpzbm5ndGw1bXdzMzNZZkFjaEVsNnIzbVpvWjBpZGpxN1NvZTJsMW5ydXpheGYzcTU0WXdzU09qX0NBStIBugFBVV95cUxQWXAyanR2VERKZ0ZWT3lZaV9SX3AwMnRTMktUQXZORHVaMHpMa3d2clQ0Rm1sdmV0NTFXUlBRVjFGZjBqelNMNGFOTEEtSG9YMGV5RjVwMFU1SDNvOHJVNkZYaTVESjdyNFQtVUNPZldoNEVCWDZaRmpmWTNZSWNIQmV1YzdjZ0hYN3pnZk42bUFMa0hUR3VnUFd2X1drUDJqWEhjMFZZR0NBOU1tX1haMU5wcTc0MjZheXc?oc=5,Netral,0.0,Indonesia,Viral TikTok,Trending Sosmed,"Tahu Campur Lamongan Mas Chus, Kuliner Khas Jawa Timur yang Viral Ditonton 6,1 Juta Kali di TikTok"
2026-09-08 11:14:38,TikTok Trending (News),,,https://news.google.com/rss/articles/CBMi6AFBVV95cUxQXzd1ajFoQ1E2OExvYzEta0dJeEg0c1Jrb1lwb294LW03WjNQcUVFWmZZNTcxMlFRNjlUVm03Y1Z2enB2RDJDcXhRSzlYc2ZfMTdlaDBLbFhScTVLZjNOdlQtN1dpU21EaXlUTnlJOWxhdGlwQXRhOHM4Ym0zYUsxNkhzLWYyREJSZ2FkalRXdXlxSmlocXpHODA0ZjRPNFZ3bm9YX0JGSEVkLUh6aElqY2hYMTFKanJWbW00NUM3R0dyYVZkYVFiYWFWLVB0WVFSOTVySW5pcDkxY18zdURGVG5rdV9zRlRm?oc=5,Netral,0.0,Indonesia,Viral TikTok,Trending Sosmed,"Antrean Solar di SPBU Lakaran Mengular hingga Jalan, Viral di TikTok dan Bikin Arus Lalu Lintas Tersendat"
2026-09-08 11:14:38,TikTok Trending (News),,,https://news.google.com/rss/articles/CBMixwFBVV95cUxPUllYeEpOVktCWDlMY01EeWljWmVveGNXeFRIYnIwMk53TUJGX0dYZXdEVm16TEdTRFFvcGp3NDg3cGpPSnljX2I3bHFfRU9uZXFLcG82bUZJc1hhdjBZZm9HVWRnM0FmRVRrSl9Ubm45ZVkxbzVNd01CRUt5RF91ckNCQ2gtVGhvLThQSzJTN0wtc0xaVzIxUUpsSG5DcXMtVDZta2UtdFNtVGhHSlo1RkdWa1N0YV9jNjJpZ0hSb2ZLZUlBTks00gG7AUFVX3lxTFBPWHgyemJVOV93OENURnktRzl5clVHeDRzazUtVjJiN21RX0UxX0V4MXhxNkVULXBURkVhRmFsLTdOSnl1cTRabTBUZU9TUGNMTWd3TnhvLVFOcUkzeDlGQ1JPQXFjYS1iOTFlbDhmdlV1M09IcUNKTzdsRVJ5bGJqWlg0RmlHaXFPOUU2YUY1bGJOY0hMdEVUTXhJcWVWYjlHOTRiSkhsWnRvekdTcmtRdGlHbk4yS3hQLWc?oc=5,Netral,0.0,Indonesia,Viral TikTok,Trending Sosmed,In We Trust Artinya Apa dalam Bahasa Gaul? Ini Maksud Tren In We Trust di TikTok - radarjabar.disway.id
2026-09-08 11:14:38,TikTok Trending (News),,,https://news.google.com/rss/articles/CBMiuwFBVV95cUxOY21KMjNPZFY4U3ltR3dLdFBpcm00Tm03eGI0d2xDTEVKMU5fM0lOM0pQNWw3WkVBaTZjODFtLUJFN0dURVFTUlBMT3VzTDctYUp1bGNycWlCQnZUTTN5QXBFZHA0X3REOE9EOHpTT0lGZTlmckdDNFo5bk9keGhWMWJZNldsbllCZ1RuRXp5LUM4QmppbmFZdGpIVUpIZkp5cUlENnlsWDJaaEo3N0FBakxVU2UzZTdGZTc4?oc=5,Netral,0.0,Indonesia,Viral TikTok,Trending Sosmed,"Literasi Informasi Digital Generasi Muda di Desa Lambusa, Masih Menghadapi Hoaks"
2026-09-08 11:14:38,X (Twitter) Trending,,,https://x.com/search?q=%23HOPPYLYNNDAY&src=trend_click,Netral,0.0,Indonesia,#HOPPYLYNNDAY,Trending di X,Trending Topic X Indonesia: #HOPPYLYNNDAY
2026-09-08 11:14:38,X (Twitter) Trending,,,https://x.com/search?q=%23%E7%90%B3%E6%9C%89%E6%BB%A1%E6%BB%A1%E7%9A%84%E7%88%B1&src=trend_click,Netral,0.0,Indonesia,#琳有满满的爱,Trending di X,Trending Topic X Indonesia: #琳有满满的爱
2026-09-08 11:14:38,X (Twitter) Trending,,,https://x.com/search?q=%23TommyHilfiger&src=trend_click,Netral,0.0,Indonesia,#TommyHilfiger,Trending di X,Trending Topic X Indonesia: #TommyHilfiger
2026-09-08 11:14:38,X (Twitter) Trending,,,https://x.com/search?q=DEATH%20OF%20ME%20OUT%20NOW&src=trend_click,Netral,0.0,Indonesia,DEATH OF ME OUT NOW,Trending di X,Trending Topic X Indonesia: DEATH OF ME OUT NOW
2026-09-08 11:14:38,X (Twitter) Trending,,,https://x.com/search?q=KNP%20DENTISTE%20PARAGON&src=trend_click,Netral,0.0,Indonesia,KNP DENTISTE PARAGON,Trending di X,Trending Topic X Indonesia: KNP DENTISTE PARAGON
2026-09-08 11:14:38,X (Twitter) Trending,,,https://x.com/search?q=JOSSGAWIN%20IN%20DC%20R1&src=trend_click,Netral,0.0,Indonesia,JOSSGAWIN IN DC R1,Trending di X,Trending Topic X Indonesia: JOSSGAWIN IN DC R1
2026-09-08 11:14:38,Google Trends ID,,,https://www.arsenal.com/news/watch-a-full-match-replay-of-our-chelsea-clash-aoppL8I6BCyE,Positif,35.0,Indonesia,arsenal news,200+,Watch a full match replay of our Chelsea clash
2026-09-08 11:14:38,Google Trends ID,,,https://jatim.idntimes.com/news/jawa-timur/hidup-sebatang-kara-lansia-di-magetan-kini-kehilangan-sandaran-pkh-00-1ggkk-lj40wn,Netral,0.0,Indonesia,lewati,1000+,"Hidup Sebatang Kara, Lansia di Magetan Kini Kehilangan Sandaran PKH"
2026-09-08 11:14:38,Google Trends ID,,,https://cryptonews.net/news/altcoins/33407593/,Positif,25.0,Indonesia,meme,200+,Top 3 Meme Coins to Watch in the Second Week of September
2026-09-08 11:14:38,Google Trends ID,,,https://www.nyc.gov/mayors-office/news/2026/09/mayor-mamdani-and-chancellor-samuels-put-students-first-with-nat,Positif,25.0,Indonesia,classroom,2000+,Mayor Mamdani and Chancellor Samuels Put Students First with Nation’s Broadest Generative AI Moratorium in Schools
2026-09-08 13:36:31,detikNews,Berita & Peristiwa,Demokrat Tegaskan Pidato AHY soal Kekuasaan Tak Terkait Pilpres 2029,https://news.detik.com/berita/d-8653181/demokrat-tegaskan-pidato-ahy-soal-kekuasaan-tak-terkait-pilpres-2029,Netral,0.0,,,,
2026-09-08 13:36:31,SINDOnews Nasional,Nasional & Politik,"Kapal OPV, Bukti Kapasitas Industri Pertahanan Swasta",https://nasional.sindonews.com/read/1468545/16/kapal-opv-bukti-kapasitas-industri-pertahanan-swasta-1728220250,Netral,0.0,,,,
2026-09-08 13:36:31,Liputan6 News,Hukum & Politik,Demokrat Sebut Pidato AHY Soal Kekuasaan sebagai Pembelajaran Demokrasi,https://www.liputan6.com/news/read/8287173/demokrat-sebut-pidato-ahy-soal-kekuasaan-sebagai-pembelajaran-demokrasi,Netral,0.0,,,,
2026-09-08 13:36:31,Liputan6 News,Hukum & Politik,Prabowo Pertimbangkan Menggabung Badan Geologi dan BMKG,https://www.liputan6.com/news/read/8287166/prabowo-pertimbangkan-menggabung-badan-geologi-dan-bmkg,Netral,0.0,,,,
2026-09-08 13:36:31,Liputan6 News,Hukum & Politik,"Range Rover hingga Tas Mewah, Deretan Barang Sitaan Eks Honorer Kemenag",https://www.liputan6.com/news/read/8287169/range-rover-hingga-tas-mewah-deretan-barang-sitaan-eks-honorer-kemenag,Netral,0.0,,,,
2026-09-08 13:36:31,Liputan6 News,Hukum & Politik,"Pria Lompat ke Rel Stasiun Tanah Abang, KAI Ungkap Kronologinya",https://www.liputan6.com/news/read/8287149/pria-lompat-ke-rel-stasiun-tanah-abang-kai-ungkap-kronologinya,Netral,0.0,,,,
2026-09-08 13:36:31,Liputan6 News,Hukum & Politik,Puan Minta Dugaan Lahan Bekas Kebakaran Hutan Jadi Kebun Sawit Diselidiki,https://www.liputan6.com/news/read/8287089/puan-minta-dugaan-lahan-bekas-kebakaran-hutan-jadi-kebun-sawit-diselidiki,Netral,0.0,,,,
2026-09-08 13:36:31,Liputan6 News,Hukum & Politik,Sido Muncul Kembali Salurkan Bantuan Rp510 Juta untuk Masyarakat Terdampak Gempa NTT,https://www.liputan6.com/news/read/8286953/sido-muncul-kembali-salurkan-bantuan-rp510-juta-untuk-masyarakat-terdampak-gempa-ntt,Netral,0.0,,,,
2026-09-08 13:36:31,Liputan6 News,Hukum & Politik,RUU Reforma Agraria Jadi Usul Inisiatif DPR,https://www.liputan6.com/news/read/8287063/ruu-reforma-agraria-jadi-usul-inisiatif-dpr,Netral,0.0,,,,
2026-09-08 13:36:31,Liputan6 News,Hukum & Politik,"Gempa Magnitudo 5,2 Guncang 60 km Timur Laut RUTENG-MANGGARAI-NTT",https://www.liputan6.com/news/read/8287060/gempa-magnitudo-52-guncang-60-km-timur-laut-ruteng-manggarai-ntt,Negatif,-100.0,,,,
2026-09-08 13:36:31,Liputan6 News,Hukum & Politik,Kejagung Tak Dampingi Febrio Adriono di Kasus Kematian Sutrimo,https://www.liputan6.com/news/read/8287031/kejagung-tak-dampingi-febrio-adriono-di-kasus-kematian-sutrimo,Negatif,-100.0,,,,
2026-09-08 13:36:31,Liputan6 News,Hukum & Politik,"Sebelum ke Luar Negeri, Prabowo Pastikan Masalah Domestik Tertangani",https://www.liputan6.com/news/read/8287040/sebelum-ke-luar-negeri-prabowo-pastikan-masalah-domestik-tertangani,Netral,0.0,,,,
2026-09-08 13:36:31,Liputan6 News,Hukum & Politik,DPR Setujui Penjualan Eks KRI Ki Hajar Dewantara Lewat Lelang,https://www.liputan6.com/news/read/8287018/dpr-setujui-penjualan-eks-kri-ki-hajar-dewantara-lewat-lelang,Netral,0.0,,,,
2026-09-08 13:36:31,Liputan6 News,Hukum & Politik,"Abu Anak Krakatau Menyebar, PAM Jaya Ungkap Kondisi Air Jakarta",https://www.liputan6.com/news/read/8287010/abu-anak-krakatau-menyebar-pam-jaya-ungkap-kondisi-air-jakarta,Netral,0.0,,,,
2026-09-08 13:36:31,Liputan6 News,Hukum & Politik,"Febrie Adriansyah Kembali Diperiksa Tim 9 Kejagung, Begini Kondisinya",https://www.liputan6.com/news/read/8286990/febrie-adriansyah-kembali-diperiksa-tim-9-kejagung-begini-kondisinya,Netral,0.0,,,,
2026-09-08 13:36:31,Liputan6 News,Hukum & Politik,Sidang Ade Kuswara dan Roy Suryo Ditunda Imbas Erupsi Anak Krakatau,https://www.liputan6.com/news/read/8286985/sidang-ade-kuswara-dan-roy-suryo-ditunda-imbas-erupsi-anak-krakatau,Netral,0.0,,,,
2026-09-08 13:36:31,Liputan6 News,Hukum & Politik,Helikopter TNI AU Dikerahkan Padamkan Kebakaran TPA Galuga,https://www.liputan6.com/news/read/8286966/helikopter-tni-au-dikerahkan-padamkan-kebakaran-tpa-galuga,Netral,0.0,,,,
2026-09-08 13:36:31,Liputan6 News,Hukum & Politik,"Menko Yusril Soal Buku Islam Ala Prabowo, “Saya Tidak Menulis, Hanya Diwawancarai""",https://www.liputan6.com/news/read/8286850/menko-yusril-soal-buku-islam-ala-prabowo-saya-tidak-menulis-hanya-diwawancarai,Netral,0.0,,,,
2026-09-08 13:36:31,Liputan6 News,Hukum & Politik,"Hadapi El Nino, Prabowo Perintahkan Bantuan Beras Lanjut hingga Desember",https://www.liputan6.com/news/read/8286798/hadapi-el-nino-prabowo-perintahkan-bantuan-beras-lanjut-hingga-desember,Positif,100.0,,,,
2026-09-08 13:36:31,Liputan6 News,Hukum & Politik,"Ada Kapal Induk Italia, Begini Strategi Prabowo Atasi Kebakaran Hutan",https://www.liputan6.com/news/read/8286628/ada-kapal-induk-italia-begini-strategi-prabowo-atasi-kebakaran-hutan,Netral,0.0,,,,
2026-09-08 13:36:31,Liputan6 News,Hukum & Politik,Pemerintah Tegaskan Desil Bukan Penentu Tunggal Penerima Bansos,https://www.liputan6.com/news/read/8286958/pemerintah-tegaskan-desil-bukan-penentu-tunggal-penerima-bansos,Netral,0.0,,,,
2026-09-08 13:36:31,Liputan6 News,Hukum & Politik,Febrie Adriansyah Kembali Diperiksa Terkait Kasus Asabri,https://www.liputan6.com/news/read/8286951/febrie-adriansyah-kembali-diperiksa-terkait-kasus-asabri,Negatif,-100.0,,,,
2026-09-08 13:36:31,Liputan6 News,Hukum & Politik,"Anak Krakatau Erupsi Lagi Pagi Ini, Simak Detailnya",https://www.liputan6.com/news/read/8286937/anak-krakatau-erupsi-lagi-pagi-ini-simak-detailnya,Netral,0.0,,,,
2026-09-08 13:36:31,Liputan6 News,Hukum & Politik,KPK Ungkap Anggota DPRD Bengkulu Diduga Terima 2 Mobil dari Swasta,https://www.liputan6.com/news/read/8286918/kpk-ungkap-anggota-dprd-bengkulu-diduga-terima-2-mobil-dari-swasta,Netral,0.0,,,,
2026-09-08 13:36:31,Liputan6 News,Hukum & Politik,Kejagung Tanggapi Tudingan Aliran Rp 40 Miliar ke Pejabat,https://www.liputan6.com/news/read/8286901/kejagung-tanggapi-tudingan-aliran-rp-40-miliar-ke-pejabat,Netral,0.0,,,,
2026-09-08 13:36:31,Liputan6 News,Hukum & Politik,KPK Duga Istri Bupati Pemalang Punya Peran Penting dalam Kasus Pemerasan,https://www.liputan6.com/news/read/8286891/kpk-duga-istri-bupati-pemalang-punya-peran-penting-dalam-kasus-pemerasan,Negatif,-100.0,,,,
2026-09-08 13:36:31,Liputan6 News,Hukum & Politik,"RUU Reforma Agraria Disetujui, Badan Baru Bakal Dibentuk",https://www.liputan6.com/news/read/8286883/ruu-reforma-agraria-disetujui-badan-baru-bakal-dibentuk,Netral,0.0,,,,
2026-09-08 13:36:31,Liputan6 News,Hukum & Politik,Kapan Hujan Abu Anak Krakatau Berhenti?,https://www.liputan6.com/news/read/8286870/kapan-hujan-abu-anak-krakatau-berhenti,Netral,0.0,,,,
2026-09-08 13:36:31,Liputan6 News,Hukum & Politik,BMKG: Abu Vulkanik Anak Krakatau Diprakirakan Menjauhi Indonesia,https://www.liputan6.com/news/read/8286854/bmkg-abu-vulkanik-anak-krakatau-diprakirakan-menjauhi-indonesia,Netral,0.0,,,,
2026-09-08 13:36:31,iNews Nasional,Peristiwa & Hukum,"Nasional 7 jam lalu Istri Bupati Pemalang Anom Widiyantoro Mangkir dari Pemeriksaan, KPK Panggil Ulang",https://www.inews.id/news/nasional/istri-bupati-pemalang-anom-widiyantoro-mangkir-dari-pemeriksaan-kpk-panggil-ulang,Netral,0.0,,,,
2026-09-08 13:36:31,iNews Nasional,Peristiwa & Hukum,"Nasional 6 jam lalu RUU Reforma Agraria Jadi Usul Inisiatif DPR, bakal Bentuk Badan Baru di Bawah Presiden",https://www.inews.id/news/nasional/ruu-reforma-agraria-jadi-usul-inisiatif-dpr-bakal-bentuk-badan-baru-di-bawah-presiden,Netral,0.0,,,,
2026-09-08 13:36:31,iNews Nasional,Peristiwa & Hukum,Nasional 6 jam lalu Bandara Soetta hingga Halim kembali Beroperasi Normal usai Terdampak Erupsi Anak Krakatau,https://www.inews.id/news/nasional/bandara-soetta-hingga-halim-kembali-beroperasi-normal-usai-terdampak-erupsi-anak-krakatau,Positif,15.0,,,,
2026-09-08 13:36:31,iNews Nasional,Peristiwa & Hukum,Nasional Daftar Harga BBM Pertamina 8 September 2026 di SPBU Seluruh Indonesia,https://www.inews.id/news/nasional/daftar-harga-bbm-pertamina-8-september-2026-di-spbu-seluruh-indonesia,Netral,0.0,,,,
2026-09-08 13:36:31,iNews Nasional,Peristiwa & Hukum,Nasional Tok! DPR Setujui Penjualan Kapal Perang TNI KRI Ki Hajar Dewantara,https://www.inews.id/news/nasional/tok-dpr-setujui-penjualan-kapal-perang-tni-kri-ki-hajar-dewantara,Netral,0.0,,,,
2026-09-08 13:36:31,iNews Nasional,Peristiwa & Hukum,"Nasional Gunung Anak Krakatau kembali Erupsi Pagi Ini, Warga Diminta Jauhi Zona Bahaya",https://www.inews.id/news/nasional/gunung-anak-krakatau-kembali-erupsi-pagi-ini-warga-diminta-jauhi-zona-bahaya,Negatif,-100.0,,,,
2026-09-08 13:36:31,iNews Nasional,Peristiwa & Hukum,"Nasional Qodari: Sebelum ke Luar Negeri, Prabowo Pastikan Persoalan di Indonesia Tertangani",https://www.inews.id/news/nasional/qodari-sebelum-ke-luar-negeri-prabowo-pastikan-persoalan-di-indonesia-tertangani,Netral,0.0,,,,
2026-09-08 13:36:31,iNews Nasional,Peristiwa & Hukum,Nasional BNPB Lanjutkan Operasi Pemadaman Karhutla hingga Musim Hujan Datang,https://www.inews.id/news/nasional/bnpb-lanjutkan-operasi-pemadaman-karhutla-hingga-musim-hujan-datang,Netral,0.0,,,,
2026-09-08 13:36:31,iNews Nasional,Peristiwa & Hukum,Nasional 11 menit lalu Kejagung Protes Eks Waka BGN Lodewyk Pusung Dibolehkan Berbicara di Praperadilan: Kapasitasnya Apa?,https://www.inews.id/news/nasional/kejagung-protes-eks-waka-bgn-lodewyk-pusung-dibolehkan-berbicara-di-praperadilan-kapasitasnya-apa,Negatif,-100.0,,,,
2026-09-08 13:36:31,iNews Nasional,Peristiwa & Hukum,"Nasional 30 menit lalu 13 Barang Wajib Ada di Tas Siaga Bencana, Baju dan Makanan Saja Tak Cukup!",https://www.inews.id/news/nasional/13-barang-wajib-ada-di-tas-siaga-bencana-baju-dan-makanan-saja-tak-cukup,Negatif,-100.0,,,,
2026-09-08 13:36:31,iNews Nasional,Peristiwa & Hukum,"Nasional 37 menit lalu Jaksa Tampilkan Barang Bukti Sitaan Eks Honorer Kemenag di Kasus Kuota Haji, Ada Range Rover hingga 2 Rumah",https://www.inews.id/news/nasional/jaksa-tampilkan-barang-bukti-sitaan-eks-honorer-kemenag-di-kasus-kuota-haji-ada-range-rover-hingga-2-rumah,Negatif,-100.0,,,,
2026-09-08 13:36:31,iNews Nasional,Peristiwa & Hukum,"Nasional 1 jam lalu Sidang Praperadilan, Lodewyk Pusung Ungkap Eks Kepala BGN Nanik S Deyang Punya 5 Dapur MBG",https://www.inews.id/news/nasional/sidang-praperadilan-lodewyk-pusung-ungkap-eks-kepala-bgn-nanik-s-deyang-punya-5-dapur-mbg,Netral,0.0,,,,
2026-09-08 13:36:31,iNews Nasional,Peristiwa & Hukum,Nasional 2 jam lalu PDIP Laporkan 6 Akun Medsos yang Kaitkan Kader Ellen Taroreh dengan Ojol Melva saat Demo DPR,https://www.inews.id/news/nasional/pdip-laporkan-6-akun-medsos-yang-kaitkan-kader-ellen-taroreh-dengan-ojol-melva-saat-demo-dpr,Negatif,-100.0,,,,
2026-09-08 13:36:31,iNews Nasional,Peristiwa & Hukum,Nasional Kejagung Tetapkan PT Toba Pulp Lestari Tersangka Korupsi Transfer Pricing dan Under Invoicing,https://www.inews.id/news/nasional/kejagung-tetapkan-pt-toba-pulp-lestari-tersangka-korupsi-transfer-pricing-dan-under-invoicing,Negatif,-100.0,,,,
2026-09-08 13:36:31,iNews Nasional,Peristiwa & Hukum,Nasional 6 Bandara Disiapkan jadi Alternatif usai Abu Gunung Anak Krakatau Ganggu Penerbangan,https://www.inews.id/news/nasional/6-bandara-disiapkan-jadi-alternatif-usai-abu-gunung-anak-krakatau-ganggu-penerbangan,Netral,0.0,,,,
2026-09-08 13:36:31,iNews Nasional,Peristiwa & Hukum,"Nasional Prabowo Pimpin Ratas Bahas Bencana: Ini Takdir Kita, Negara yang Ada di Lingkaran Api",https://www.inews.id/news/nasional/prabowo-pimpin-ratas-bahas-bencana-ini-takdir-kita-negara-yang-ada-di-lingkaran-api,Negatif,-100.0,,,,
2026-09-08 13:36:31,iNews Nasional,Peristiwa & Hukum,"Nasional 2 jam lalu Puan Minta Pemerintah Antisipasi Bencana secara Terpadu, Dikoordinasikan Para Menko",https://www.inews.id/news/nasional/puan-minta-pemerintah-antisipasi-bencana-secara-terpadu-dikoordinasikan-para-menko,Negatif,-100.0,,,,
2026-09-08 13:36:31,iNews Nasional,Peristiwa & Hukum,Nasional 6 jam lalu Qodari Ungkap Misi Prabowo saat Berkunjung ke Rusia dan Bertemu Putin,https://www.inews.id/news/nasional/qodari-ungkap-misi-prabowo-saat-berkunjung-ke-rusia-dan-bertemu-putin,Netral,0.0,,,,
2026-09-08 13:36:31,iNews Nasional,Peristiwa & Hukum,Nasional 2 jam lalu Prodi Pendidikan Bahasa Inggris MNC University Raih Akreditasi Unggul dari LAMDIK,https://www.inews.id/news/nasional/prodi-pendidikan-bahasa-inggris-mnc-university-raih-akreditasi-unggul-dari-lamdik,Netral,0.0,,,,
2026-09-08 13:36:31,iNews Nasional,Peristiwa & Hukum,"Nasional 2 jam lalu Prabowo Mau Gabungkan BMKG-Badan Geologi, Puan: Dikaji Dulu, Tugasnya Beda-Beda",https://www.inews.id/news/nasional/prabowo-mau-gabungkan-bmkg-badan-geologi-puan-dikaji-dulu-tugasnya-beda-beda,Netral,0.0,,,,
2026-09-08 13:36:31,iNews Nasional,Peristiwa & Hukum,"Nasional 2 jam lalu Febrie Adriansyah Tiba di Kejagung untuk Diperiksa, Tangan Diborgol dan Tebar Senyuman",https://www.inews.id/news/nasional/febrie-adriansyah-tiba-di-kejagung-untuk-diperiksa-tangan-diborgol-dan-tebar-senyuman,Netral,0.0,,,,
2026-09-08 13:36:31,iNews Nasional,Peristiwa & Hukum,"Nasional 2 jam lalu Gunung Anak Krakatau Erupsi Lagi Pagi Ini, Kapan Berakhirnya?",https://www.inews.id/news/nasional/gunung-anak-krakatau-erupsi-lagi-pagi-ini-kapan-berakhirnya,Netral,0.0,,,,
2026-09-08 13:36:31,iNews Nasional,Peristiwa & Hukum,Nasional 3 jam lalu Prabowo Kaji Gabungkan BMKG dengan Badan Geologi untuk Hadapi Potensi Bencana,https://www.inews.id/news/nasional/prabowo-kaji-gabungkan-bmkg-dengan-badan-geologi-untuk-hadapi-potensi-bencana,Negatif,-100.0,,,,
2026-09-08 13:36:31,iNews Nasional,Peristiwa & Hukum,"Nasional 3 jam lalu DPR Setujui Anggaran Kemenkeu 2027 Rp49,80 Triliun, Ini Rinciannya",https://www.inews.id/news/nasional/dpr-setujui-anggaran-kemenkeu-2027-rp4980-triliun-ini-rinciannya,Netral,0.0,,,,
2026-09-08 13:36:31,iNews Nasional,Peristiwa & Hukum,"Nasional 3 jam lalu Harga Cabai Rawit Merah Hari Ini Makin Mahal, Tembus Rp91.300 per Kg",https://www.inews.id/news/nasional/harga-cabai-rawit-merah-hari-ini-makin-mahal-tembus-rp91300-per-kg,Netral,0.0,,,,
2026-09-08 13:36:31,iNews Nasional,Peristiwa & Hukum,Nasional 3 jam lalu Mantan Jampidsus Febrie Adriansyah Diperiksa Kejagung Hari Ini,https://www.inews.id/news/nasional/mantan-jampidsus-febrie-adriansyah-diperiksa-kejagung-hari-ini,Netral,0.0,,,,
2026-09-08 13:36:31,iNews Nasional,Peristiwa & Hukum,"Nasional 3 jam lalu Gunung Anak Krakatau Masih Level III Siaga, PVMBG: Potensi Letusan Masih Tinggi",https://www.inews.id/news/nasional/gunung-anak-krakatau-masih-level-iii-siaga-pvmbg-potensi-letusan-masih-tinggi,Netral,0.0,,,,
2026-09-08 13:36:31,iNews Nasional,Peristiwa & Hukum,Nasional 4 jam lalu Ahli Tegaskan Erupsi Gunung Berapi Bukan Konspirasi: Tudingan Rekayasa Teknologi Tak Masuk Akal,https://www.inews.id/news/nasional/ahli-tegaskan-erupsi-gunung-berapi-bukan-konspirasi-tudingan-rekayasa-teknologi-tak-masuk-akal,Netral,0.0,,,,
2026-09-08 13:36:31,iNews Nasional,Peristiwa & Hukum,Nasional 4 jam lalu Yusril Tegaskan Bukan Penulis Buku Islam ala Prabowo: Saya Hanya Diwawancara,https://www.inews.id/news/nasional/yusril-tegaskan-bukan-penulis-buku-islam-ala-prabowo-saya-hanya-diwawancara,Netral,0.0,,,,
2026-09-08 13:36:31,iNews Nasional,Peristiwa & Hukum,"Nasional 5 jam lalu KPK Perpanjang Masa Penahanan Eks Kakanwil Ditjen Pajak Haniv, Tersangka Kasus Gratifikasi",https://www.inews.id/news/nasional/kpk-perpanjang-masa-penahanan-eks-kakanwil-ditjen-pajak-haniv-tersangka-kasus-gratifikasi,Negatif,-100.0,,,,
2026-09-08 13:36:31,Liputan6 News,Hukum & Politik,Cerita WN Arab Saudi Tertahan 2 Hari di Soekarno-Hatta Imbas Abu Anak Krakatau,https://www.liputan6.com/news/read/8286848/cerita-wn-arab-saudi-tertahan-2-hari-di-soekarno-hatta-imbas-abu-anak-krakatau,Netral,0.0,,,,
2026-09-08 13:36:31,Liputan6 News,Hukum & Politik,"Kejagung Ambil Alih Kasus Pemanfaatan Hutan di Lampung, 47 Saksi Diperiksa",https://www.liputan6.com/news/read/8286835/kejagung-ambil-alih-kasus-pemanfaatan-hutan-di-lampung-47-saksi-diperiksa,Negatif,-100.0,,,,
2026-09-08 13:36:31,Liputan6 News,Hukum & Politik,Strategi Pramono Redam Abu Vulkanik Anak Krakatau di Jakarta,https://www.liputan6.com/news/read/8286758/strategi-pramono-redam-abu-vulkanik-anak-krakatau-di-jakarta,Netral,0.0,,,,
2026-09-08 13:36:31,Liputan6 News,Hukum & Politik,"Abu Anak Krakatau Menyebar, Pemda Diminta Bagikan Masker dan Siaga 24 Jam",https://www.liputan6.com/news/read/8286150/abu-anak-krakatau-menyebar-pemda-diminta-bagikan-masker-dan-siaga-24-jam,Netral,0.0,,,,
2026-09-08 13:36:31,Liputan6 News,Hukum & Politik,Penjelasan BMKG Sejauh Mana Sebaran Abu Vulkanik Anak Krakatau,https://www.liputan6.com/news/read/8286354/penjelasan-bmkg-sejauh-mana-sebaran-abu-vulkanik-anak-krakatau,Netral,0.0,,,,
2026-09-08 13:36:31,Liputan6 News,Hukum & Politik,624 Penerbangan di Bandara Soekarno-Hatta Terdampak Abu Anak Krakatau,https://www.liputan6.com/news/read/8286325/624-penerbangan-di-bandara-soekarno-hatta-terdampak-abu-anak-krakatau,Netral,0.0,,,,
2026-09-08 13:36:31,Liputan6 News,Hukum & Politik,DPR Sebut Kewenangan Aparat Perlu Dibatasi di RUU Perampasan Aset,https://www.liputan6.com/news/read/8286309/dpr-sebut-kewenangan-aparat-perlu-dibatasi-di-ruu-perampasan-aset,Netral,0.0,,,,
2026-09-08 13:36:31,Liputan6 News,Hukum & Politik,KPID DKI Dorong TV dan Radio Jadi Rujukan Informasi di Tengah Erupsi Anak Krakatau,https://www.liputan6.com/news/read/8286287/kpid-dki-dorong-tv-dan-radio-jadi-rujukan-informasi-di-tengah-erupsi-anak-krakatau,Netral,0.0,,,,
2026-09-08 13:36:31,Liputan6 News,Hukum & Politik,"Mendagri Soroti Belanja APBD Rendah, Daerah Tak Capai Target Bakal Dievaluasi",https://www.liputan6.com/news/read/8286280/mendagri-soroti-belanja-apbd-rendah-daerah-tak-capai-target-bakal-dievaluasi,Netral,0.0,,,,
2026-09-08 13:36:31,Liputan6 News,Hukum & Politik,KPK Periksa 2 Anggota DPRD Kota Bengkulu Terkait Kasus Suap Proyek,https://www.liputan6.com/news/read/8286281/kpk-periksa-2-anggota-dprd-kota-bengkulu-terkait-kasus-suap-proyek,Negatif,-100.0,,,,
2026-09-08 13:36:31,Liputan6 News,Hukum & Politik,Badan Geologi: Erupsi Menerus Gunung Anak Krakatau Sudah Berakhir,https://www.liputan6.com/news/read/8286237/badan-geologi-erupsi-menerus-gunung-anak-krakatau-sudah-berakhir,Netral,0.0,,,,
2026-09-08 13:36:31,Liputan6 News,Hukum & Politik,"Abu Anak Krakatau Ancam Kesehatan 3,3 Juta Lansia",https://www.liputan6.com/news/read/8286250/abu-anak-krakatau-ancam-kesehatan-33-juta-lansia,Netral,0.0,,,,
2026-09-08 13:36:31,Liputan6 News,Hukum & Politik,Cerita Penumpang di Bandara Lampung Terdampak Abu Anak Krakatau,https://www.liputan6.com/news/read/8286217/cerita-penumpang-di-bandara-lampung-terdampak-abu-anak-krakatau,Netral,0.0,,,,
2026-09-08 13:36:31,Liputan6 News,Hukum & Politik,"Kebakaran Besar di Pasar Paniai, 11 Orang Tewas",https://www.liputan6.com/news/read/8286195/kebakaran-besar-di-pasar-paniai-11-orang-tewas,Negatif,-100.0,,,,
2026-09-08 13:36:31,Liputan6 News,Hukum & Politik,"Dikira Semburan Abu, Kepulan Putih di Pasar Baru Ternyata dari Gardu",https://www.liputan6.com/news/read/8286167/dikira-semburan-abu-kepulan-putih-di-pasar-baru-ternyata-dari-gardu,Netral,0.0,,,,
2026-09-08 13:36:31,Liputan6 News,Hukum & Politik,Update Sebaran Abu Vulkanik Anak Krakatau hingga Pagi Ini,https://www.liputan6.com/news/read/8286161/update-sebaran-abu-vulkanik-anak-krakatau-hingga-pagi-ini,Netral,0.0,,,,
2026-09-08 13:36:31,Liputan6 News,Hukum & Politik,"WN India Jadi Korban Jambret di Menteng, Satu Pelaku Ditangkap",https://www.liputan6.com/news/read/8286146/wn-india-jadi-korban-jambret-di-menteng-satu-pelaku-ditangkap,Netral,0.0,,,,
2026-09-08 13:36:31,Liputan6 News,Hukum & Politik,Prabowo Pimpin Rapat Penanganan Bencana: Ini Takdir Kita,https://www.liputan6.com/news/read/8286423/prabowo-pimpin-rapat-penanganan-bencana-ini-takdir-kita,Negatif,-100.0,,,,
2026-09-08 13:36:31,Liputan6 News,Hukum & Politik,"Imbas Abu Anak Krakatau, Soetta-Halim Ditutup hingga 18.00 WIB",https://www.liputan6.com/news/read/8286131/imbas-abu-anak-krakatau-soetta-halim-ditutup-hingga-1800-wib,Netral,0.0,,,,
2026-09-08 13:36:31,Liputan6 News,Hukum & Politik,"Penerbangan Masih Ditutup, Penumpang Pilih Bertahan di Bandara Soekarno-Hatta",https://www.liputan6.com/news/read/8286138/penerbangan-masih-ditutup-penumpang-pilih-bertahan-di-bandara-soekarno-hatta,Netral,0.0,,,,
2026-09-08 13:36:31,Liputan6 News,Hukum & Politik,"Gunung Ile Lewotolok Erupsi 2 Kali Pagi Ini, Terdengar Dentuman",https://www.liputan6.com/news/read/8286116/gunung-ile-lewotolok-erupsi-2-kali-pagi-ini-terdengar-dentuman,Netral,0.0,,,,
2026-09-08 13:36:31,Liputan6 News,Hukum & Politik,"BMKG Ungkap Penyebab Gempa Magnitudo 5,3 Guncang Cilacap",https://www.liputan6.com/news/read/8284580/bmkg-ungkap-penyebab-gempa-magnitudo-53-guncang-cilacap,Negatif,-100.0,,,,
2026-09-08 13:36:31,Liputan6 News,Hukum & Politik,"Gempa Magnitudo 5,4 Guncang Cilacap Jateng",https://www.liputan6.com/news/read/8284481/gempa-magnitudo-54-guncang-cilacap-jateng,Negatif,-100.0,,,,
2026-09-08 13:36:31,Liputan6 News,Hukum & Politik,"BMKG Prediksi Hujan di Sejumlah Wilayah Hari Ini, Cek Daftarnya",https://www.liputan6.com/news/read/8286924/bmkg-prediksi-hujan-di-sejumlah-wilayah-hari-ini-cek-daftarnya,Netral,0.0,,,,
2026-09-08 13:36:31,Liputan6 News,Hukum & Politik,"Cuaca Hari Ini Didominasi Berawan, Ada Potensi Hujan Lebat",https://www.liputan6.com/news/read/8284354/cuaca-hari-ini-didominasi-berawan-ada-potensi-hujan-lebat,Netral,0.0,,,,
2026-09-08 13:36:31,Liputan6 News,Hukum & Politik,"Cuaca Hari Ini, BMKG Prediksi Berawan hingga Hujan Petir",https://www.liputan6.com/news/read/8283505/cuaca-hari-ini-bmkg-prediksi-berawan-hingga-hujan-petir,Netral,0.0,,,,
2026-09-08 13:36:31,Liputan6 News,Hukum & Politik,Infografis: Cara Bersihkan Mobil dari Abu Vulkanik Anak Krakatau,https://www.liputan6.com/news/read/8286246/infografis-cara-bersihkan-mobil-dari-abu-vulkanik-anak-krakatau,Netral,0.0,,,,
2026-09-08 13:36:31,Liputan6 News,Hukum & Politik,Infografis: Tips Hadapi Abu Vulkanik Anak Krakatau,https://www.liputan6.com/news/read/8286149/infografis-tips-hadapi-abu-vulkanik-anak-krakatau,Netral,0.0,,,,
2026-09-08 13:36:31,Liputan6 News,Hukum & Politik,Infografis: 5 Miliarder Terkaya di Asia Tenggara,https://www.liputan6.com/news/read/8284722/infografis-5-miliarder-terkaya-di-asia-tenggara,Netral,0.0,,,,
2026-09-08 13:36:31,detikNews,Berita & Peristiwa,"Ditanya Kapan Periksa Menhut Terkait Amplop, Ketua KPK Bilang Begini",https://news.detik.com/berita/d-8653228/ditanya-kapan-periksa-menhut-terkait-amplop-ketua-kpk-bilang-begini,Netral,0.0,,,,
2026-09-08 13:36:31,Liputan6 News,Hukum & Politik,Kondisi Selat Sunda di Tengah Erupsi Anak Krakatau,https://www.liputan6.com/news/read/8286389/kondisi-selat-sunda-di-tengah-erupsi-anak-krakatau,Netral,0.0,,,,
2026-09-08 13:36:31,Liputan6 News,Hukum & Politik,Polri Tetapkan 138 Tersangka Kasus Kebakaran Hutan,https://www.liputan6.com/news/read/8286432/polri-tetapkan-138-tersangka-kasus-kebakaran-hutan,Negatif,-100.0,,,,
2026-09-08 13:36:31,Liputan6 News,Hukum & Politik,Dua Malam Marselus Menunggu Kepastian di Bandara Soetta,https://www.liputan6.com/news/read/8286750/dua-malam-marselus-menunggu-kepastian-di-bandara-soetta,Netral,0.0,,,,
2026-09-08 13:36:31,Liputan6 News,Hukum & Politik,KPK Usut Pemberian Mobil untuk Anggota DPRD Kota Bengkulu,https://www.liputan6.com/news/read/8286622/kpk-usut-pemberian-mobil-untuk-anggota-dprd-kota-bengkulu,Netral,0.0,,,,
2026-09-08 13:36:31,Liputan6 News,Hukum & Politik,Pramono Segera Putuskan Tarif Baru Masuk Ragunan,https://www.liputan6.com/news/read/8286756/pramono-segera-putuskan-tarif-baru-masuk-ragunan,Netral,0.0,,,,
2026-09-08 13:36:31,Liputan6 News,Hukum & Politik,Kejagung Siapkan Tiga Instrumen Hukum Tangani Kebakaran Hutan,https://www.liputan6.com/news/read/8286722/kejagung-siapkan-tiga-instrumen-hukum-tangani-kebakaran-hutan,Netral,0.0,,,,
2026-09-08 13:36:31,Liputan6 News,Hukum & Politik,Wamendagri Tegaskan Pemda Tak Boleh Kuasai Tanah Ulayat secara Sepihak,https://www.liputan6.com/news/read/8286670/wamendagri-tegaskan-pemda-tak-boleh-kuasai-tanah-ulayat-secara-sepihak,Netral,0.0,,,,
2026-09-08 13:36:31,Liputan6 News,Hukum & Politik,Imigrasi Bebaskan Denda Overstay WNA Terdampak Erupsi Krakatau,https://www.liputan6.com/news/read/8286693/imigrasi-bebaskan-denda-overstay-wna-terdampak-erupsi-krakatau,Netral,0.0,,,,
2026-09-08 13:36:31,Liputan6 News,Hukum & Politik,Menko AHY Ungkap Alasan Perpanjang Waktu Penutupan Bandara Soekarno-Hatta,https://www.liputan6.com/news/read/8286681/menko-ahy-ungkap-alasan-perpanjang-waktu-penutupan-bandara-soekarno-hatta,Netral,0.0,,,,
2026-09-08 13:36:31,Liputan6 News,Hukum & Politik,Kasus Unsoed Jadi Bahan Evaluasi Jalur Mandiri Perguruan Tinggi,https://www.liputan6.com/news/read/8286671/kasus-unsoed-jadi-bahan-evaluasi-jalur-mandiri-perguruan-tinggi,Negatif,-100.0,,,,
2026-09-08 13:36:31,Liputan6 News,Hukum & Politik,BMKG Ungkap Hasil Pantauan Tsunami di Selat Sunda,https://www.liputan6.com/news/read/8286669/bmkg-ungkap-hasil-pantauan-tsunami-di-selat-sunda,Netral,0.0,,,,
2026-09-08 13:36:31,Liputan6 News,Hukum & Politik,"Transformasi Digital Pendidikan Berbuah Penghargaan, UT Raih Anugerah Ekonomi Hijau 2026",https://www.liputan6.com/news/read/8286644/transformasi-digital-pendidikan-berbuah-penghargaan-ut-raih-anugerah-ekonomi-hijau-2026,Netral,0.0,,,,
2026-09-08 13:36:31,Liputan6 News,Hukum & Politik,"Abu Anak Krakatau Bikin Masker Langka, Pramono: Jangan Mainkan Harga",https://www.liputan6.com/news/read/8286636/abu-anak-krakatau-bikin-masker-langka-pramono-jangan-mainkan-harga,Netral,0.0,,,,
2026-09-08 13:36:31,Liputan6 News,Hukum & Politik,Golkar Nilai AHY Beri Sinyal Siap Maju Pilpres 2029,https://www.liputan6.com/news/read/8286631/golkar-nilai-ahy-beri-sinyal-siap-maju-pilpres-2029,Netral,0.0,,,,
2026-09-08 13:36:31,Liputan6 News,Hukum & Politik,Kronologi Ulama KH Ahmad Fudholi Meninggal Usai Kecelakaan,https://www.liputan6.com/news/read/8286621/kronologi-ulama-kh-ahmad-fudholi-meninggal-usai-kecelakaan,Negatif,-100.0,,,,
2026-09-08 13:36:31,Liputan6 News,Hukum & Politik,Duo BPJS Bersinergi Awasi Kepatuhan Pemberi Kerja terhadap Program Jaminan Sosial,https://www.liputan6.com/news/read/8286607/duo-bpjs-bersinergi-awasi-kepatuhan-pemberi-kerja-terhadap-program-jaminan-sosial,Netral,0.0,,,,
2026-09-08 13:36:31,Liputan6 News,Hukum & Politik,Aset Karbon PLTP Gunung Salak Jadi Sumber Ekonomi Baru,https://www.liputan6.com/news/read/8286142/aset-karbon-pltp-gunung-salak-jadi-sumber-ekonomi-baru,Netral,0.0,,,,
2026-09-08 13:36:31,Liputan6 News,Hukum & Politik,Mendes PDT Ungkap 34.323 Desa Hadapi Ketidakpastian Status Lahan,https://www.liputan6.com/news/read/8286460/mendes-pdt-ungkap-34323-desa-hadapi-ketidakpastian-status-lahan,Netral,0.0,,,,
2026-09-08 13:36:31,Liputan6 News,Hukum & Politik,"Abu Anak Krakatau Belum Hilang, Belajar Online di Jakarta Diperpanjang",https://www.liputan6.com/news/read/8286612/abu-anak-krakatau-belum-hilang-belajar-online-di-jakarta-diperpanjang,Netral,0.0,,,,
2026-09-08 13:36:31,Liputan6 News,Hukum & Politik,"Abu Anak Krakatau Sampai Depok, Masker Diburu hingga Stok Menipis",https://www.liputan6.com/news/read/8286567/abu-anak-krakatau-sampai-depok-masker-diburu-hingga-stok-menipis,Netral,0.0,,,,
2026-09-08 13:36:31,Liputan6 News,Hukum & Politik,Prabowo Ingatkan Kebakaran Hutan Jangan Sampai ke Zona Inti IKN,https://www.liputan6.com/news/read/8286585/prabowo-ingatkan-kebakaran-hutan-jangan-sampai-ke-zona-inti-ikn,Netral,0.0,,,,
2026-09-08 13:36:31,Liputan6 News,Hukum & Politik,"Bandara Soetta Masih Tutup Imbas Abu Vulkanik Krakatau, Bus Gratis Jadi Pilihan",https://www.liputan6.com/news/read/8286604/bandara-soetta-masih-tutup-imbas-abu-vulkanik-krakatau-bus-gratis-jadi-pilihan,Positif,100.0,,,,
2026-09-08 13:36:31,Liputan6 News,Hukum & Politik,Prabowo Dapat Laporan Lahan Terbakar Jadi Kebun Sawit,https://www.liputan6.com/news/read/8286566/prabowo-dapat-laporan-lahan-terbakar-jadi-kebun-sawit,Netral,0.0,,,,
2026-09-08 13:36:31,Liputan6 News,Hukum & Politik,"Tertahan di Soetta, Ben Gagal Antar Ibunya ke Peristirahatan Terakhir",https://www.liputan6.com/news/read/8286554/tertahan-di-soetta-ben-gagal-antar-ibunya-ke-peristirahatan-terakhir,Negatif,-100.0,,,,
2026-09-08 13:36:31,Liputan6 News,Hukum & Politik,Dua Strategi Tangani Abu Anak Krakatau,https://www.liputan6.com/news/read/8286528/dua-strategi-tangani-abu-anak-krakatau,Netral,0.0,,,,
2026-09-08 13:36:31,Liputan6 News,Hukum & Politik,Prabowo Bakal Tambah Anggaran Mitigasi Bencana,https://www.liputan6.com/news/read/8286527/prabowo-bakal-tambah-anggaran-mitigasi-bencana,Negatif,-100.0,,,,
2026-09-08 13:36:31,Liputan6 News,Hukum & Politik,Kabareskrim Ungkap 78 Titik Rawan Konflik Agraria di Indonesia,https://www.liputan6.com/news/read/8286501/kabareskrim-ungkap-78-titik-rawan-konflik-agraria-di-indonesia,Netral,0.0,,,,
2026-09-08 13:36:31,Liputan6 News,Hukum & Politik,Kondisi Udara Jakarta Usai Penyiraman Abu Anak Krakatau,https://www.liputan6.com/news/read/8286513/kondisi-udara-jakarta-usai-penyiraman-abu-anak-krakatau,Netral,0.0,,,,
2026-09-08 13:36:31,Liputan6 News,Hukum & Politik,YPP Emtek Media Bergerak dari Aceh hingga NTT Bantu Penyintas Bencana,https://www.liputan6.com/news/read/8286483/ypp-emtek-media-bergerak-dari-aceh-hingga-ntt-bantu-penyintas-bencana,Netral,0.0,,,,
2026-09-08 13:36:31,Liputan6 News,Hukum & Politik,BNPB Modifikasi Cuaca Tangani Abu Anak Krakatau,https://www.liputan6.com/news/read/8286486/bnpb-modifikasi-cuaca-tangani-abu-anak-krakatau,Netral,0.0,,,,
2026-09-08 13:36:31,iNews Nasional,Peristiwa & Hukum,"Nasional Sidang Praperadilan Lodewyk Pusung, Saksi Ungkap Pegawai BGN Tak Dilarang Bangun Dapur MBG",https://www.inews.id/news/nasional/sidang-praperadilan-lodewyk-pusung-saksi-ungkap-pegawai-bgn-tak-dilarang-bangun-dapur-mbg,Netral,0.0,,,,
2026-09-08 13:36:31,iNews Nasional,Peristiwa & Hukum,Nasional 3 jam lalu Rapat Paripurna Setujui RUU Reforma Agraria jadi Usul Inisiatif DPR,https://www.inews.id/news/nasional/rapat-paripurna-setujui-ruu-reforma-agraria-jadi-usul-inisiatif-dpr,Netral,0.0,,,,
2026-09-08 13:36:31,SINDOnews Nasional,Nasional & Politik,Kapal BHO untuk Perkuat Pertahanan Laut,https://nasional.sindonews.com/read/1472875/16/kapal-bho-untuk-perkuat-pertahanan-laut-1728918652,Netral,0.0,,,,
2026-09-08 13:36:31,Kompas.com Nasional,Nasional & Kebijakan,"4 Gunung Api Erupsi Bersamaan, Ini Penjelasan Badan Geologi dan Ahli Nasional",https://nasional.kompas.com/read/2026/09/07/16404061/4-gunung-api-erupsi-bersamaan-ini-penjelasan-badan-geologi-dan-ahli,Netral,0.0,,,,
2026-09-08 13:36:31,detikNews,Berita & Peristiwa,"Imbas Erupsi Anak Krakatau, Penumpang KA ke Jakarta Capai 117.339 Orang",https://news.detik.com/berita/d-8653477/imbas-erupsi-anak-krakatau-penumpang-ka-ke-jakarta-capai-117-339-orang,Netral,0.0,,,,
2026-09-08 13:36:31,detikNews,Berita & Peristiwa,BMKG Minta Warga Tak Terpengaruh Video Viral Ramalan Gempa M 9,https://news.detik.com/berita/d-8653476/bmkg-minta-warga-tak-terpengaruh-video-viral-ramalan-gempa-m-9,Negatif,-100.0,,,,
2026-09-08 13:36:31,detikNews,Berita & Peristiwa,Puan Minta Lahan Bekas Karhutla Ditanami Sawit Segera Diselidiki,https://news.detik.com/berita/d-8653470/puan-minta-lahan-bekas-karhutla-ditanami-sawit-segera-diselidiki,Netral,0.0,,,,
2026-09-08 13:36:31,detikNews,Berita & Peristiwa,INKA Buka Suara Usai 17 Perjalanan KRL Batal karena Perawatan KRL,https://news.detik.com/berita/d-8653464/inka-buka-suara-usai-17-perjalanan-krl-batal-karena-perawatan-krl,Netral,0.0,,,,
2026-09-08 13:36:31,detikNews,Berita & Peristiwa,Puan Minta Wacana Penggabungan BMKG dan Badan Geologi Dikaji Matang,https://news.detik.com/berita/d-8653451/puan-minta-wacana-penggabungan-bmkg-dan-badan-geologi-dikaji-matang,Netral,0.0,,,,
2026-09-08 13:36:31,detikNews,Berita & Peristiwa,Pemprov Pastikan Abu Vulkanik Anak Krakatau Tidak Sampai ke Jawa Tengah,https://news.detik.com/berita/d-8653449/pemprov-pastikan-abu-vulkanik-anak-krakatau-tidak-sampai-ke-jawa-tengah,Netral,0.0,,,,
2026-09-08 13:36:31,detikNews,Berita & Peristiwa,"Bandara Soetta Beroperasi Lagi, Terminal 1B Ramai Penumpang Baru Tiba",https://news.detik.com/berita/d-8653447/bandara-soetta-beroperasi-lagi-terminal-1b-ramai-penumpang-baru-tiba,Netral,0.0,,,,
2026-09-08 13:36:31,detikNews,Berita & Peristiwa,"Gunung Ile Lewotolok Keluarkan Abu Vulkanik, Warga Alami Gatal",https://news.detik.com/berita/d-8653443/gunung-ile-lewotolok-keluarkan-abu-vulkanik-warga-alami-gatal,Netral,0.0,,,,
2026-09-08 13:36:31,SINDOnews Nasional,Nasional & Politik,Satu Dasawarsa Hari Santri Nasional: Mengawal Janji Pro-Santri Prabowo-Gibran,https://nasional.sindonews.com/read/1476583/16/satu-dasawarsa-hari-santri-nasional-mengawal-janji-pro-santri-prabowo-gibran-1729559402,Netral,0.0,,,,
2026-09-08 13:36:31,detikNews,Berita & Peristiwa,PDIP Lapor Polda Metro soal Kader Dikaitkan Ojol Viral Saat Aksi 27 Agustus,https://news.detik.com/berita/d-8653436/pdip-lapor-polda-metro-soal-kader-dikaitkan-ojol-viral-saat-aksi-27-agustus,Netral,0.0,,,,
2026-09-08 13:36:31,detikNews,Berita & Peristiwa,"Tekan Pengeluaran Warga, Pemkab Pasuruan Gelar Pasar Murah Selama 3 Hari",https://news.detik.com/berita/d-8653422/tekan-pengeluaran-warga-pemkab-pasuruan-gelar-pasar-murah-selama-3-hari,Netral,0.0,,,,
2026-09-08 13:36:31,detikNews,Berita & Peristiwa,1 Hakim Kasus Eks Menag Diganti Sementara Imbas Pesawat Terdampak Abu Vulkanik,https://news.detik.com/berita/d-8653418/1-hakim-kasus-eks-menag-diganti-sementara-imbas-pesawat-terdampak-abu-vulkanik,Negatif,-100.0,,,,
2026-09-08 13:36:31,detikNews,Berita & Peristiwa,"8 Bandara Terdampak Abu Vulkanik Beroperasi Lagi, Terbaru Bandara Radin Inten",https://news.detik.com/berita/d-8653401/8-bandara-terdampak-abu-vulkanik-beroperasi-lagi-terbaru-bandara-radin-inten,Netral,0.0,,,,
2026-09-08 13:36:31,detikNews,Berita & Peristiwa,Rapat Paripurna Sepakati RUU Penyiaran Jadi Usul Inisiatif DPR,https://news.detik.com/berita/d-8653392/rapat-paripurna-sepakati-ruu-penyiaran-jadi-usul-inisiatif-dpr,Netral,0.0,,,,
2026-09-08 13:36:31,detikNews,Berita & Peristiwa,"Kembali Beroperasi, Soetta Layani 896 Penerbangan Domestik dan Internasional",https://news.detik.com/berita/d-8653381/kembali-beroperasi-soetta-layani-896-penerbangan-domestik-dan-internasional,Netral,0.0,,,,
2026-09-08 13:36:31,detikNews,Berita & Peristiwa,"Polisi Bubarkan Tawuran di Cakung Jaktim, Pria Bawa Celurit Ditangkap",https://news.detik.com/berita/d-8653375/polisi-bubarkan-tawuran-di-cakung-jaktim-pria-bawa-celurit-ditangkap,Netral,0.0,,,,
2026-09-08 13:36:31,detikNews,Berita & Peristiwa,Jadwal 2 Kereta Tambahan dari Solo & Jogja ke Jakarta Imbas Anak Krakatau,https://news.detik.com/berita/d-8653374/jadwal-2-kereta-tambahan-dari-solo-jogja-ke-jakarta-imbas-anak-krakatau,Netral,0.0,,,,
2026-09-08 13:36:31,detikNews,Berita & Peristiwa,Rapat Paripurna Setujui Revisi UU Adminduk Jadi Usul Inisiatif DPRÂ,https://news.detik.com/berita/d-8653373/rapat-paripurna-setujui-revisi-uu-adminduk-jadi-usul-inisiatif-dpr,Netral,0.0,,,,
2026-09-08 13:36:31,detikNews,Berita & Peristiwa,Penerbangan dari Juanda Surabaya ke Jakarta-Bandung Kembali Dibuka,https://news.detik.com/berita/d-8653371/penerbangan-dari-juanda-surabaya-ke-jakarta-bandung-kembali-dibuka,Netral,0.0,,,,
2026-09-08 13:36:31,detikNews,Berita & Peristiwa,Klarifikasi Charlie Chandra Terkait Perkara Pemalsuan Surat Tanah,https://news.detik.com/berita/d-8653366/klarifikasi-charlie-chandra-terkait-perkara-pemalsuan-surat-tanah,Netral,0.0,,,,
2026-09-08 13:36:31,detikNews,Berita & Peristiwa,Massa Siswa SMAN di Subang Demo Usai Wakasek Diduga Lecehkan Belasan Siswi,https://news.detik.com/berita/d-8653354/massa-siswa-sman-di-subang-demo-usai-wakasek-diduga-lecehkan-belasan-siswi,Negatif,-100.0,,,,
2026-09-08 13:36:31,detikNews,Berita & Peristiwa,Kronologi Pria Loncat ke Rel hingga KRL Ngerem Mendadak di Tanah Abang,https://news.detik.com/berita/d-8653349/kronologi-pria-loncat-ke-rel-hingga-krl-ngerem-mendadak-di-tanah-abang,Netral,0.0,,,,
2026-09-08 13:36:31,detikNews,Berita & Peristiwa,"Febrie Adriansyah Tiba di Kejagung, Akan Diperiksa Soal Dugaan Korupsi dan TPPU",https://news.detik.com/berita/d-8653347/febrie-adriansyah-tiba-di-kejagung-akan-diperiksa-soal-dugaan-korupsi-dan-tppu,Negatif,-100.0,,,,
2026-09-08 13:36:31,detikNews,Berita & Peristiwa,Tok! Paripurna Tetapkan RUU Pemerintahan Aceh Jadi Usul Inisiatif DPR,https://news.detik.com/berita/d-8653339/tok-paripurna-tetapkan-ruu-pemerintahan-aceh-jadi-usul-inisiatif-dpr,Netral,0.0,,,,
2026-09-08 13:36:31,detikNews,Berita & Peristiwa,Rapat Paripurna Sepakati RUU Reforma Agraria Jadi Usul Inisiatif DPR,https://news.detik.com/berita/d-8653333/rapat-paripurna-sepakati-ruu-reforma-agraria-jadi-usul-inisiatif-dpr,Netral,0.0,,,,
2026-09-08 13:36:31,detikNews,Berita & Peristiwa,"Israel Siapkan Rencana Usir Warga Gaza, Tunggu Persetujuan AS",https://news.detik.com/internasional/d-8645967/israel-siapkan-rencana-usir-warga-gaza-tunggu-persetujuan-as,Netral,0.0,,,,
2026-09-08 13:36:31,detikNews,Berita & Peristiwa,"Kepala SPPG Usai 566 Santri Sidoarjo Keracunan MBG: Mohon Maaf, Saya Menyesal",https://news.detik.com/berita/d-8645330/kepala-sppg-usai-566-santri-sidoarjo-keracunan-mbg-mohon-maaf-saya-menyesal,Netral,0.0,,,,
2026-09-08 13:36:31,detikNews,Berita & Peristiwa,Bandara Wunopito NTT Ditutup Imbas Abu Vulkanik Gunung Ile Lewotolok,https://news.detik.com/berita/d-8653491/bandara-wunopito-ntt-ditutup-imbas-abu-vulkanik-gunung-ile-lewotolok,Netral,0.0,,,,
2026-09-08 13:36:31,detikNews,Berita & Peristiwa,"Aksi Caca Bobol Sejumlah Rumah di Jaktim, Nangis Saat Diamankan",https://news.detik.com/berita/d-8653507/aksi-caca-bobol-sejumlah-rumah-di-jaktim-nangis-saat-diamankan,Netral,0.0,,,,
2026-09-08 13:36:31,detikNews,Berita & Peristiwa,"AHY Dinilai Siap Jadi Kontender Pilpres, Ganjar Bicara PR Besar Ini",https://news.detik.com/berita/d-8653516/ahy-dinilai-siap-jadi-kontender-pilpres-ganjar-bicara-pr-besar-ini,Netral,0.0,,,,
2026-09-08 13:36:31,detikNews,Berita & Peristiwa,"Siswa SMPN 2 Pinrang Main Judi di Sekolah Saat Istirahat, Ortu Dipanggil",https://news.detik.com/berita/d-8653623/siswa-smpn-2-pinrang-main-judi-di-sekolah-saat-istirahat-ortu-dipanggil,Positif,16.67,,,,
2026-09-08 13:36:31,detikNews,Berita & Peristiwa,"Heboh Fenomena Matahari Merah Pekat di Medan, Ini Penjelasan BMKG",https://news.detik.com/berita/d-8653196/heboh-fenomena-matahari-merah-pekat-di-medan-ini-penjelasan-bmkg,Netral,0.0,,,,
2026-09-08 13:36:31,detikNews,Berita & Peristiwa,DPC Gerindra Tarik Pernyataan Wacana Pemakzulan Bupati Masinton,https://news.detik.com/berita/d-8653223/dpc-gerindra-tarik-pernyataan-wacana-pemakzulan-bupati-masinton,Netral,0.0,,,,
2026-09-08 13:36:31,detikNews,Berita & Peristiwa,Gunung Anak Krakatau Erupsi Lagi dengan Durasi 10 hingga 15 Detik,https://news.detik.com/berita/d-8653131/gunung-anak-krakatau-erupsi-lagi-dengan-durasi-10-hingga-15-detik,Netral,0.0,,,,
2026-09-08 13:36:31,detikNews,Berita & Peristiwa,2 Pembunuh dan Pemerkosa Kakak-Adik di Banyuasin Terancam Hukuman Mati,https://news.detik.com/berita/d-8653682/2-pembunuh-dan-pemerkosa-kakak-adik-di-banyuasin-terancam-hukuman-mati,Negatif,-100.0,,,,
2026-09-08 13:36:31,detikNews,Berita & Peristiwa,Polisi Ungkap Motif Pembunuhan Kakak-Adik yang Ditemukan Tinggal Kerangka,https://news.detik.com/berita/d-8653046/polisi-ungkap-motif-pembunuhan-kakak-adik-yang-ditemukan-tinggal-kerangka,Netral,0.0,,,,
2026-09-08 13:36:31,detikNews,Berita & Peristiwa,"Ditemukan Tinggal Kerangka, Kakak-Adik di Banyuasin Diperkosa Sebelum Dibunuh",https://news.detik.com/berita/d-8652669/ditemukan-tinggal-kerangka-kakak-adik-di-banyuasin-diperkosa-sebelum-dibunuh,Netral,0.0,,,,
2026-09-08 13:36:31,detikNews,Berita & Peristiwa,"RI Masuk Ring on Fire, Puan Tekankan Mitigasi dan Antisipasi Terpadu",https://news.detik.com/berita/d-8653674/ri-masuk-ring-on-fire-puan-tekankan-mitigasi-dan-antisipasi-terpadu,Netral,0.0,,,,
2026-09-08 13:36:31,detikNews,Berita & Peristiwa,"Silmy Karim Ajukan Gugatan soal Penyitaan Aset, KPK Siap Hadapi",https://news.detik.com/berita/d-8653660/silmy-karim-ajukan-gugatan-soal-penyitaan-aset-kpk-siap-hadapi,Netral,0.0,,,,
2026-09-08 13:36:31,detikNews,Berita & Peristiwa,Ketua Komisi V DPR Dukung Wacana Penggabungan Badan Geologi dan BMKG,https://news.detik.com/berita/d-8653652/ketua-komisi-v-dpr-dukung-wacana-penggabungan-badan-geologi-dan-bmkg,Positif,100.0,,,,
2026-09-08 13:36:31,detikNews,Berita & Peristiwa,Gunung Ciremai Diselimuti Asap Pekat Imbas Karhutla,https://news.detik.com/berita/d-8653650/gunung-ciremai-diselimuti-asap-pekat-imbas-karhutla,Netral,0.0,,,,
2026-09-08 13:36:31,detikNews,Berita & Peristiwa,Kondisi Gunung Anak Krakatau Usai Erupsi: Aktivitas Kegempaan Menurun,https://news.detik.com/berita/d-8653637/kondisi-gunung-anak-krakatau-usai-erupsi-aktivitas-kegempaan-menurun,Netral,0.0,,,,
2026-09-08 13:36:31,detikNews,Berita & Peristiwa,"Jaksa Cecar Eks Staf Kemenag Asal Duit Beli 2 Ranger Rover-Dior, Begini Jawabnya",https://news.detik.com/berita/d-8653625/jaksa-cecar-eks-staf-kemenag-asal-duit-beli-2-ranger-rover-dior-begini-jawabnya,Netral,0.0,,,,
2026-09-08 13:36:31,detikNews,Berita & Peristiwa,Silmy Karim Gugat KPK soal Penyitaan di Kasus Pemerasan Izin Tinggal WNA,https://news.detik.com/berita/d-8653624/silmy-karim-gugat-kpk-soal-penyitaan-di-kasus-pemerasan-izin-tinggal-wna,Negatif,-100.0,,,,
2026-09-08 13:36:31,detikNews,Berita & Peristiwa,Jaksa KPK Tunjukkan Range Rover-LEGO Star Wars Sitaan dari Eks Staf Kemenag,https://news.detik.com/berita/d-8653518/jaksa-kpk-tunjukkan-range-rover-lego-star-wars-sitaan-dari-eks-staf-kemenag,Netral,0.0,,,,
2026-09-08 13:36:31,detikNews,Berita & Peristiwa,"Suasana Terminal 3 Usai Soetta Beroperasi Lagi, Antrean Check-in Mengular",https://news.detik.com/berita/d-8653598/suasana-terminal-3-usai-soetta-beroperasi-lagi-antrean-check-in-mengular,Netral,0.0,,,,
2026-09-08 13:36:31,detikNews,Berita & Peristiwa,"Viral KRL Berhenti Lebih Lama di Stasiun UI, Ternyata Masinis ke Toilet",https://news.detik.com/berita/d-8653597/viral-krl-berhenti-lebih-lama-di-stasiun-ui-ternyata-masinis-ke-toilet,Netral,0.0,,,,
2026-09-08 13:36:31,detikNews,Berita & Peristiwa,WNA Terdampak Erupsi Diberi Izin Tinggal Darurat dan Bebas Biaya Overstay,https://news.detik.com/berita/d-8653592/wna-terdampak-erupsi-diberi-izin-tinggal-darurat-dan-bebas-biaya-overstay,Netral,0.0,,,,
2026-09-08 13:36:31,detikNews,Berita & Peristiwa,"Polisi Tangkap 5 Pelajar Hendak Tawuran di Bogor, Golok Disita",https://news.detik.com/berita/d-8653591/polisi-tangkap-5-pelajar-hendak-tawuran-di-bogor-golok-disita,Netral,0.0,,,,
2026-09-08 13:36:31,detikNews,Berita & Peristiwa,"Caca Berkali-kali Bobol Rumah Warga di Jaktim, Duitnya Dipakai Clubbing",https://news.detik.com/berita/d-8653590/caca-berkali-kali-bobol-rumah-warga-di-jaktim-duitnya-dipakai-clubbing,Netral,0.0,,,,
2026-09-08 13:36:31,detikNews,Berita & Peristiwa,"Atasi Sebaran Abu Vulkanik, Pemkot Tangsel Semprot Sejumlah Ruas Jalan",https://news.detik.com/berita/d-8653589/atasi-sebaran-abu-vulkanik-pemkot-tangsel-semprot-sejumlah-ruas-jalan,Netral,0.0,,,,
2026-09-08 13:36:31,detikNews,Berita & Peristiwa,Puan Dukung Pemerintah Tambah Angaran Mitigasi Bencana: Harus Bermanfaat,https://news.detik.com/berita/d-8653565/puan-dukung-pemerintah-tambah-angaran-mitigasi-bencana-harus-bermanfaat,Netral,0.0,,,,
2026-09-08 13:36:31,detikNews,Berita & Peristiwa,Pemprov Ungkap 179 Water Mist Terpasang di 145 Gedung Jakarta,https://news.detik.com/berita/d-8653560/pemprov-ungkap-179-water-mist-terpasang-di-145-gedung-jakarta,Netral,0.0,,,,
2026-09-08 13:36:31,detikNews,Berita & Peristiwa,"Gunung Anak Krakatau Kembali Erupsi Siang Ini, Durasi 17 Detik",https://news.detik.com/berita/d-8653553/gunung-anak-krakatau-kembali-erupsi-siang-ini-durasi-17-detik,Netral,0.0,,,,
2026-09-08 13:36:31,detikNews,Berita & Peristiwa,"Viral Ribut-ribut Berujung Baku Hantam di Mal Bekasi, Dipicu SPG Digoda",https://news.detik.com/berita/d-8653552/viral-ribut-ribut-berujung-baku-hantam-di-mal-bekasi-dipicu-spg-digoda,Netral,0.0,,,,
2026-09-08 13:36:31,detikNews,Berita & Peristiwa,"Di Sidang Yaqut, Eks Staf Kemenag Sebut Ada Fee Percepatan Haji",https://news.detik.com/berita/d-8653548/di-sidang-yaqut-eks-staf-kemenag-sebut-ada-fee-percepatan-haji,Netral,0.0,,,,
2026-09-08 13:36:31,detikNews,Berita & Peristiwa,Perjuangan Ayah Ungkap Pembunuh Lewat Chat di Medsos Mozza,https://news.detik.com/berita/d-8653544/perjuangan-ayah-ungkap-pembunuh-lewat-chat-di-medsos-mozza,Netral,0.0,,,,
2026-09-08 13:36:31,detikNews,Berita & Peristiwa,Trump Anggap Perang Iran Sebagai 'Hal Kecil' Bagi AS,https://news.detik.com/internasional/d-8649255/trump-anggap-perang-iran-sebagai-hal-kecil-bagi-as,Netral,0.0,,,,
2026-09-08 13:36:31,detikNews,Berita & Peristiwa,Apakah Bandara Soetta Sudah Dibuka? Cek Informasi Terbarunya,https://news.detik.com/berita/d-8653438/apakah-bandara-soetta-sudah-dibuka-cek-informasi-terbarunya,Netral,0.0,,,,
2026-09-08 13:36:31,Kompas.com Nasional,Nasional & Kebijakan,Beda Badan Geologi dan BMKG yang Ingin Diintegrasikan oleh Prabowo Nasional,https://nasional.kompas.com/read/2026/09/08/13352721/beda-badan-geologi-dan-bmkg-yang-ingin-diintegrasikan-oleh-prabowo,Netral,0.0,,,,
2026-09-08 13:36:31,SINDOnews Nasional,Nasional & Politik,"1 Hankam 27 Brigjen Pol Dimutasi Kapolri pada Agustus 2026, Ini Namanya",https://nasional.sindonews.com/read/1747033/14/27-brigjen-pol-dimutasi-kapolri-pada-agustus-2026-ini-namanya-1788732594,Netral,0.0,,,,
2026-09-08 13:36:31,SINDOnews Nasional,Nasional & Politik,"Tiba di Kejagung, Febrie Adriansyah Jalani Pemeriksaan Terkait Kasus Asabri dan Jiwasraya",https://nasional.sindonews.com/read/1747481/13/tiba-di-kejagung-febrie-adriansyah-jalani-pemeriksaan-terkait-kasus-asabri-dan-jiwasraya-1788840552,Negatif,-100.0,,,,
2026-09-08 13:36:31,SINDOnews Nasional,Nasional & Politik,"4 Pejabat Kejagung Disebut Menerima Rp40 Miliar dari Tan Kian, Kapuspenkum Buka Suara",https://nasional.sindonews.com/read/1747365/13/4-pejabat-kejagung-disebut-menerima-rp40-miliar-dari-tan-kian-kapuspenkum-buka-suara-1788790162,Netral,0.0,,,,
2026-09-08 13:36:31,SINDOnews Nasional,Nasional & Politik,"Politik Lahan Karhutla Diduga Jadi Kebun Sawit, Puan: Tak Boleh Terjadi, Harus Segera Diselidiki!",https://nasional.sindonews.com/read/1747495/12/lahan-karhutla-diduga-jadi-kebun-sawit-puan-tak-boleh-terjadi-harus-segera-diselidiki-1788840581,Netral,0.0,,,,
2026-09-08 13:36:31,SINDOnews Nasional,Nasional & Politik,"Politik Prabowo Pertimbangkan Integrasi Badan Geologi dengan BMKG, Puan: Kami Minta Dikaji Dulu",https://nasional.sindonews.com/read/1747487/12/prabowo-pertimbangkan-integrasi-badan-geologi-dengan-bmkg-puan-kami-minta-dikaji-dulu-1788840582,Netral,0.0,,,,
2026-09-08 13:36:31,SINDOnews Nasional,Nasional & Politik,Hukum Prabowo Minta Kapolri Tindak Korporasi yang Terlibat Karhutla: Cabut Izinnya!,https://nasional.sindonews.com/read/1747479/13/prabowo-minta-kapolri-tindak-korporasi-yang-terlibat-karhutla-cabut-izinnya-1788840556,Netral,0.0,,,,
2026-09-08 13:36:31,SINDOnews Nasional,Nasional & Politik,Politik Paripurna Sepakati RUU Reforma Agraria Jadi Usul Inisiatif DPR,https://nasional.sindonews.com/read/1747475/12/paripurna-sepakati-ruu-reforma-agraria-jadi-usul-inisiatif-dpr-1788840596,Netral,0.0,,,,
2026-09-08 13:36:31,SINDOnews Nasional,Nasional & Politik,"Hukum MK Kabulkan Penarikan Gugatan Masa Jabatan Kapolri, Semua Pihak Diminta Menghormati",https://nasional.sindonews.com/read/1747473/13/mk-kabulkan-penarikan-gugatan-masa-jabatan-kapolri-semua-pihak-diminta-menghormati-1788840582,Netral,0.0,,,,
2026-09-08 13:36:31,SINDOnews Nasional,Nasional & Politik,Hankam DPR Setujui Penjualan Eks KRI Ki Hajar Dewantara-364,https://nasional.sindonews.com/read/1747465/14/dpr-setujui-penjualan-eks-kri-ki-hajar-dewantara-364-1788836973,Netral,0.0,,,,
2026-09-08 13:36:31,SINDOnews Nasional,Nasional & Politik,Humaniora Prabowo Pertimbangkan Integrasikan Badan Geologi dengan BMKG,https://nasional.sindonews.com/read/1747453/15/prabowo-pertimbangkan-integrasikan-badan-geologi-dengan-bmkg-1788836951,Netral,0.0,,,,
2026-09-08 13:36:31,SINDOnews Nasional,Nasional & Politik,Humaniora BGN Tutup Sementara 1.999 Dapur MBG yang Belum Mendaftar SLHS,https://nasional.sindonews.com/read/1747435/15/bgn-tutup-sementara-1999-dapur-mbg-yang-belum-mendaftar-slhs-1788833387,Netral,0.0,,,,
2026-09-08 13:36:31,SINDOnews Nasional,Nasional & Politik,"Hukum Penahanan Eks Kakanwil Pajak Muhammad Haniv Diperpanjang 40 Hari, KPK Dalami Gratifikasi Rp20,7 Miliar",https://nasional.sindonews.com/read/1747413/13/penahanan-eks-kakanwil-pajak-muhammad-haniv-diperpanjang-40-hari-kpk-dalami-gratifikasi-rp207-miliar-1788829767,Netral,0.0,,,,
2026-09-08 13:36:31,SINDOnews Nasional,Nasional & Politik,"Politik IndexPolitica Nilai Kinerja Mentan Amran Tertinggi di Kabinet Merah Putih, Raih Skor 91",https://nasional.sindonews.com/read/1747409/12/indexpolitica-nilai-kinerja-mentan-amran-tertinggi-di-kabinet-merah-putih-raih-skor-91-1788826194,Netral,0.0,,,,
2026-09-08 13:36:31,SINDOnews Nasional,Nasional & Politik,"2 Hukum Respons Kecurigaan RUU Perampasan Aset untuk Habisi Lawan Politik, Habiburokhman: Era Prabowo Lebih Demokratis",https://nasional.sindonews.com/read/1747141/13/respons-kecurigaan-ruu-perampasan-aset-untuk-habisi-lawan-politik-habiburokhman-era-prabowo-lebih-demokratis-1788757789,Netral,0.0,,,,
2026-09-08 13:36:31,Kompas.com Nasional,Nasional & Kebijakan,"10 Ribuan Kendaraan Dinas Pemprov Sumbar Tunggak Pajak hingga Rp 7 Miliar, DPRD: Jangan Cuma Minta Rakyat Patuh Regional",https://regional.kompas.com/read/2026/09/07/202523678/ribuan-kendaraan-dinas-pemprov-sumbar-nunggak-pajak-hingga-rp-7-miliar-dprd,Netral,0.0,,,,
2026-09-08 13:36:31,SINDOnews Nasional,Nasional & Politik,"4 Hukum Kejagung Jerat Febrie Pasal Berlapis, Pakar Hukum: Momentum Kembalikan Kepercayaan Publik",https://nasional.sindonews.com/read/1747185/13/kejagung-jerat-febrie-pasal-berlapis-pakar-hukum-momentum-kembalikan-kepercayaan-publik-1788764945,Netral,0.0,,,,
2026-09-08 13:36:31,SINDOnews Nasional,Nasional & Politik,5 Hukum Kejagung Tetapkan PT Toba Pulp Lestari Jadi Tersangka Korporasi dalam Kasus Transfer Pricing,https://nasional.sindonews.com/read/1747299/13/kejagung-tetapkan-pt-toba-pulp-lestari-jadi-tersangka-korporasi-dalam-kasus-transfer-pricing-1788779347,Negatif,-100.0,,,,
2026-09-08 13:36:31,SINDOnews Nasional,Nasional & Politik,Politik Qodari: Prabowo Pastikan Persoalan Dalam Negeri Tertangani Sebelum ke Luar Negeri,https://nasional.sindonews.com/read/1747403/12/qodari-prabowo-pastikan-persoalan-dalam-negeri-tertangani-sebelum-ke-luar-negeri-1788826154,Netral,0.0,,,,
2026-09-08 13:36:31,SINDOnews Nasional,Nasional & Politik,Politik Qodari Ungkap Misi di Balik Kunjungan Prabowo ke Rusia,https://nasional.sindonews.com/read/1747397/12/qodari-ungkap-misi-di-balik-kunjungan-prabowo-ke-rusia-1788826164,Netral,0.0,,,,
2026-09-08 13:36:31,Kompas.com Nasional,Nasional & Kebijakan,Febri Diansyah Soroti Pemeriksaan Febrie Adriansyah Berdasarkan Penetapan Tersangka Polda Nasional,https://nasional.kompas.com/read/2026/09/08/13330151/febri-diansyah-soroti-pemeriksaan-febrie-adriansyah-berdasarkan-penetapan,Netral,0.0,,,,
2026-09-08 13:36:31,SINDOnews Nasional,Nasional & Politik,"Humaniora Gempa NTT Rusak 165 Puskesmas dan 12 RS, Menkes Ajukan Anggaran Rp1,39 Triliun",https://nasional.sindonews.com/read/1747387/15/gempa-ntt-rusak-165-puskesmas-dan-12-rs-menkes-ajukan-anggaran-rp139-triliun-1788822588,Negatif,-100.0,,,,
2026-09-08 13:36:31,SINDOnews Nasional,Nasional & Politik,"Politik BRAINS Demokrat Tegaskan Pidato AHY Bicara Kerja untuk Rakyat, Bukan Pilpres 2029",https://nasional.sindonews.com/read/1747379/12/brains-demokrat-tegaskan-pidato-ahy-bicara-kerja-untuk-rakyat-bukan-pilpres-2029-1788822598,Netral,0.0,,,,
2026-09-08 13:36:31,SINDOnews Nasional,Nasional & Politik,Hukum KPK Dalami Peran Istri Bupati Pemalang Anom Widiyantoro,https://nasional.sindonews.com/read/1747375/13/kpk-dalami-peran-istri-bupati-pemalang-anom-widiyantoro-1788797390,Netral,0.0,,,,
2026-09-08 13:36:31,SINDOnews Nasional,Nasional & Politik,"Hukum Polri Tetapkan 138 Tersangka Karhutla, Pakar Hukum: Komitmen Lindungi Masyarakat-Lingkungan",https://nasional.sindonews.com/read/1747373/13/polri-tetapkan-138-tersangka-karhutla-pakar-hukum-komitmen-lindungi-masyarakat-lingkungan-1788797396,Netral,0.0,,,,
2026-09-08 13:36:31,SINDOnews Nasional,Nasional & Politik,Hujan Asam Pasca-Karhutla: Ketika Bencana Tak Benar-Benar Selesai saat Asap Mereda Zaenal Abidin,https://nasional.sindonews.com/read/1747195/18/hujan-asam-pasca-karhutla-ketika-bencana-tak-benar-benar-selesai-saat-asap-mereda-1788764944,Negatif,-100.0,,,,
2026-09-08 13:36:31,SINDOnews Nasional,Nasional & Politik,Agar Ekonomi Tak Panik Hadapi Abu Vulkanik Faozan Amar,https://nasional.sindonews.com/read/1747077/18/agar-ekonomi-tak-panik-hadapi-abu-vulkanik-1788743394,Negatif,-100.0,,,,
2026-09-08 13:36:31,SINDOnews Nasional,Nasional & Politik,Abu Vulkanik dan Ancaman Kesehatan yang Tidak Boleh Diabaikan Ari Fahrial Syam,https://nasional.sindonews.com/read/1746927/18/abu-vulkanik-dan-ancaman-kesehatan-yang-tidak-boleh-diabaikan-1788685785,Negatif,-100.0,,,,
2026-09-08 13:36:31,SINDOnews Nasional,Nasional & Politik,Hukum Eks Jampidsus Febrie Adriansyah Hari Ini Kembali Diperiksa Kejagung terkait Kasus Asabri dan Jiwasraya,https://nasional.sindonews.com/read/1747459/13/eks-jampidsus-febrie-adriansyah-hari-ini-kembali-diperiksa-kejagung-terkait-kasus-asabri-dan-jiwasraya-1788836950,Negatif,-100.0,,,,
2026-09-08 13:36:31,SINDOnews Nasional,Nasional & Politik,"Politik Baleg DPR Sepakat RUU Reforma Agraria Jadi Usul Inisiatif, BRAN Bakal Dibentuk",https://nasional.sindonews.com/read/1747395/12/baleg-dpr-sepakat-ruu-reforma-agraria-jadi-usul-inisiatif-bran-bakal-dibentuk-1788822578,Positif,100.0,,,,
2026-09-08 13:36:31,Kompas.com Nasional,Nasional & Kebijakan,9 Kata Kubu PB XIV Purboyo soal Hangabehi Naik Takhta Jadi Raja: Upacara Adat untuk Dokumentasi Regional,https://regional.kompas.com/read/2026/09/07/190300478/kata-kubu-pb-xiv-purboyo-soal-hangabehi-naik-takhta-jadi-raja--upacara-adat,Positif,100.0,,,,
2026-09-08 13:36:31,Kompas.com Nasional,Nasional & Kebijakan,Krakatau dan Kerendahan Hati Sebuah Bangsa Nasional,https://nasional.kompas.com/read/2026/09/08/12050061/krakatau-dan-kerendahan-hati-sebuah-bangsa,Netral,0.0,,,,
2026-09-08 13:36:31,Kompas.com Nasional,Nasional & Kebijakan,8 Kejagung Tetapkan PT Toba Pulp Lestari Jadi Tersangka Korupsi Transfer Pricing Nasional,https://nasional.kompas.com/read/2026/09/07/18362681/kejagung-tetapkan-pt-toba-pulp-lestari-jadi-tersangka-korupsi-transfer,Negatif,-100.0,,,,
2026-09-08 13:36:31,Kompas.com Nasional,Nasional & Kebijakan,Saksi Ungkap Fee Percepatan Kuota Haji Tambahan 2.500 Dolar AS per Jemaah Nasional,https://nasional.kompas.com/read/2026/09/08/13214841/saksi-ungkap-fee-percepatan-kuota-haji-tambahan-2500-dolar-as-per-jemaah,Netral,0.0,,,,
2026-09-08 13:36:31,Kompas.com Nasional,Nasional & Kebijakan,Silmy Karim Gugat KPK ke PN Jaksel Soal Penyitaan Nasional,https://nasional.kompas.com/read/2026/09/08/13213571/silmy-karim-gugat-kpk-ke-pn-jaksel-soal-penyitaan,Netral,0.0,,,,
2026-09-08 13:36:31,Kompas.com Nasional,Nasional & Kebijakan,Komisi V Dukung BMKG-Badan Geologi Digabung: Koordinasi Penanganan Bencana Lebih Mudah Nasional,https://nasional.kompas.com/read/2026/09/08/13183411/komisi-v-dukung-bmkg-badan-geologi-digabung-koordinasi-penanganan-bencana,Netral,0.0,,,,
2026-09-08 13:36:31,Kompas.com Nasional,Nasional & Kebijakan,Mengapa Asap Karhutla Tak Ganggu Penerbangan Seperti Abu Vulkanik Anak Krakatau? Ini Penjelasannya Nasional,https://nasional.kompas.com/read/2026/09/08/12584181/mengapa-asap-karhutla-tak-ganggu-penerbangan-seperti-abu-vulkanik-anak,Netral,0.0,,,,
2026-09-08 13:36:31,Kompas.com Nasional,Nasional & Kebijakan,"Soal WNI Jadi Tentara Rusia, Yusril: Verifikasi Belum Klir karena Informasinya Sepihak Nasional",https://nasional.kompas.com/read/2026/09/08/12540091/soal-wni-jadi-tentara-rusia-yusril-verifikasi-belum-klir-karena-informasinya,Netral,0.0,,,,
2026-09-08 13:36:31,Kompas.com Nasional,Nasional & Kebijakan,Peluang Kasasi Melawan Vonis Banding Penyiraman Air Keras Andrie Yunus Nasional,https://nasional.kompas.com/read/2026/09/08/12535491/peluang-kasasi-melawan-vonis-banding-penyiraman-air-keras-andrie-yunus,Netral,0.0,,,,
2026-09-08 13:36:31,Kompas.com Nasional,Nasional & Kebijakan,"Pati Mengguncang, Senayan Menjinakkan? Nasional",https://nasional.kompas.com/read/2026/09/08/12500031/pati-mengguncang-senayan-menjinakkan-,Netral,0.0,,,,
2026-09-08 13:36:31,Kompas.com Nasional,Nasional & Kebijakan,"AHY Dianggap Mau Maju Pilpres 2029, Ganjar: PR Besar Bangsa Masih Banyak... Nasional",https://nasional.kompas.com/read/2026/09/08/12352401/ahy-dianggap-mau-maju-pilpres-2029-ganjar-pr-besar-bangsa-masih-banyak,Netral,0.0,,,,
2026-09-08 13:36:31,Kompas.com Nasional,Nasional & Kebijakan,BNPB Siapkan Rp 126 Miliar untuk Kebut Rehabilitas-Rekonstruksi Usai Bencana Sumatera Nasional,https://nasional.kompas.com/read/2026/09/08/12323021/bnpb-siapkan-rp-126-miliar-untuk-kebut-rehabilitas-rekonstruksi-usai-bencana,Negatif,-100.0,,,,
2026-09-08 13:36:31,Kompas.com Nasional,Nasional & Kebijakan,"Menyusuri Jejak 1.5 Abad Rel Bersejarah, KAI Ajak Publik Jelajahi Jalur Kedungjati–Tuntang Nasional",https://nasional.kompas.com/read/2026/09/08/12322141/menyusuri-jejak-15-abad-rel-bersejarah-kai-ajak-publik-jelajahi-jalur,Netral,0.0,,,,
2026-09-08 13:36:31,Kompas.com Nasional,Nasional & Kebijakan,"Febrie Diperiksa soal Kasus Asabri-Jiwasraya, Disebut sebagai Predicate Crime TPPU Nasional",https://nasional.kompas.com/read/2026/09/08/12100281/febrie-diperiksa-soal-kasus-asabri-jiwasraya-disebut-sebagai-predicate-crime,Negatif,-100.0,,,,
2026-09-08 13:36:31,Kompas.com Nasional,Nasional & Kebijakan,"Catatan Pembagian Kuota Haji Muncul di Sidang, Ada Jatah DPR hingga NU Nasional",https://nasional.kompas.com/read/2026/09/08/13024981/catatan-pembagian-kuota-haji-muncul-di-sidang-ada-jatah-dpr-hingga-nu,Netral,0.0,,,,
2026-09-08 13:36:31,Kompas.com Nasional,Nasional & Kebijakan,"Hutan di Kalbar Dibakar Jadi Kebun Sawit, Puan: Tidak Boleh, Harus Diselidiki Nasional",https://nasional.kompas.com/read/2026/09/08/11570171/hutan-di-kalbar-dibakar-jadi-kebun-sawit-puan-tidak-boleh-harus-diselidiki,Netral,0.0,,,,
2026-09-08 13:36:31,Kompas.com Nasional,Nasional & Kebijakan,2 Apakah Bandara Soekarno-Hatta Sudah Dibuka? Cek Info Terbarunya Megapolitan,https://megapolitan.kompas.com/read/2026/09/07/15350551/apakah-bandara-soekarno-hatta-sudah-dibuka-cek-info-terbarunya,Netral,0.0,,,,
2026-09-08 13:36:31,Kompas.com Nasional,Nasional & Kebijakan,"7 Abu Vulkanik Anak Krakatau Masih Ada, PJJ Jakarta Diperpanjang hingga 8 September Megapolitan",https://megapolitan.kompas.com/read/2026/09/07/17064651/abu-vulkanik-anak-krakatau-masih-ada-pjj-jakarta-diperpanjang-hingga-8,Netral,0.0,,,,
2026-09-08 13:36:31,Kompas.com Nasional,Nasional & Kebijakan,"Demokrat Gelar Peringatan HUT ke-25 di Indonesia Arena Besok, Dihadiri 12.000 Kader Nasional",https://nasional.kompas.com/read/2026/09/08/11563661/demokrat-gelar-peringatan-hut-ke-25-di-indonesia-arena-besok-dihadiri-12000,Netral,0.0,,,,
2026-09-08 13:36:31,Kompas.com Nasional,Nasional & Kebijakan,"6 5.000 Awak USS Abraham Lincoln Belanja Rp 53,5 M Selama 5 Hari di Thailand Internasional",https://internasional.kompas.com/read/2026/09/07/210000170/5.000-awak-uss-abraham-lincoln-belanja-rp-53-5-m-selama-5-hari-di,Netral,0.0,,,,
2026-09-08 13:36:31,Kompas.com Nasional,Nasional & Kebijakan,4 Update: Penerbangan di Bandara Soekarno-Hatta Kembali Beroperasi Megapolitan,https://megapolitan.kompas.com/read/2026/09/08/01160921/update-penerbangan-di-bandara-soekarno-hatta-kembali-beroperasi,Netral,0.0,,,,
2026-09-08 13:36:31,Kompas.com Nasional,Nasional & Kebijakan,3 Gerindra Minta AHY dan Demokrat Fokus Kerja: Urusan Pilpres 2029 Ditunda Dulu Nasional,https://nasional.kompas.com/read/2026/09/07/19054051/gerindra-minta-ahy-dan-demokrat-fokus-kerja-urusan-pilpres-2029-ditunda-dulu,Netral,0.0,,,,
2026-09-08 13:36:31,Kompas.com Nasional,Nasional & Kebijakan,5 Update: Bandara Soekarno-Hatta Ditutup sampai Pukul 24.00 WIB Megapolitan,https://megapolitan.kompas.com/read/2026/09/07/17375311/update-bandara-soekarno-hatta-ditutup-sampai-pukul-2400-wib,Netral,0.0,,,,
2026-09-08 13:36:31,Kompas.com Nasional,Nasional & Kebijakan,"1 Dipecat dari Polisi, Briptu MD Ungkap Nama Pejabat Polda Jambi yang Terima Aliran Dana Penipuan Seleksi Polri Regional",https://regional.kompas.com/read/2026/09/07/161355178/dipecat-dari-polisi-briptu-md-ungkap-nama-pejabat-polda-jambi-yang-terima,Netral,0.0,,,,
2026-09-08 13:36:31,Kompas.com Nasional,Nasional & Kebijakan,"""Panic Buying"" Masker Usai Erupsi Anak Krakatau, Ketika Kekhawatiran Memicu Kelangkaan Nasional",https://nasional.kompas.com/read/2026/09/08/11420801/panic-buying-masker-usai-erupsi-anak-krakatau-ketika-kekhawatiran-memicu,Netral,0.0,,,,
2026-09-08 13:36:31,Kompas.com Nasional,Nasional & Kebijakan,"Puan Minta Wacana Gabung BMKG-Badan Geologi Dikaji, DPR Dukung kalau Efektif Nasional",https://nasional.kompas.com/read/2026/09/08/11524811/puan-minta-wacana-gabung-bmkg-badan-geologi-dikaji-dpr-dukung-kalau-efektif,Positif,100.0,,,,
2026-09-08 13:36:31,Kompas.com Nasional,Nasional & Kebijakan,Agar Panic Buying Tak Muncul di Tengah Debu Vulkanik dan Kabut Asap… Nasional,https://nasional.kompas.com/read/2026/09/08/11561551/agar-panic-buying-tak-muncul-di-tengah-debu-vulkanik-dan-kabut-asap,Netral,0.0,,,,
2026-09-08 11:14:33,SINDOnews Nasional,Nasional & Politik,Humaniora Qodari: Desil Bukan Jadi Penentu Tunggal Penyaluran Bansos ke Masyarakat,https://nasional.sindonews.com/read/1747323/15/qodari-desil-bukan-jadi-penentu-tunggal-penyaluran-bansos-ke-masyarakat-1788782962,Netral,0.0,,,,
2026-09-08 11:14:33,SINDOnews Nasional,Nasional & Politik,Humaniora Imigrasi Beri Izin Tinggal Darurat bagi WNA Terdampak Erupsi Gunung Anak Krakatau,https://nasional.sindonews.com/read/1747311/15/imigrasi-beri-izin-tinggal-darurat-bagi-wna-terdampak-erupsi-gunung-anak-krakatau-1788782965,Negatif,-100.0,,,,
2026-09-08 11:14:33,detikNews,Berita & Peristiwa,"Dinamika di Tapteng, Ketua Gerindra Sumut Dukung Stabilitas Pemerintahan",https://news.detik.com/berita/d-8653300/dinamika-di-tapteng-ketua-gerindra-sumut-dukung-stabilitas-pemerintahan,Positif,100.0,,,,
2026-09-08 11:14:33,SINDOnews Nasional,Nasional & Politik,"Hukum Kejagung Ambil Alih Dugaan Korupsi PT PSMI, Pemanfaatan Kawasan Hutan Inhutani V Diduga Rugikan Negara",https://nasional.sindonews.com/read/1747343/13/kejagung-ambil-alih-dugaan-korupsi-pt-psmi-pemanfaatan-kawasan-hutan-inhutani-v-diduga-rugikan-negara-1788786584,Negatif,-100.0,,,,
2026-09-08 11:14:33,SINDOnews Nasional,Nasional & Politik,"Hukum Mobil Anggota DPRD Bengkulu Vinna Ledy dari Swasta, tapi Atas Nama Teman",https://nasional.sindonews.com/read/1747361/13/mobil-anggota-dprd-bengkulu-vinna-ledy-dari-swasta-tapi-atas-nama-teman-1788790179,Netral,0.0,,,,
2026-09-08 11:14:33,Kompas.com Nasional,Nasional & Kebijakan,DPR Setujui Usulan Prabowo untuk Jual KRI Ki Hajar Dewantara Milik TNI AL Nasional,https://nasional.kompas.com/read/2026/09/08/10451271/dpr-setujui-usulan-prabowo-untuk-jual-kri-ki-hajar-dewantara-milik-tni-al,Netral,0.0,,,,
2026-09-08 11:14:33,detikNews,Berita & Peristiwa,Pemprov DKI Perketat Pemantauan Kondisi Udara Jakarta Imbas Abu Anak Krakatau,https://news.detik.com/berita/d-8653171/pemprov-dki-perketat-pemantauan-kondisi-udara-jakarta-imbas-abu-anak-krakatau,Netral,0.0,,,,
2026-09-08 11:14:33,Kompas.com Nasional,Nasional & Kebijakan,"Muncul Narasi Erupsi Beruntun akibat Rekayasa Teknologi, Pakar: Mengabaikan Sains Nasional",https://nasional.kompas.com/read/2026/09/08/10455391/muncul-narasi-erupsi-beruntun-akibat-rekayasa-teknologi-pakar-mengabaikan,Netral,0.0,,,,
2026-09-08 11:14:33,detikNews,Berita & Peristiwa,Ibas Ajak Anak Muda Berpikir Kritis & Aktif dalam Hadapi AI-Medsos,https://news.detik.com/berita/d-8653287/ibas-ajak-anak-muda-berpikir-kritis-aktif-dalam-hadapi-ai-medsos,Netral,0.0,,,,
2026-09-08 11:14:33,detikNews,Berita & Peristiwa,Sudah 16 Jam Kebakaran TPA Galuga Bogor Belum Padam,https://news.detik.com/berita/d-8653288/sudah-16-jam-kebakaran-tpa-galuga-bogor-belum-padam,Netral,0.0,,,,
2026-09-08 11:14:33,detikNews,Berita & Peristiwa,"Kebakaran TPA Galuga, Wabup Bogor Minta Warga dan Pemulung Dievakuasi",https://news.detik.com/berita/d-8653325/kebakaran-tpa-galuga-wabup-bogor-minta-warga-dan-pemulung-dievakuasi,Netral,0.0,,,,
2026-09-08 11:14:33,detikNews,Berita & Peristiwa,Waka MPR Sebut Perlu Langkah Nyata Atasi Kendala Wujudkan Kampus Inklusif,https://news.detik.com/berita/d-8653304/waka-mpr-sebut-perlu-langkah-nyata-atasi-kendala-wujudkan-kampus-inklusif,Netral,0.0,,,,
2026-09-08 11:14:33,detikNews,Berita & Peristiwa,Polisi: Pria Loncat ke Rel Stasiun Tanah Abang Alami Gangguan Jiwa,https://news.detik.com/berita/d-8653306/polisi-pria-loncat-ke-rel-stasiun-tanah-abang-alami-gangguan-jiwa,Netral,0.0,,,,
2026-09-08 11:14:33,detikNews,Berita & Peristiwa,"DPR Gelar Rapat Paripurna Hari Ini, 151 Anggota Dewan Hadir",https://news.detik.com/berita/d-8653318/dpr-gelar-rapat-paripurna-hari-ini-151-anggota-dewan-hadir,Netral,0.0,,,,
2026-09-08 11:14:33,detikNews,Berita & Peristiwa,DPR Setujui Penjualan Kapal Eks KRI Ki Hajar Dewantara,https://news.detik.com/berita/d-8653320/dpr-setujui-penjualan-kapal-eks-kri-ki-hajar-dewantara,Netral,0.0,,,,
2026-09-08 11:14:33,detikNews,Berita & Peristiwa,Heli Water Bombing Diterjunkan Padamkan TPA Galuga Bogor Pagi Ini,https://news.detik.com/berita/d-8653285/heli-water-bombing-diterjunkan-padamkan-tpa-galuga-bogor-pagi-ini,Netral,0.0,,,,
2026-09-08 11:14:33,Kompas.com Nasional,Nasional & Kebijakan,Febrie Adriansyah Kembali Diperiksa Kejagung di Kasus TPPU hingga Asabri Nasional,https://nasional.kompas.com/read/2026/09/08/10453701/febrie-adriansyah-kembali-diperiksa-kejagung-di-kasus-tppu-hingga-asabri,Negatif,-100.0,,,,
2026-09-08 11:14:33,detikNews,Berita & Peristiwa,Kejagung Kembali Periksa Febrie Adriansyah Terkait Dugaan Korupsi dan TPPU,https://news.detik.com/berita/d-8653268/kejagung-kembali-periksa-febrie-adriansyah-terkait-dugaan-korupsi-dan-tppu,Negatif,-100.0,,,,
2026-09-08 11:14:33,SINDOnews Nasional,Nasional & Politik,Politik PKS Dorong Diplomasi Bebas Aktif Indonesia dalam Dinamika Isu Palestina,https://nasional.sindonews.com/read/1747283/12/pks-dorong-diplomasi-bebas-aktif-indonesia-dalam-dinamika-isu-palestina-1788775765,Positif,100.0,,,,
2026-09-08 11:14:33,detikNews,Berita & Peristiwa,Brimob Polda Metro Semprot Jalanan di Jakarta-Bekasi Cegah Abu Vulkanik,https://news.detik.com/berita/d-8653230/brimob-polda-metro-semprot-jalanan-di-jakarta-bekasi-cegah-abu-vulkanik,Netral,0.0,,,,
2026-09-08 11:14:33,SINDOnews Nasional,Nasional & Politik,Hukum Relawan GAN Ancam Laporkan Budi Arie Setiadi ke Polisi terkait Pernyataan Percepatan Sejarah,https://nasional.sindonews.com/read/1747295/13/relawan-gan-ancam-laporkan-budi-arie-setiadi-ke-polisi-terkait-pernyataan-percepatan-sejarah-1788779354,Netral,0.0,,,,
2026-09-08 11:14:33,Kompas.com Nasional,Nasional & Kebijakan,Kabut Asap dan Ujian Diplomasi Lingkungan Indonesia Nasional,https://nasional.kompas.com/read/2026/09/08/09000071/kabut-asap-dan-ujian-diplomasi-lingkungan-indonesia,Netral,0.0,,,,
2026-09-08 11:14:33,SINDOnews Nasional,Nasional & Politik,Humaniora Prabowo Minta Daftar Korporasi Terlibat Karhutla dan Ancam Cabut Izin HGU: Ini Sudah Kelewatan!,https://nasional.sindonews.com/read/1747275/15/prabowo-minta-daftar-korporasi-terlibat-karhutla-dan-ancam-cabut-izin-hgu-ini-sudah-kelewatan-1788775747,Netral,0.0,,,,
2026-09-08 11:14:33,Kompas.com Nasional,Nasional & Kebijakan,"Usai Anak Krakatau Mereda: Abu Mulai Beranjak, Modifikasi Cuaca Disiapkan Nasional",https://nasional.kompas.com/read/2026/09/08/09035791/usai-anak-krakatau-mereda-abu-mulai-beranjak-modifikasi-cuaca-disiapkan,Netral,0.0,,,,
2026-09-08 11:14:33,Kompas.com Nasional,Nasional & Kebijakan,"RUU Adminduk Jadi Usul Inisiatif DPR, Atur Sanksi Penyebaran Data Diperberat Jadi 6 Tahun Nasional",https://nasional.kompas.com/read/2026/09/08/11114871/ruu-adminduk-jadi-usul-inisiatif-dpr-atur-sanksi-penyebaran-data-diperberat,Netral,0.0,,,,
2026-09-08 11:14:33,Kompas.com Nasional,Nasional & Kebijakan,"10 Erupsi Anak Krakatau Mereda, Kenapa Abu Masih Bisa Beterbangan? Ini Penjelasannya Regional",https://regional.kompas.com/read/2026/09/07/130018278/erupsi-anak-krakatau-mereda-kenapa-abu-masih-bisa-beterbangan-ini,Netral,0.0,,,,
2026-09-08 11:14:33,Kompas.com Nasional,Nasional & Kebijakan,"8 Cerita Tim SAR Temukan Jasad Mozza di Jangli Semarang, Ranting Patah Mengarah ke Karung Putih Regional",https://regional.kompas.com/read/2026/09/07/110500678/cerita-tim-sar-temukan-jasad-mozza-di-jangli-semarang-ranting-patah,Netral,0.0,,,,
2026-09-08 11:14:33,SINDOnews Nasional,Nasional & Politik,Kejagung: Ferry Boboho Salah Satu Saksi Kunci Kasus TPPU Febrie Adriansyah,https://nasional.sindonews.com/read/1747333/13/kejagung-ferry-boboho-salah-satu-saksi-kunci-kasus-tppu-febrie-adriansyah-1788782960,Negatif,-100.0,,,,
2026-09-08 11:14:33,Kompas.com Nasional,Nasional & Kebijakan,"5 Sahroni Jamin RUU Perampasan Aset Sah pada 15 Desember, tetapi Belum Tentu Memuaskan Nasional",https://nasional.kompas.com/read/2026/09/07/11100991/sahroni-jamin-ruu-perampasan-aset-sah-pada-15-desember-tetapi-belum-tentu,Netral,0.0,,,,
2026-09-08 11:14:33,Kompas.com Nasional,Nasional & Kebijakan,"4 Presenter Kondang Mesir Dijatuhi Hukuman Mati, Kasus Apa? Internasional",https://internasional.kompas.com/read/2026/09/07/120807470/presenter-kondang-mesir-dijatuhi-hukuman-mati-kasus-apa,Negatif,-100.0,,,,
2026-09-08 11:14:33,Kompas.com Nasional,Nasional & Kebijakan,Mengenang Lahirnya Anak Krakatau Nyaris 99 Tahun Silam Nasional,https://nasional.kompas.com/read/2026/09/08/08193991/mengenang-lahirnya-anak-krakatau-nyaris-99-tahun-silam,Netral,0.0,,,,
2026-09-08 11:14:33,Kompas.com Nasional,Nasional & Kebijakan,"Di Balik Asap Karhutla: Ratusan Orang Jadi Tersangka, Korporasi Dibidik Nasional",https://nasional.kompas.com/read/2026/09/08/08355171/di-balik-asap-karhutla-ratusan-orang-jadi-tersangka-korporasi-dibidik,Netral,0.0,,,,
2026-09-08 11:14:33,Kompas.com Nasional,Nasional & Kebijakan,KPK Duga Anggota DPRD Bengkulu Vinna Ledy Terima 2 Mobil dari Pengusaha Nasional,https://nasional.kompas.com/read/2026/09/08/09084431/kpk-duga-anggota-dprd-bengkulu-vinna-ledy-terima-2-mobil-dari-pengusaha,Netral,0.0,,,,
2026-09-08 11:14:33,Kompas.com Nasional,Nasional & Kebijakan,MBG dan Pertanyaan Lebih Mahal daripada Sepiring Makan Nasional,https://nasional.kompas.com/read/2026/09/08/10400041/mbg-dan-pertanyaan-lebih-mahal-daripada-sepiring-makan,Netral,0.0,,,,
2026-09-08 11:14:33,Kompas.com Nasional,Nasional & Kebijakan,"AHY Disindir Sibuk Nyapres, Demokrat: Jelas-jelas Pidatonya Dukung Prabowo Nasional",https://nasional.kompas.com/read/2026/09/08/09214511/ahy-disindir-sibuk-nyapres-demokrat-jelas-jelas-pidatonya-dukung-prabowo,Positif,100.0,,,,
2026-09-08 11:14:33,Kompas.com Nasional,Nasional & Kebijakan,"Tekad Wakil Rakyat Sahkan RUU Perampasan Aset, Senggol “Haters” Pemerintah Nasional",https://nasional.kompas.com/read/2026/09/08/09274231/tekad-wakil-rakyat-sahkan-ruu-perampasan-aset-senggol-haters-pemerintah,Netral,0.0,,,,
2026-09-08 11:14:33,Kompas.com Nasional,Nasional & Kebijakan,Sudaryono Resmi Tutup Sementara 1.999 Dapur MBG yang Belum Daftar SLHS Nasional,https://nasional.kompas.com/read/2026/09/08/09471881/sudaryono-resmi-tutup-sementara-1999-dapur-mbg-yang-belum-daftar-slhs,Netral,0.0,,,,
2026-09-08 11:14:33,Kompas.com Nasional,Nasional & Kebijakan,RUU Pengaturan Reforma Agraria: Jatah Desa hingga Tanah untuk Penggarap Nasional,https://nasional.kompas.com/read/2026/09/08/09593811/ruu-pengaturan-reforma-agraria-jatah-desa-hingga-tanah-untuk-penggarap,Netral,0.0,,,,
2026-09-08 11:14:33,Kompas.com Nasional,Nasional & Kebijakan,"Hari Ini, Kejagung Periksa Febrie Adriansyah sebagai Tersangka Nasional",https://nasional.kompas.com/read/2026/09/08/10074921/hari-ini-kejagung-periksa-febrie-adriansyah-sebagai-tersangka,Netral,0.0,,,,
2026-09-08 11:14:33,Kompas.com Nasional,Nasional & Kebijakan,Demokrat Bantah Pidato AHY Sinyal Maju Pilpres 2029 Nasional,https://nasional.kompas.com/read/2026/09/08/10231701/demokrat-bantah-pidato-ahy-sinyal-maju-pilpres-2029,Netral,0.0,,,,
2026-09-08 11:14:33,Kompas.com Nasional,Nasional & Kebijakan,"Saat AHY Bicara Kekuasaan Ada Batasnya, Partai Pro Prabowo Bereaksi, Demokrat Klarifikasi Nasional",https://nasional.kompas.com/read/2026/09/08/10311401/saat-ahy-bicara-kekuasaan-ada-batasnya-partai-pro-prabowo-bereaksi-demokrat,Netral,0.0,,,,
2026-09-08 11:14:33,Kompas.com Nasional,Nasional & Kebijakan,Demokrat Tegaskan Dukung Pemerintahan Prabowo: Kebijakan Harus Nyata Nasional,https://nasional.kompas.com/read/2026/09/08/10363941/demokrat-tegaskan-dukung-pemerintahan-prabowo-kebijakan-harus-nyata,Positif,100.0,,,,
2026-09-08 11:14:33,Kompas.com Nasional,Nasional & Kebijakan,4 Saksi Dihadirkan di Sidang Korupsi Kuota Haji Tambahan 2023-2024 Nasional,https://nasional.kompas.com/read/2026/09/08/11025441/4-saksi-dihadirkan-di-sidang-korupsi-kuota-haji-tambahan-2023-2024,Negatif,-100.0,,,,
2026-09-08 11:14:33,Kompas.com Nasional,Nasional & Kebijakan,"7 Habiburokhman: Mohon Maaf, Era Prabowo Jauh Lebih Demokratis dari Pemerintah Sebelumnya Nasional",https://nasional.kompas.com/read/2026/09/07/11551951/habiburokhman-mohon-maaf-era-prabowo-jauh-lebih-demokratis-dari-pemerintah,Netral,0.0,,,,
2026-09-08 11:14:33,Kompas.com Nasional,Nasional & Kebijakan,"BNPB Usul Tambahan Anggaran Rp 5,67 Triliun ke Kemenkeu untuk Penanganan Bencana 2026 Nasional",https://nasional.kompas.com/read/2026/09/08/11115641/bnpb-usul-tambahan-anggaran-rp-567-triliun-ke-kemenkeu-untuk-penanganan,Negatif,-100.0,,,,
2026-09-08 11:14:33,Liputan6 News,Hukum & Politik,"Aktivitas Anak Krakatau Menurun, PVMBG Ungkap Ancaman yang Masih Mengintai",https://www.liputan6.com/news/read/8285989/aktivitas-anak-krakatau-menurun-pvmbg-ungkap-ancaman-yang-masih-mengintai,Negatif,-100.0,,,,
2026-09-08 11:14:33,Liputan6 News,Hukum & Politik,Instruksi Kapolri Terkait Erupsi Anak Krakatau,https://www.liputan6.com/news/read/8286029/instruksi-kapolri-terkait-erupsi-anak-krakatau,Netral,0.0,,,,
2026-09-08 11:14:33,Liputan6 News,Hukum & Politik,"Abu Vulkanik Anak Krakatau Meluas, Warga Diminta Terus Pantau Kualitas Udara",https://www.liputan6.com/news/read/8286061/abu-vulkanik-anak-krakatau-meluas-warga-diminta-terus-pantau-kualitas-udara,Netral,0.0,,,,
2026-09-08 11:14:33,Liputan6 News,Hukum & Politik,Napas Orangutan di Tengah Kepungan Asap Hutan Kalimantan,https://www.liputan6.com/news/read/8285982/napas-orangutan-di-tengah-kepungan-asap-hutan-kalimantan,Netral,0.0,,,,
2026-09-08 11:14:33,Liputan6 News,Hukum & Politik,Lampung Berlakukan PJJ 2 Hari Dampak Abu Vulkanik Anak Krakatau,https://www.liputan6.com/news/read/8286072/lampung-berlakukan-pjj-2-hari-dampak-abu-vulkanik-anak-krakatau,Netral,0.0,,,,
2026-09-08 11:14:33,Liputan6 News,Hukum & Politik,"12 Perjalanan KRL Bogor-Jakarta Dibatalkan, Ini Alasannya",https://www.liputan6.com/news/read/8286098/12-perjalanan-krl-bogor-jakarta-dibatalkan-ini-alasannya,Netral,0.0,,,,
2026-09-08 11:14:33,Liputan6 News,Hukum & Politik,Tarif Masuk Ragunan Diusulkan Naik Jadi Rp 10 Ribu,https://www.liputan6.com/news/read/8286102/tarif-masuk-ragunan-diusulkan-naik-jadi-rp-10-ribu,Positif,100.0,,,,
2026-09-08 11:14:33,Liputan6 News,Hukum & Politik,"Selain Soetta, Penutupan 3 Bandara juga Diperpanjang hingga 08.59 WIB Pagi Ini",https://www.liputan6.com/news/read/8286059/selain-soetta-penutupan-3-bandara-juga-diperpanjang-hingga-0859-wib-pagi-ini,Netral,0.0,,,,
2026-09-08 11:14:33,iNews Nasional,Peristiwa & Hukum,"Nasional Mitigasi Dampak El Nino, Prabowo Perintahkan Bantuan Beras Berlanjut hingga Desember",https://www.inews.id/news/nasional/mitigasi-dampak-el-nino-prabowo-perintahkan-bantuan-beras-berlanjut-hingga-desember,Positif,100.0,,,,
2026-09-08 11:14:33,iNews Nasional,Peristiwa & Hukum,Nasional 15 jam lalu Kejagung Benarkan Ferry Boboho Saksi Kunci Kasus Eks Jampidsus Febrie,https://www.inews.id/news/nasional/kejagung-benarkan-ferry-boboho-saksi-kunci-kasus-eks-jampidsus-febrie,Negatif,-100.0,,,,
2026-09-08 11:14:33,iNews Nasional,Peristiwa & Hukum,"Nasional 15 jam lalu Abu Vulkanik Anak Krakatau Ganggu Penerbangan, Penumpang Terdampak Berhak Refund Tiket 100 Persen",https://www.inews.id/news/nasional/abu-vulkanik-anak-krakatau-ganggu-penerbangan-penumpang-terdampak-berhak-refund-tiket-100-persen,Netral,0.0,,,,
2026-09-08 11:14:33,iNews Nasional,Peristiwa & Hukum,"Nasional 15 jam lalu Febrio Adiono Bakal Diperiksa terkait Kematian Misterius Sutrimo, Ini Respons Kejagung",https://www.inews.id/news/nasional/febrio-adiono-bakal-diperiksa-terkait-kematian-misterius-sutrimo-ini-respons-kejagung,Netral,0.0,,,,
2026-09-08 11:14:33,iNews Nasional,Peristiwa & Hukum,Nasional 14 jam lalu AHY Ungkap Ukuran Keberhasilan Politik: Apakah Kehidupan Rakyat Menjadi Lebih Baik?,https://www.inews.id/news/nasional/ahy-ungkap-ukuran-keberhasilan-politik-apakah-kehidupan-rakyat-menjadi-lebih-baik,Netral,0.0,,,,
2026-09-08 11:14:33,iNews Nasional,Peristiwa & Hukum,"Nasional 14 jam lalu AHY Ingatkan Penegakan Hukum Harus Adil, Tak Boleh Dipengaruhi Kekuasaan",https://www.inews.id/news/nasional/ahy-ingatkan-penegakan-hukum-harus-adil-tak-boleh-dipengaruhi-kekuasaan,Netral,0.0,,,,
2026-09-08 11:14:33,iNews Nasional,Peristiwa & Hukum,"Nasional 10 jam lalu Daftar 6 Bandara Alternatif imbas Abu Vulkanik Ganggu Penerbangan, Ada Juanda-Kertajati",https://www.inews.id/news/nasional/daftar-6-bandara-alternatif-imbas-abu-vulkanik-ganggu-penerbangan-ada-juanda-kertajati,Netral,0.0,,,,
2026-09-08 11:14:33,iNews Nasional,Peristiwa & Hukum,"Nasional 5 jam lalu Sejarah Munculnya Gunung Anak Krakatau, Lahir dari Bawah Laut usai Sang Ibu Mengamuk Dahsyat",https://www.inews.id/news/nasional/sejarah-munculnya-gunung-anak-krakatau-lahir-dari-bawah-laut-usai-sang-ibu-mengamuk-dahsyat,Netral,0.0,,,,
2026-09-08 11:14:33,iNews Nasional,Peristiwa & Hukum,"Nasional 16 jam lalu Erupsi Anak Krakatau Ganggu Penerbangan, Imigrasi Beri Izin Tinggal Darurat ke WNA",https://www.inews.id/news/nasional/erupsi-anak-krakatau-ganggu-penerbangan-imigrasi-beri-izin-tinggal-darurat-ke-wna,Negatif,-100.0,,,,
2026-09-08 11:14:33,iNews Nasional,Peristiwa & Hukum,"Nasional Bantah Kriminalisasi, Kejagung Minta Hakim Tolak Praperadilan Eks Waka BGN Lodewyk Pusung",https://www.inews.id/news/nasional/bantah-kriminalisasi-kejagung-minta-hakim-tolak-praperadilan-eks-waka-bgn-lodewyk-pusung,Negatif,-100.0,,,,
2026-09-08 11:14:33,iNews Nasional,Peristiwa & Hukum,Nasional Kejagung Ungkap Eks Waka BGN Lodewyk Pusung Teken MoU Pembangunan 500 Dapur SPPG Mandiri,https://www.inews.id/news/nasional/kejagung-ungkap-eks-waka-bgn-lodewyk-pusung-teken-mou-pembangunan-500-dapur-sppg-mandiri,Netral,0.0,,,,
2026-09-08 11:14:33,iNews Nasional,Peristiwa & Hukum,Nasional 16 jam lalu Kemenhub Siapkan 10 Bandara Beroperasi 24 Jam untuk Percepat Pemulihan Penerbangan,https://www.inews.id/news/nasional/kemenhub-siapkan-10-bandara-beroperasi-24-jam-untuk-percepat-pemulihan-penerbangan,Netral,0.0,,,,
2026-09-08 11:14:33,Liputan6 News,Hukum & Politik,"Gunung Anak Krakatau Erupsi Lagi, Tinggi Abu Tak Teramati",https://www.liputan6.com/news/read/8286001/gunung-anak-krakatau-erupsi-lagi-tinggi-abu-tak-teramati,Netral,0.0,,,,
2026-09-08 11:14:33,detikNews,Berita & Peristiwa,"Selain Soetta, Bandara Pondok Cabe dan Budiarto Juga Kembali Dibuka",https://news.detik.com/berita/d-8653070/selain-soetta-bandara-pondok-cabe-dan-budiarto-juga-kembali-dibuka,Netral,0.0,,,,
2026-09-08 11:14:33,Liputan6 News,Hukum & Politik,"Abu Anak Krakatau, Kampus Diminta Kurangi Aktivitas Luar Ruangan",https://www.liputan6.com/news/read/8285968/abu-anak-krakatau-kampus-diminta-kurangi-aktivitas-luar-ruangan,Netral,0.0,,,,
2026-09-08 11:14:33,detikNews,Berita & Peristiwa,Momen Komisi XII DPR Usir Perwakilan Jababeka di Rapat,https://news.detik.com/berita/d-8653156/momen-komisi-xii-dpr-usir-perwakilan-jababeka-di-rapat,Netral,0.0,,,,
2026-09-08 11:14:33,Liputan6 News,Hukum & Politik,BMKG Prediksi Sejumlah Kota Berawan hingga Hujan,https://www.liputan6.com/news/read/8282661/bmkg-prediksi-sejumlah-kota-berawan-hingga-hujan,Netral,0.0,,,,
2026-09-08 11:14:33,detikNews,Berita & Peristiwa,Kepala BGN Tutup Sementara 1.999 Dapur MBG Tak Daftar SLHS,https://news.detik.com/berita/d-8653075/kepala-bgn-tutup-sementara-1-999-dapur-mbg-tak-daftar-slhs,Netral,0.0,,,,
2026-09-08 11:14:33,detikNews,Berita & Peristiwa,BMKG Prakirakan Sebaran Abu Vulkanik Anak Krakatau Jauhi Wilayah RI,https://news.detik.com/berita/d-8653094/bmkg-prakirakan-sebaran-abu-vulkanik-anak-krakatau-jauhi-wilayah-ri,Netral,0.0,,,,
2026-09-08 11:14:33,detikNews,Berita & Peristiwa,Akses ke Titik Api Jadi Kendala Pemadaman di TPA Galuga Bogor,https://news.detik.com/berita/d-8653097/akses-ke-titik-api-jadi-kendala-pemadaman-di-tpa-galuga-bogor,Netral,0.0,,,,
2026-09-08 11:14:33,detikNews,Berita & Peristiwa,"Erupsi Gunung Anak Krakatau, PKS Desak Pemerintah Perkuat Mitigasi Bencana",https://news.detik.com/berita/d-8653101/erupsi-gunung-anak-krakatau-pks-desak-pemerintah-perkuat-mitigasi-bencana,Negatif,-100.0,,,,
2026-09-08 11:14:33,detikNews,Berita & Peristiwa,"Bandara Soetta Beroperasi Lagi, Antrean Check-in Mulai Ramai Calon Penumpang",https://news.detik.com/berita/d-8653252/bandara-soetta-beroperasi-lagi-antrean-check-in-mulai-ramai-calon-penumpang,Netral,0.0,,,,
2026-09-08 11:14:33,detikNews,Berita & Peristiwa,Water Bombing TNI AU Akan Dikerahkan Padamkan Kebakaran TPA Galuga Bogor,https://news.detik.com/berita/d-8653108/water-bombing-tni-au-akan-dikerahkan-padamkan-kebakaran-tpa-galuga-bogor,Netral,0.0,,,,
2026-09-08 11:14:33,detikNews,Berita & Peristiwa,KPAI Desak Pemerkosa Anak Korban Gempa NTT Dihukum Berat,https://news.detik.com/berita/d-8653137/kpai-desak-pemerkosa-anak-korban-gempa-ntt-dihukum-berat,Negatif,-100.0,,,,
2026-09-08 11:14:33,detikNews,Berita & Peristiwa,"ISPA di Lampung Naik Imbas Abu Vulkanik Anak Krakatau, Terkini Ada 76 Kasus",https://news.detik.com/berita/d-8653152/ispa-di-lampung-naik-imbas-abu-vulkanik-anak-krakatau-terkini-ada-76-kasus,Netral,0.0,,,,
2026-09-08 11:14:33,detikNews,Berita & Peristiwa,Kereta Jadi Pilihan Buntut Banyak Penerbangan Dibatalkan,https://news.detik.com/berita/d-8653153/kereta-jadi-pilihan-buntut-banyak-penerbangan-dibatalkan,Netral,0.0,,,,
2026-09-08 11:14:33,detikNews,Berita & Peristiwa,5 Fakta Penjambret Wanita India di Menteng Kini Jadi Tersangka,https://news.detik.com/berita/d-8653158/5-fakta-penjambret-wanita-india-di-menteng-kini-jadi-tersangka,Netral,0.0,,,,
2026-09-08 11:14:33,detikNews,Berita & Peristiwa,BMKG Lanjutkan OMC sampai Abu Anak Krakatau Tak Ganggu Bandara-Masyarakat,https://news.detik.com/berita/d-8653193/bmkg-lanjutkan-omc-sampai-abu-anak-krakatau-tak-ganggu-bandara-masyarakat,Netral,0.0,,,,
2026-09-08 11:14:33,detikNews,Berita & Peristiwa,Sidang Pun Tertunda karena Abu Vulkanik Anak Krakatau,https://news.detik.com/berita/d-8653204/sidang-pun-tertunda-karena-abu-vulkanik-anak-krakatau,Netral,0.0,,,,
2026-09-08 11:14:33,detikNews,Berita & Peristiwa,"Perjalanan KRL Bogor Dikurangi, Komisi V DPR Minta KCI Siapkan Kereta Cadangan",https://news.detik.com/berita/d-8653210/perjalanan-krl-bogor-dikurangi-komisi-v-dpr-minta-kci-siapkan-kereta-cadangan,Netral,0.0,,,,
2026-09-08 11:14:33,detikNews,Berita & Peristiwa,Ucapan AHY soal Kekuasaan Jadi Sorotan Partai Koalisi,https://news.detik.com/berita/d-8653218/ucapan-ahy-soal-kekuasaan-jadi-sorotan-partai-koalisi,Netral,0.0,,,,
2026-09-08 11:14:33,detikNews,Berita & Peristiwa,Program MYP Jadi Pembangunan Berskala Besar Pertama di Sulsel,https://news.detik.com/berita/d-8653226/program-myp-jadi-pembangunan-berskala-besar-pertama-di-sulsel,Netral,0.0,,,,
2026-09-08 11:14:33,detikNews,Berita & Peristiwa,TPA Galuga Cibungbulang Bogor Ditutup Sementara Imbas Kebakaran,https://news.detik.com/berita/d-8653122/tpa-galuga-cibungbulang-bogor-ditutup-sementara-imbas-kebakaran,Netral,0.0,,,,
2026-09-08 11:14:33,iNews Nasional,Peristiwa & Hukum,"Nasional 13 jam lalu Dari MPP hingga Zona Integritas, Menteri PANRB Dorong Transformasi Pelayanan Publik",https://www.inews.id/news/nasional/dari-mpp-hingga-zona-integritas-menteri-panrb-dorong-transformasi-pelayanan-publik,Netral,0.0,,,,
2026-09-08 11:04:09,iNews Nasional,Peristiwa & Hukum,Nasional 16 jam lalu Penutupan 4 Bandara Diperpanjang hingga Tengah Malam Buntut Abu Vulkanik Anak Krakatau,https://www.inews.id/news/nasional/penutupan-4-bandara-diperpanjang-hingga-tengah-malam-buntut-abu-vulkanik-anak-krakatau,Netral,0.0,,,,
2026-09-08 11:04:09,detikNews,Berita & Peristiwa,Legislator Golkar: RUU Perampasan Aset Tak Akan Jadi Alat Tekan Lawan Politik,https://news.detik.com/berita/d-8653067/legislator-golkar-ruu-perampasan-aset-tak-akan-jadi-alat-tekan-lawan-politik,Netral,0.0,,,,
2026-09-08 11:04:09,Liputan6 News,Hukum & Politik,Polres Bandara Soetta Bagikan Masker dan Cek Kesehatan Calon Penumpang,https://www.liputan6.com/news/read/8285966/polres-bandara-soetta-bagikan-masker-dan-cek-kesehatan-calon-penumpang,Netral,0.0,,,,
2026-09-08 11:04:09,detikNews,Berita & Peristiwa,Pakar Dorong RUU Perampasan Aset Atur Pengembalian Harta Salah Sita,https://news.detik.com/berita/d-8653066/pakar-dorong-ruu-perampasan-aset-atur-pengembalian-harta-salah-sita,Netral,0.0,,,,
2026-09-08 11:04:09,Kompas.com Nasional,Nasional & Kebijakan,Hitung-hitung Anggaran Bencana di Negeri Cincin Api Nasional,https://nasional.kompas.com/read/2026/09/08/07445931/hitung-hitung-anggaran-bencana-di-negeri-cincin-api,Negatif,-100.0,,,,
2026-09-08 11:04:09,Kompas.com Nasional,Nasional & Kebijakan,"Dari MPP hingga Zona Integritas, Menteri PANRB Dorong Transformasi Pelayanan Publik Nasional",https://nasional.kompas.com/read/2026/09/08/07350231/dari-mpp-hingga-zona-integritas-menteri-panrb-dorong-transformasi-pelayanan,Netral,0.0,,,,
2026-09-08 11:04:09,Kompas.com Nasional,Nasional & Kebijakan,"Kelalaian dalam Kasus Keracunan MBG Bisa Dipenjara 5 Tahun, Ini Penjelasan Pakar Nasional",https://nasional.kompas.com/read/2026/09/08/07341081/kelalaian-dalam-kasus-keracunan-mbg-bisa-dipenjara-5-tahun-ini-penjelasan,Negatif,-100.0,,,,
2026-09-08 11:04:09,detikNews,Berita & Peristiwa,Bandara Soekarno-Hatta Sudah Kembali Dibuka Selasa Dini Hari,https://news.detik.com/berita/d-8653065/bandara-soekarno-hatta-sudah-kembali-dibuka-selasa-dini-hari,Netral,0.0,,,,
2026-09-08 08:34:58,detikNews,Berita & Peristiwa,12 Perjalanan KRL Bogor Hari Ini Dibatalkan,https://news.detik.com/berita/d-8651524/12-perjalanan-krl-bogor-hari-ini-dibatalkan,Netral,0.0,,,,
2026-09-08 08:34:58,detikNews,Berita & Peristiwa,"Pria Kencing Sembarangan di Alun-alun Kota Bogor Mabuk, Didenda Rp 1 Juta",https://news.detik.com/berita/d-8652913/pria-kencing-sembarangan-di-alun-alun-kota-bogor-mabuk-didenda-rp-1-juta,Netral,0.0,,,,
2026-09-08 08:34:58,detikNews,Berita & Peristiwa,Kondisi Gunung Anak Krakatau Senin Pagi Usai Erupsi,https://news.detik.com/berita/d-8651572/kondisi-gunung-anak-krakatau-senin-pagi-usai-erupsi,Netral,0.0,,,,
2026-09-08 08:34:58,detikNews,Berita & Peristiwa,"Driver Ojol Pelanggar Lalin di Bogor Bakal Disanksi, Bisa Kena Suspend",https://news.detik.com/berita/d-8653019/driver-ojol-pelanggar-lalin-di-bogor-bakal-disanksi-bisa-kena-suspend,Netral,0.0,,,,
2026-09-08 08:34:58,detikNews,Berita & Peristiwa,Jokowi Alami Delay dan Batal Transit di Jakarta Dampak Erupsi Anak Krakatau,https://news.detik.com/berita/d-8653053/jokowi-alami-delay-dan-batal-transit-di-jakarta-dampak-erupsi-anak-krakatau,Netral,0.0,,,,
2026-09-08 08:34:58,SINDOnews Nasional,Nasional & Politik,Humaniora Prabowo Instruksikan Mensesneg hingga Menkeu Perkuat Armada Pemadam Karhutla,https://nasional.sindonews.com/read/1747267/15/prabowo-instruksikan-mensesneg-hingga-menkeu-perkuat-armada-pemadam-karhutla-1788772158,Netral,0.0,,,,
2026-09-08 08:34:58,detikNews,Berita & Peristiwa,"Guru di Jombang Diduga Perkosa Siswinya 13 Kali, Polisi Selidiki",https://news.detik.com/berita/d-8653051/guru-di-jombang-diduga-perkosa-siswinya-13-kali-polisi-selidiki,Netral,0.0,,,,
2026-09-08 08:34:58,detikNews,Berita & Peristiwa,AHY Ungkap Penyeberangan Merak-Bakauheni Normal: Tak Ada Potensi Tsunami,https://news.detik.com/berita/d-8652899/ahy-ungkap-penyeberangan-merak-bakauheni-normal-tak-ada-potensi-tsunami,Positif,15.0,,,,
2026-09-08 08:34:58,detikNews,Berita & Peristiwa,Terjepit Sanksi AS Bikin Harga Bensin Iran Melejit,https://news.detik.com/internasional/d-8653113/terjepit-sanksi-as-bikin-harga-bensin-iran-melejit,Netral,0.0,,,,
2026-09-08 08:34:58,detikNews,Berita & Peristiwa,Yang Bikin KRL Bogor Dikurangi hingga Akhir Bulan,https://news.detik.com/berita/d-8652905/yang-bikin-krl-bogor-dikurangi-hingga-akhir-bulan,Netral,0.0,,,,
2026-09-08 08:34:58,detikNews,Berita & Peristiwa,Kala TNI Bicara Fakta di Balik Tenda Prajurit Diduga di Lahan GRIB Jaya,https://news.detik.com/berita/d-8651571/kala-tni-bicara-fakta-di-balik-tenda-prajurit-diduga-di-lahan-grib-jaya,Netral,0.0,,,,
2026-09-08 08:34:58,detikNews,Berita & Peristiwa,"Baleg Setuju RUU Reforma Agraria Jadi Usul Inisiatif DPR, Dibawa ke Paripurna",https://news.detik.com/berita/d-8653042/baleg-setuju-ruu-reforma-agraria-jadi-usul-inisiatif-dpr-dibawa-ke-paripurna,Netral,0.0,,,,
2026-09-08 08:34:58,detikNews,Berita & Peristiwa,"BNPB Lapor Penanganan 4 Bencana ke Prabowo, Fokus Percepatan Pemulihan",https://news.detik.com/berita/d-8653035/bnpb-lapor-penanganan-4-bencana-ke-prabowo-fokus-percepatan-pemulihan,Negatif,-100.0,,,,
2026-09-08 08:34:58,detikNews,Berita & Peristiwa,Polda Bali Matangkan Kesiapan Agenda Internasional IAWP 2026,https://news.detik.com/berita/d-8652897/polda-bali-matangkan-kesiapan-agenda-internasional-iawp-2026,Netral,0.0,,,,
2026-09-08 08:34:58,detikNews,Berita & Peristiwa,"Mendagri Kirim Tim Bantu Kependudukan Korban Gempa NTT, 11 Ribu Dokumen Terbit",https://news.detik.com/berita/d-8652898/mendagri-kirim-tim-bantu-kependudukan-korban-gempa-ntt-11-ribu-dokumen-terbit,Netral,0.0,,,,
2026-09-08 08:34:58,Kompas.com Nasional,Nasional & Kebijakan,"9 Warga Diminta Cari Jalur Alternatif, Ada 3 Demo di Jakarta Hari Ini Megapolitan",https://megapolitan.kompas.com/read/2026/09/07/10065091/warga-diminta-cari-jalur-alternatif-ada-3-demo-di-jakarta-hari-ini,Negatif,-100.0,,,,
2026-09-08 08:34:58,Kompas.com Nasional,Nasional & Kebijakan,Anggota DPR Jamin RUU Perampasan Aset Tak Bikin Aparat Bertindak Sembarangan Nasional,https://nasional.kompas.com/read/2026/09/08/05102671/anggota-dpr-jamin-ruu-perampasan-aset-tak-bikin-aparat-bertindak-sembarangan,Netral,0.0,,,,
2026-09-08 08:34:58,SINDOnews Nasional,Nasional & Politik,"Humaniora BNPB: 72.008 Hektare Lahan Gambut Terbakar, 734 Masih Dalam Pemadaman",https://nasional.sindonews.com/read/1747271/15/bnpb-72008-hektare-lahan-gambut-terbakar-734-masih-dalam-pemadaman-1788772187,Netral,0.0,,,,
2026-09-08 08:34:58,Kompas.com Nasional,Nasional & Kebijakan,KPK Duga Istri Bupati Pemalang Siapkan Uang Hasil Pemerasan Nasional,https://nasional.kompas.com/read/2026/09/07/21542921/kpk-duga-istri-bupati-pemalang-siapkan-uang-hasil-pemerasan,Netral,0.0,,,,
2026-09-08 08:34:58,Kompas.com Nasional,Nasional & Kebijakan,Qodari: Prabowo Selalu Pastikan Dalam Negeri Ditangani Sebelum ke Luar Negeri Nasional,https://nasional.kompas.com/read/2026/09/08/05191601/qodari-prabowo-selalu-pastikan-dalam-negeri-ditangani-sebelum-ke-luar-negeri,Netral,0.0,,,,
2026-09-08 08:34:58,Kompas.com Nasional,Nasional & Kebijakan,"Bakom Pemerintah, Jebakan Narasi dan Komunikasi Publik Nasional",https://nasional.kompas.com/read/2026/09/08/05450091/bakom-pemerintah-jebakan-narasi-dan-komunikasi-publik,Netral,0.0,,,,
2026-09-08 08:34:58,Kompas.com Nasional,Nasional & Kebijakan,"Draf RUU Reforma Agraria Rampung, Batasi Luas Lahan hingga Ada Badan Khusus Nasional",https://nasional.kompas.com/read/2026/09/08/05335051/draf-ruu-reforma-agraria-rampung-batasi-luas-lahan-hingga-ada-badan-khusus,Netral,0.0,,,,
2026-09-08 08:34:58,detikNews,Berita & Peristiwa,"Kebakaran Lahan di Seberang TPA Galuga Bogor, Damkar Lakukan Penanganan",https://news.detik.com/berita/d-8652923/kebakaran-lahan-di-seberang-tpa-galuga-bogor-damkar-lakukan-penanganan,Netral,0.0,,,,
2026-09-08 08:34:58,Kompas.com Nasional,Nasional & Kebijakan,"Hadapi El Nino, Airlangga: Bantuan Beras 30 Kg Dilanjutkan hingga Desember Nasional",https://nasional.kompas.com/read/2026/09/07/22262921/hadapi-el-nino-airlangga-bantuan-beras-30-kg-dilanjutkan-hingga-desember,Positif,100.0,,,,
2026-09-08 08:34:58,Kompas.com Nasional,Nasional & Kebijakan,"Airlangga: Prabowo Ingin Masyarakat Punya Rekening Koran, BRI-BSI Diminta Siapkan Nasional",https://nasional.kompas.com/read/2026/09/07/22005191/airlangga-prabowo-ingin-masyarakat-punya-rekening-koran-bri-bsi-diminta,Netral,0.0,,,,
2026-09-08 08:34:58,detikNews,Berita & Peristiwa,BGN Setop Sementara Distribusi MBG untuk Siswa PJJ Imbas Erupsi Anak Krakatau,https://news.detik.com/berita/d-8651583/bgn-setop-sementara-distribusi-mbg-untuk-siswa-pjj-imbas-erupsi-anak-krakatau,Netral,0.0,,,,
2026-09-08 08:34:58,Kompas.com Nasional,Nasional & Kebijakan,1 Badan Geologi: Erupsi Menerus Gunung Anak Krakatau Berakhir Nasional,https://nasional.kompas.com/read/2026/09/07/10252761/badan-geologi-erupsi-menerus-gunung-anak-krakatau-berakhir,Netral,0.0,,,,
2026-09-08 08:34:58,Kompas.com Nasional,Nasional & Kebijakan,3 UPDATE: Penutupan Bandara Soekarno-Hatta Senin Ini Diperpanjang hingga 18.00 WIB Megapolitan,https://megapolitan.kompas.com/read/2026/09/07/09083561/update-penutupan-bandara-soekarno-hatta-senin-ini-diperpanjang-hingga,Netral,0.0,,,,
2026-09-08 08:34:58,Kompas.com Nasional,Nasional & Kebijakan,"Beredar Prakiraan Gempa Indonesia Sebelum 2026 Berakhir, BMKG: Tidak Ilmiah Nasional",https://nasional.kompas.com/read/2026/09/08/06140991/beredar-prakiraan-gempa-indonesia-sebelum-2026-berakhir-bmkg-tidak-ilmiah,Negatif,-100.0,,,,
2026-09-08 08:34:58,Kompas.com Nasional,Nasional & Kebijakan,Bakom RI Jelaskan Kunker Prabowo ke Rusia demi Buka Peluang Ekonomi RI Nasional,https://nasional.kompas.com/read/2026/09/08/05464251/bakom-ri-jelaskan-kunker-prabowo-ke-rusia-demi-buka-peluang-ekonomi-ri,Netral,0.0,,,,
2026-09-08 08:34:58,Kompas.com Nasional,Nasional & Kebijakan,"AHY, Batas Kekuasaan, dan Sinyal 2029 Nasional",https://nasional.kompas.com/read/2026/09/08/07300021/ahy-batas-kekuasaan-dan-sinyal-2029,Netral,0.0,,,,
2026-09-08 08:34:58,Kompas.com Nasional,Nasional & Kebijakan,Asap Jelaga Menguji ASEAN Nasional,https://nasional.kompas.com/read/2026/09/08/06200081/asap-jelaga-menguji-asean,Netral,0.0,,,,
2026-09-08 08:34:58,Kompas.com Nasional,Nasional & Kebijakan,"Balas Gerindra-Golkar, Demokrat Bantah AHY Sibuk Siapkan Pencapresan 2029 Nasional",https://nasional.kompas.com/read/2026/09/08/06251341/balas-gerindra-golkar-demokrat-bantah-ahy-sibuk-siapkan-pencapresan-2029,Netral,0.0,,,,
2026-09-08 08:34:58,Kompas.com Nasional,Nasional & Kebijakan,Qodari: Desil Bukan Vonis Tunggal Penentuan Bantuan Sosial Nasional,https://nasional.kompas.com/read/2026/09/08/06360541/qodari-desil-bukan-vonis-tunggal-penentuan-bantuan-sosial,Positif,100.0,,,,
2026-09-08 08:34:58,Kompas.com Nasional,Nasional & Kebijakan,10 BMKG: Abu Vulkanik Anak Krakatau Diperkirakan Menyebar ke Arah Barat Nasional,https://nasional.kompas.com/read/2026/09/07/08435551/bmkg-abu-vulkanik-anak-krakatau-diperkirakan-menyebar-ke-arah-barat,Netral,0.0,,,,
2026-09-08 08:34:58,Kompas.com Nasional,Nasional & Kebijakan,Tepisan Kejagung terhadap Tudingan Kriminalisasi Lodewyk Eks BGN Nasional,https://nasional.kompas.com/read/2026/09/08/06575881/tepisan-kejagung-terhadap-tudingan-kriminalisasi-lodewyk-eks-bgn,Netral,0.0,,,,
2026-09-08 08:34:58,Kompas.com Nasional,Nasional & Kebijakan,Perintah Prabowo Tangani Karhutla: Kerahkan Kapal Induk hingga Bidik Korporasi Nasional,https://nasional.kompas.com/read/2026/09/08/07210871/perintah-prabowo-tangani-karhutla-kerahkan-kapal-induk-hingga-bidik,Netral,0.0,,,,
2026-09-08 08:34:58,detikNews,Berita & Peristiwa,"Baleg DPR Sepakati RUU Adminduk Jadi Usul Inisiatif, Atur Sanksi Data Bocor",https://news.detik.com/berita/d-8653056/baleg-dpr-sepakati-ruu-adminduk-jadi-usul-inisiatif-atur-sanksi-data-bocor,Netral,0.0,,,,
2026-09-08 08:34:58,detikNews,Berita & Peristiwa,"Golkar Nilai Gestur AHY Siap Maju Pilpres, Gerindra: Pemilu Masih Lama",https://news.detik.com/berita/d-8652900/golkar-nilai-gestur-ahy-siap-maju-pilpres-gerindra-pemilu-masih-lama,Netral,0.0,,,,
2026-09-08 08:34:58,Kompas.com Nasional,Nasional & Kebijakan,"Surplus Politisi, Defisit Negarawan Nasional",https://nasional.kompas.com/read/2026/09/08/06550001/surplus-politisi-defisit-negarawan,Netral,0.0,,,,
2026-09-08 08:34:58,iNews Nasional,Peristiwa & Hukum,Nasional 14 jam lalu DPR Minta Kemendikdasmen Tegur Sekolah Tak PJJ Imbas Abu Vulkanik Anak Krakatau,https://www.inews.id/news/nasional/dpr-minta-kemendikdasmen-tegur-sekolah-tak-pjj-imbas-abu-vulkanik-anak-krakatau,Netral,0.0,,,,
2026-09-08 08:34:58,Liputan6 News,Hukum & Politik,"Bandara Halim Ditutup Sementara Imbas Abu Anak Krakatau, 50 Penerbangan Dibatalkan",https://www.liputan6.com/news/read/8285856/bandara-halim-ditutup-sementara-imbas-abu-anak-krakatau-50-penerbangan-dibatalkan,Netral,0.0,,,,
2026-09-08 08:34:58,Liputan6 News,Hukum & Politik,"Abu Anak Krakatau Masuk Jakarta, Sekolah Terapkan PJJ Mulai Senin",https://www.liputan6.com/news/read/8285870/abu-anak-krakatau-masuk-jakarta-sekolah-terapkan-pjj-mulai-senin,Netral,0.0,,,,
2026-09-08 08:34:58,Liputan6 News,Hukum & Politik,Seskab Teddy: Penerbangan Menuju Jakarta Dialihkan ke Kertajati,https://www.liputan6.com/news/read/8285897/seskab-teddy-penerbangan-menuju-jakarta-dialihkan-ke-kertajati,Netral,0.0,,,,
2026-09-08 08:34:58,Liputan6 News,Hukum & Politik,"Hadapi Abu Anak Krakatau, Seskab Teddy Ingatkan Warga Pakai Masker N95",https://www.liputan6.com/news/read/8285894/hadapi-abu-anak-krakatau-seskab-teddy-ingatkan-warga-pakai-masker-n95,Netral,0.0,,,,
2026-09-08 08:34:58,Liputan6 News,Hukum & Politik,Sekolah Terdampak Abu Anak Krakatau Bisa Belajar dari Rumah,https://www.liputan6.com/news/read/8285900/sekolah-terdampak-abu-anak-krakatau-bisa-belajar-dari-rumah,Netral,0.0,,,,
2026-09-08 08:34:58,Liputan6 News,Hukum & Politik,"Erupsi Anak Krakatau, Penutupan Soetta Diperpanjang hingga 24.00 WIB",https://www.liputan6.com/news/read/8285919/erupsi-anak-krakatau-penutupan-soetta-diperpanjang-hingga-2400-wib,Netral,0.0,,,,
2026-09-08 08:34:58,Liputan6 News,Hukum & Politik,Garuda Batalkan Penerbangan hingga 7 September Imbas Abu Anak Krakatau,https://www.liputan6.com/news/read/8285863/garuda-batalkan-penerbangan-hingga-7-september-imbas-abu-anak-krakatau,Netral,0.0,,,,
2026-09-08 08:34:58,iNews Nasional,Peristiwa & Hukum,"Nasional 15 jam lalu Sidang MK, Ahli Tegaskan Maskapai Tak Boleh Tentukan Sendiri Alasan Delay Penerbangan",https://www.inews.id/news/nasional/sidang-mk-ahli-tegaskan-maskapai-tak-boleh-tentukan-sendiri-alasan-delay-penerbangan,Netral,0.0,,,,
2026-09-08 08:34:58,Liputan6 News,Hukum & Politik,"Soetta Terdampak Abu Anak Krakatau, KAI Tambah Kereta Yogya ke Jakarta",https://www.liputan6.com/news/read/8285824/soetta-terdampak-abu-anak-krakatau-kai-tambah-kereta-yogya-ke-jakarta,Netral,0.0,,,,
2026-09-08 08:34:58,iNews Nasional,Peristiwa & Hukum,Nasional Update Penutupan 4 Bandara imbas Erupsi Gunung Anak Krakatau: Diperpanjang hingga Jam 6 Sore,https://www.inews.id/news/nasional/update-penutupan-4-bandara-imbas-erupsi-gunung-anak-krakatau-diperpanjang-hingga-jam-6-sore,Netral,0.0,,,,
2026-09-08 08:34:58,iNews Nasional,Peristiwa & Hukum,"Nasional Abu Vulkanik Anak Krakatau Ganggu Penerbangan, BNPB Siapkan Modifikasi Cuaca dari Kertajati",https://www.inews.id/news/nasional/abu-vulkanik-anak-krakatau-ganggu-penerbangan-bnpb-siapkan-modifikasi-cuaca-dari-kertajati,Netral,0.0,,,,
2026-09-08 08:34:58,iNews Nasional,Peristiwa & Hukum,"Nasional 15 jam lalu 458 Hektare Bukit Soeharto di IKN Terbakar, Prabowo: Jangan Sampai ke Zona Inti",https://www.inews.id/news/nasional/458-hektare-bukit-soeharto-di-ikn-terbakar-prabowo-jangan-sampai-ke-zona-inti,Netral,0.0,,,,
2026-09-08 08:34:58,iNews Nasional,Peristiwa & Hukum,"Nasional 16 jam lalu 12 Kapal Polri Dikerahkan Angkut Bantuan Gempa NTT, Prabowo: Bagus",https://www.inews.id/news/nasional/12-kapal-polri-dikerahkan-angkut-bantuan-gempa-ntt-prabowo-bagus,Netral,0.0,,,,
2026-09-08 08:34:58,iNews Nasional,Peristiwa & Hukum,"Nasional 16 jam lalu Prabowo Minta Daftar Korporasi Terlibat Karhutla: Segera Cabut Izinnya, Ini Sudah Kelewatan",https://www.inews.id/news/nasional/prabowo-minta-daftar-korporasi-terlibat-karhutla-segera-cabut-izinnya-ini-sudah-kelewatan,Netral,0.0,,,,
2026-09-08 08:34:58,detikNews,Berita & Peristiwa,Update Abu Vulkanik Anak Krakatau Masih Menyebar di Wilayah Ini Senin Pagi,https://news.detik.com/berita/d-8651541/update-abu-vulkanik-anak-krakatau-masih-menyebar-di-wilayah-ini-senin-pagi,Netral,0.0,,,,
2026-09-08 08:34:58,iNews Nasional,Peristiwa & Hukum,"Nasional 14 jam lalu Abu Vulkanik Anak Krakatau Masih Menyebar, Wamendikti: Kampus Tak Harus Kuliah Daring",https://www.inews.id/news/nasional/abu-vulkanik-anak-krakatau-masih-menyebar-wamendikti-kampus-tak-harus-kuliah-daring,Netral,0.0,,,,
2026-09-08 08:34:58,Liputan6 News,Hukum & Politik,"Abu Anak Krakatau Sampai di Bogor, Warga: Bangun Tidur Ngeres Banget Lantai",https://www.liputan6.com/news/read/8285833/abu-anak-krakatau-sampai-di-bogor-warga-bangun-tidur-ngeres-banget-lantai,Netral,0.0,,,,
2026-09-08 08:34:58,Liputan6 News,Hukum & Politik,"Soetta Ditutup, Kertajati hingga Juanda Disiapkan Jadi Alternatif",https://www.liputan6.com/news/read/8285836/soetta-ditutup-kertajati-hingga-juanda-disiapkan-jadi-alternatif,Netral,0.0,,,,
2026-09-08 08:34:58,detikNews,Berita & Peristiwa,"Dari MPP-Zona Integritas, MenPAN-RB Dorong Transformasi Pelayanan Publik",https://news.detik.com/berita/d-8653028/dari-mpp-zona-integritas-menpan-rb-dorong-transformasi-pelayanan-publik,Netral,0.0,,,,
2026-09-08 08:34:58,detikNews,Berita & Peristiwa,Badan Geologi: Peta Merah SO2 Bukan Berarti Udara Jakarta Berbahaya,https://news.detik.com/berita/d-8653001/badan-geologi-peta-merah-so2-bukan-berarti-udara-jakarta-berbahaya,Netral,0.0,,,,
2026-09-08 08:34:58,detikNews,Berita & Peristiwa,"Masih Ditutup hingga 24.00 WIB, Ini Acuan Bandara Soetta Dapat Dibuka",https://news.detik.com/berita/d-8652943/masih-ditutup-hingga-24-00-wib-ini-acuan-bandara-soetta-dapat-dibuka,Netral,0.0,,,,
2026-09-08 08:34:58,detikNews,Berita & Peristiwa,KPK Dalami Aliran Uang Pemerasan Bupati Anom Dipakai Tim Pemenangan Pilkada,https://news.detik.com/berita/d-8652950/kpk-dalami-aliran-uang-pemerasan-bupati-anom-dipakai-tim-pemenangan-pilkada,Netral,0.0,,,,
2026-09-08 08:34:58,detikNews,Berita & Peristiwa,Generasi Muda Diminta Rencanakan Masa Pensiun Sejak Pekerjaan Pertama,https://news.detik.com/berita/d-8652952/generasi-muda-diminta-rencanakan-masa-pensiun-sejak-pekerjaan-pertama,Netral,0.0,,,,
2026-09-08 08:34:58,detikNews,Berita & Peristiwa,Polisi Buru Eksekutor Jambret Ponsel Wanita India di Menteng,https://news.detik.com/berita/d-8652963/polisi-buru-eksekutor-jambret-ponsel-wanita-india-di-menteng,Netral,0.0,,,,
2026-09-08 08:34:58,detikNews,Berita & Peristiwa,"Muncul Usulan Badan Reforma Agraria Nasional di Baleg DPR, Diisi 3 Pimpinan",https://news.detik.com/berita/d-8652964/muncul-usulan-badan-reforma-agraria-nasional-di-baleg-dpr-diisi-3-pimpinan,Netral,0.0,,,,
2026-09-08 08:34:58,iNews Nasional,Peristiwa & Hukum,"Nasional 14 jam lalu Relawan Prabowo Bakal Polisikan Budi Arie terkait Percepatan Pemilu 2029, Kumpulkan Bukti",https://www.inews.id/news/nasional/relawan-prabowo-bakal-polisikan-budi-arie-terkait-percepatan-pemilu-2029-kumpulkan-bukti,Netral,0.0,,,,
2026-09-08 08:34:58,detikNews,Berita & Peristiwa,KPK Ungkap Anggota DPRD Bengkulu Vinna Ledy Terima 2 Mobil dari Pengusaha,https://news.detik.com/berita/d-8652986/kpk-ungkap-anggota-dprd-bengkulu-vinna-ledy-terima-2-mobil-dari-pengusaha,Netral,0.0,,,,
2026-09-08 08:34:58,detikNews,Berita & Peristiwa,"Selama 2 Jam, 9 Gempa di Gunung Anak Krakatau Terekam Siang Tadi",https://news.detik.com/berita/d-8652965/selama-2-jam-9-gempa-di-gunung-anak-krakatau-terekam-siang-tadi,Negatif,-100.0,,,,
2026-09-08 08:34:58,detikNews,Berita & Peristiwa,Wamendagri Dorong Penguatan Pemda dalam Pelaksanaan Reforma Agraria,https://news.detik.com/berita/d-8652975/wamendagri-dorong-penguatan-pemda-dalam-pelaksanaan-reforma-agraria,Netral,0.0,,,,
2026-09-08 08:34:58,detikNews,Berita & Peristiwa,Ramai-ramai Berburu Masker Imbas Abu Vulkanik Krakatau,https://news.detik.com/berita/d-8653015/ramai-ramai-berburu-masker-imbas-abu-vulkanik-krakatau,Netral,0.0,,,,
2026-09-08 08:34:58,detikNews,Berita & Peristiwa,KPK Duga Istri Bupati Pemalang Bantu Siapkan Uang Hasil Pemerasan,https://news.detik.com/berita/d-8652933/kpk-duga-istri-bupati-pemalang-bantu-siapkan-uang-hasil-pemerasan,Positif,100.0,,,,
2026-09-08 08:34:58,detikNews,Berita & Peristiwa,Viral Pria Lompat ke Rel Sesaat KRL Masuk Stasiun Tanah Abang,https://news.detik.com/berita/d-8653018/viral-pria-lompat-ke-rel-sesaat-krl-masuk-stasiun-tanah-abang,Netral,0.0,,,,
2026-09-08 08:34:58,detikNews,Berita & Peristiwa,"Dimediasi Polisi, Ini Alasan Kantor Loker di Jaksel Minta Uang ke Pelamar",https://news.detik.com/berita/d-8653026/dimediasi-polisi-ini-alasan-kantor-loker-di-jaksel-minta-uang-ke-pelamar,Netral,0.0,,,,
2026-09-08 08:34:58,detikNews,Berita & Peristiwa,"Kantor di Jaksel Kembalikan Uang Pelamar, Dalih Uang Komitmen",https://news.detik.com/berita/d-8653034/kantor-di-jaksel-kembalikan-uang-pelamar-dalih-uang-komitmen,Netral,0.0,,,,
2026-09-08 08:34:58,detikNews,Berita & Peristiwa,"Truk Pengangkut Sapi Kecelakaan di Lebak, 2 Ekor Terpaksa Dipotong di TKP",https://news.detik.com/berita/d-8652932/truk-pengangkut-sapi-kecelakaan-di-lebak-2-ekor-terpaksa-dipotong-di-tkp,Negatif,-100.0,,,,
2026-09-08 08:34:58,detikNews,Berita & Peristiwa,"Api Belum Padam, Kebakaran Lahan di Bogor Merembet ke TPA Galuga",https://news.detik.com/berita/d-8652989/api-belum-padam-kebakaran-lahan-di-bogor-merembet-ke-tpa-galuga,Netral,0.0,,,,
2026-09-08 08:34:58,detikNews,Berita & Peristiwa,Pikap di Bogor Dikejar Warga hingga Dirusak Usai Diduga Serempet Motor,https://news.detik.com/berita/d-8652942/pikap-di-bogor-dikejar-warga-hingga-dirusak-usai-diduga-serempet-motor,Netral,0.0,,,,
2026-09-08 08:00:00,SINDOnews Nasional,Nasional & Politik,Humaniora Dirjen Bina Adwil Kemendagri Apresiasi Damkar Bersihkan Tempat Publik dari Abu Vulkanik,https://nasional.sindonews.com/read/1747259/15/dirjen-bina-adwil-kemendagri-apresiasi-damkar-bersihkan-tempat-publik-dari-abu-vulkanik-1788772198,Netral,0.0,,,,
2026-09-08 08:00:00,iNews Nasional,Peristiwa & Hukum,Nasional Prabowo Minta Armada Penanganan Karhutla Ditambah: Lebih Baik Lebih daripada Kurang,https://www.inews.id/news/nasional/prabowo-minta-armada-penanganan-karhutla-ditambah-lebih-baik-lebih-daripada-kurang,Netral,0.0,,,,
2026-09-08 08:00:00,SINDOnews Nasional,Nasional & Politik,"Hukum Masukan Peradi Profesional untuk RUU Perampasan Aset: Harus Tegas Lawan Kejahatan, Bukan Mengancam Rakyat",https://nasional.sindonews.com/read/1747251/13/masukan-peradi-profesional-untuk-ruu-perampasan-aset-harus-tegas-lawan-kejahatan-bukan-mengancam-rakyat-1788772153,Netral,0.0,,,,
2026-09-08 08:00:00,SINDOnews Nasional,Nasional & Politik,"Hukum 138 Orang Ditetapkan Tersangka Karhutla, 8 Korporasi Diusut",https://nasional.sindonews.com/read/1747225/13/138-orang-ditetapkan-tersangka-karhutla-8-korporasi-diusut-1788768544,Netral,0.0,,,,
2026-09-08 08:00:00,Liputan6 News,Hukum & Politik,"Erupsi Anak Krakatau, Penutupan Soetta Diperpanjang Hingga 17.30 WIB",https://www.liputan6.com/news/read/8285815/erupsi-anak-krakatau-penutupan-soetta-diperpanjang-hingga-1730-wib,Netral,0.0,,,,
2026-09-08 08:00:00,detikNews,Berita & Peristiwa,"Prabowo Luncurkan Biosolar B50, Ketua Komisi XII DPR: Monumental di Dunia",https://news.detik.com/berita/d-8570169/prabowo-luncurkan-biosolar-b50-ketua-komisi-xii-dpr-monumental-di-dunia,Netral,0.0,,,,
2026-09-08 08:00:00,detikNews,Berita & Peristiwa,"Soal Pemadaman Bergilir, Komisi XII DPR Minta ESDM Jalankan UU Minerba",https://news.detik.com/berita/d-8541452/soal-pemadaman-bergilir-komisi-xii-dpr-minta-esdm-jalankan-uu-minerba,Netral,0.0,,,,
2026-09-08 08:00:00,iNews Nasional,Peristiwa & Hukum,"Nasional 6 Bandara Masih Ditutup Pagi Ini Imbas Erupsi Gunung Anak Krakatau, Ini Daftarnya",https://www.inews.id/news/nasional/6-bandara-masih-ditutup-pagi-ini-imbas-erupsi-gunung-anak-krakatau-ini-daftarnya,Netral,0.0,,,,
2026-09-08 08:00:00,detikNews,Berita & Peristiwa,"Jakarta Mau Terbitkan Obligasi, Fahira Idris Beri 6 Rekomendasi ke Pramono",https://news.detik.com/berita/d-8652896/jakarta-mau-terbitkan-obligasi-fahira-idris-beri-6-rekomendasi-ke-pramono,Netral,0.0,,,,
2026-09-08 08:00:00,detikNews,Berita & Peristiwa,Tito Minta Bantuan Presiden Rp 200 M Segera Dipakai untuk Pascagempa NTT,https://news.detik.com/berita/d-8652876/tito-minta-bantuan-presiden-rp-200-m-segera-dipakai-untuk-pascagempa-ntt,Positif,100.0,,,,
2026-09-08 08:00:00,detikNews,Berita & Peristiwa,"1 Abad Ponpes Gontor, HNW Soroti Kiprah Alumni dalam Perjalanan Bangsa",https://news.detik.com/berita/d-8652890/1-abad-ponpes-gontor-hnw-soroti-kiprah-alumni-dalam-perjalanan-bangsa,Netral,0.0,,,,
2026-09-08 08:00:00,SINDOnews Nasional,Nasional & Politik,"1 Politik Jokowi Bicara Pemimpin Harus Pahami Rakyat, Pengamat: Kontradiksi dengan 10 Tahun Kepemimpinannya",https://nasional.sindonews.com/read/1746973/12/jokowi-bicara-pemimpin-harus-pahami-rakyat-pengamat-kontradiksi-dengan-10-tahun-kepemimpinannya-1788696542,Netral,0.0,,,,
2026-09-08 08:00:00,SINDOnews Nasional,Nasional & Politik,Humaniora BNPB Ungkap Ada Modus Land Clearing di Kalbar: Lahan Bekas Terbakar Langsung Berubah Jadi Kebun Sawit,https://nasional.sindonews.com/read/1747261/15/bnpb-ungkap-ada-modus-land-clearing-di-kalbar-lahan-bekas-terbakar-langsung-berubah-jadi-kebun-sawit-1788772157,Netral,0.0,,,,
2026-09-08 08:00:00,detikNews,Berita & Peristiwa,Jambret Wanita India di Menteng Ternyata Pernah Begal Kolonel Marinir,https://news.detik.com/berita/d-8652894/jambret-wanita-india-di-menteng-ternyata-pernah-begal-kolonel-marinir,Netral,0.0,,,,
2026-09-08 01:26:49,Kompas.com Nasional,Nasional & Kebijakan,Kejagung Buka Suara soal Dugaan Aliran Dana Rp 40 M dari Tan Kian ke Pejabat Kejaksaan Nasional,https://nasional.kompas.com/read/2026/09/07/21405661/kejagung-buka-suara-soal-dugaan-aliran-dana-rp-40-m-dari-tan-kian-ke-pejabat,Netral,0.0,,,,
2026-09-08 01:26:49,Kompas.com Nasional,Nasional & Kebijakan,RUU Perampasan Aset Diminta Tak Langsung Salahkan Pemilik Harta yang Tak Jelas Asal-usulnya Nasional,https://nasional.kompas.com/read/2026/09/07/21182301/ruu-perampasan-aset-diminta-tak-langsung-salahkan-pemilik-harta-yang-tak,Netral,0.0,,,,
2026-09-08 01:26:49,Kompas.com Nasional,Nasional & Kebijakan,Respons Bahlil soal Wacana Penggabungan Badan Geologi dan BMKG Nasional,https://nasional.kompas.com/read/2026/09/07/20554961/respons-bahlil-soal-wacana-penggabungan-badan-geologi-dan-bmkg,Netral,0.0,,,,
2026-09-07 20:43:24,detikNews,Berita & Peristiwa,Penutupan Bandara Soekarno-Hatta Diperpanjang hingga Pukul 24.00 WIB,https://news.detik.com/berita/d-8652660/penutupan-bandara-soekarno-hatta-diperpanjang-hingga-pukul-24-00-wib,Netral,0.0,,,,
2026-09-07 20:43:24,detikNews,Berita & Peristiwa,Polisi Tangkap Sejoli ABG yang Kuburkan Bayi di Bandungan Semarang,https://news.detik.com/berita/d-8652756/polisi-tangkap-sejoli-abg-yang-kuburkan-bayi-di-bandungan-semarang,Netral,0.0,,,,
2026-09-07 20:43:24,detikNews,Berita & Peristiwa,Kapolri Ingatkan Jajaran Jaga Kedekatan dengan Warga Cegah Konflik Sosial,https://news.detik.com/berita/d-8652724/kapolri-ingatkan-jajaran-jaga-kedekatan-dengan-warga-cegah-konflik-sosial,Netral,0.0,,,,
2026-09-07 20:43:24,detikNews,Berita & Peristiwa,"Pramono Ungkap Rencana OMC 7-8 September, Berharap Awan Mendukung",https://news.detik.com/berita/d-8652737/pramono-ungkap-rencana-omc-7-8-september-berharap-awan-mendukung,Netral,0.0,,,,
2026-09-07 20:43:24,detikNews,Berita & Peristiwa,Pramono Segera Putuskan Tarif Baru Masuk Ragunan,https://news.detik.com/berita/d-8652864/pramono-segera-putuskan-tarif-baru-masuk-ragunan,Netral,0.0,,,,
2026-09-07 20:43:24,detikNews,Berita & Peristiwa,Presiden Prabowo Pimpin Ratas Perkembangan Penanganan Bencana Alam,https://news.detik.com/berita/d-8652776/presiden-prabowo-pimpin-ratas-perkembangan-penanganan-bencana-alam,Negatif,-100.0,,,,
2026-09-07 20:43:24,detikNews,Berita & Peristiwa,"Erupsi Anak Krakatau Melandai, Warga Diminta Tetap Waspada",https://news.detik.com/berita/d-8652789/erupsi-anak-krakatau-melandai-warga-diminta-tetap-waspada,Netral,0.0,,,,
2026-09-07 20:43:24,detikNews,Berita & Peristiwa,Polri Siapkan Pelayanan dan Bantuan untuk Masyarakat Terdampak Bencana,https://news.detik.com/berita/d-8652641/polri-siapkan-pelayanan-dan-bantuan-untuk-masyarakat-terdampak-bencana,Netral,0.0,,,,
2026-09-07 20:43:24,detikNews,Berita & Peristiwa,Wakapolri Minta Usut Korporasi Terkait Karhutla: Jangan Berhenti di Lapangan,https://news.detik.com/berita/d-8652710/wakapolri-minta-usut-korporasi-terkait-karhutla-jangan-berhenti-di-lapangan,Netral,0.0,,,,
2026-09-07 20:43:24,detikNews,Berita & Peristiwa,Ditlantas Polda Metro Jaya Sediakan 10 Ribu Masker bagi Wajib Pajak,https://news.detik.com/berita/d-8652646/ditlantas-polda-metro-jaya-sediakan-10-ribu-masker-bagi-wajib-pajak,Netral,0.0,,,,
2026-09-07 20:43:24,detikNews,Berita & Peristiwa,"Aroma Durian Semerbak, Penumpang KRL Green Line Kena Sidak",https://news.detik.com/berita/d-8652696/aroma-durian-semerbak-penumpang-krl-green-line-kena-sidak,Negatif,-20.0,,,,
2026-09-07 20:43:24,detikNews,Berita & Peristiwa,Wakapolri Minta Anggotanya Siaga Hadapi Isu Aksi Black September,https://news.detik.com/berita/d-8652708/wakapolri-minta-anggotanya-siaga-hadapi-isu-aksi-black-september,Negatif,-16.67,,,,
2026-09-07 20:43:24,detikNews,Berita & Peristiwa,"Pramono: Tak Ada Rencana WFH untuk ASN Jakarta, Tetap Ngantor Pakai Masker",https://news.detik.com/berita/d-8652677/pramono-tak-ada-rencana-wfh-untuk-asn-jakarta-tetap-ngantor-pakai-masker,Netral,0.0,,,,
2026-09-07 20:43:24,detikNews,Berita & Peristiwa,Waka Komisi IX Minta BGN Lakukan Perubahan Besar Program MBG,https://news.detik.com/berita/d-8652819/waka-komisi-ix-minta-bgn-lakukan-perubahan-besar-program-mbg,Netral,0.0,,,,
2026-09-07 20:43:24,detikNews,Berita & Peristiwa,"Penjambret WN India di Menteng Ternyata Residivis, Peran Jadi Joki",https://news.detik.com/berita/d-8652640/penjambret-wn-india-di-menteng-ternyata-residivis-peran-jadi-joki,Netral,0.0,,,,
2026-09-07 20:43:24,detikNews,Berita & Peristiwa,Duo BPJS Perkuat Sinergi Pastikan Pekerja Terlindungi Jaminan Sosial,https://news.detik.com/berita/d-8652829/duo-bpjs-perkuat-sinergi-pastikan-pekerja-terlindungi-jaminan-sosial,Netral,0.0,,,,
2026-09-07 20:43:24,detikNews,Berita & Peristiwa,Menhub: Penumpang Batal Terbang Imbas Erupsi Anak Krakatau Dapat Refund 100%,https://news.detik.com/berita/d-8652594/menhub-penumpang-batal-terbang-imbas-erupsi-anak-krakatau-dapat-refund-100,Netral,0.0,,,,
2026-09-07 20:43:24,detikNews,Berita & Peristiwa,Mendagri Ungkap 4 Komponen Kunci Dorong Pertumbuhan Ekonomi,https://news.detik.com/berita/d-8652870/mendagri-ungkap-4-komponen-kunci-dorong-pertumbuhan-ekonomi,Netral,0.0,,,,
2026-09-07 20:43:24,detikNews,Berita & Peristiwa,BMKG Tak Lagi Cantumkan Jakarta Terdampak Abu Vulkanik Anak Krakatau,https://news.detik.com/berita/d-8652644/bmkg-tak-lagi-cantumkan-jakarta-terdampak-abu-vulkanik-anak-krakatau,Netral,0.0,,,,
2026-09-07 20:43:24,detikNews,Berita & Peristiwa,RI Usung Isu Pembiayaan Inklusif & Ekosistem Kewirausahaan di APEC,https://news.detik.com/berita/d-8652854/ri-usung-isu-pembiayaan-inklusif-ekosistem-kewirausahaan-di-apec,Netral,0.0,,,,
2026-09-07 20:43:24,detikNews,Berita & Peristiwa,Kejagung Ambil Alih Kasus Dugaan Korupsi Pemanfaatan Hutan di Lampung,https://news.detik.com/berita/d-8652882/kejagung-ambil-alih-kasus-dugaan-korupsi-pemanfaatan-hutan-di-lampung,Negatif,-100.0,,,,
2026-09-07 20:43:24,detikNews,Berita & Peristiwa,Kejagung Tetapkan PT TPL Tersangka Korupsi Transfer Pricing Rugikan Negara Rp 2 T,https://news.detik.com/berita/d-8652868/kejagung-tetapkan-pt-tpl-tersangka-korupsi-transfer-pricing-rugikan-negara-rp-2-t,Negatif,-100.0,,,,
2026-09-07 20:43:24,detikNews,Berita & Peristiwa,"Viral Air Laut Surut di Pesisir Dekat Anak Krakatau, Ini Penjelasan BMKG",https://news.detik.com/berita/d-8652826/viral-air-laut-surut-di-pesisir-dekat-anak-krakatau-ini-penjelasan-bmkg,Netral,0.0,,,,
2026-09-07 20:43:24,detikNews,Berita & Peristiwa,"Inflasi RI 3,19%, Mendagri Minta Pemda Waspadai Kenaikan Harga Pangan",https://news.detik.com/berita/d-8652866/inflasi-ri-3-19-mendagri-minta-pemda-waspadai-kenaikan-harga-pangan,Netral,0.0,,,,
2026-09-07 20:43:24,detikNews,Berita & Peristiwa,Mendagri Ingatkan Pemda di NTT Segera Salurkan Bantuan Gempa untuk Warga,https://news.detik.com/berita/d-8652877/mendagri-ingatkan-pemda-di-ntt-segera-salurkan-bantuan-gempa-untuk-warga,Netral,0.0,,,,
2026-09-07 20:43:24,detikNews,Berita & Peristiwa,"Menhub: Paper Test Bandara Negatif Abu, tapi Sumsel dan Lampung Masih Terdampak",https://news.detik.com/berita/d-8652855/menhub-paper-test-bandara-negatif-abu-tapi-sumsel-dan-lampung-masih-terdampak,Netral,0.0,,,,
2026-09-07 20:43:24,detikNews,Berita & Peristiwa,Sahroni Sebut RUU Perampasan Aset Harus Perkuat Upaya Berantas Korupsi,https://news.detik.com/berita/d-8652818/sahroni-sebut-ruu-perampasan-aset-harus-perkuat-upaya-berantas-korupsi,Negatif,-100.0,,,,
2026-09-07 20:43:24,detikNews,Berita & Peristiwa,"5 Perjalanan KRL Bogor-Manggarai Dibatalkan Sore Ini, Ini Daftarnya",https://news.detik.com/berita/d-8652740/5-perjalanan-krl-bogor-manggarai-dibatalkan-sore-ini-ini-daftarnya,Netral,0.0,,,,
2026-09-07 20:43:24,detikNews,Berita & Peristiwa,"Postur RAPBN 2027 Berubah, Target Pendapatan & Belanja Tambah Rp 9,1 T",https://news.detik.com/berita/d-8652861/postur-rapbn-2027-berubah-target-pendapatan-belanja-tambah-rp-9-1-t,Netral,0.0,,,,
2026-09-07 20:43:24,detikNews,Berita & Peristiwa,Pramono Ungkap Penataan Kabel Semrawut di DKI Dimulai dari Jalan Gatot Subroto,https://news.detik.com/berita/d-8652859/pramono-ungkap-penataan-kabel-semrawut-di-dki-dimulai-dari-jalan-gatot-subroto,Netral,0.0,,,,
2026-09-07 20:43:24,detikNews,Berita & Peristiwa,"Andre Rosiade Dukung Batam Jadi Pusat Data Center, Dorong Ketersediaan Gas-Listrik",https://news.detik.com/berita/d-8652853/andre-rosiade-dukung-batam-jadi-pusat-data-center-dorong-ketersediaan-gas-listrik,Positif,100.0,,,,
2026-09-07 20:43:24,detikNews,Berita & Peristiwa,Mendes Beri Rekomendasi dalam RUU Reforma Agraria ke Baleg DPR RI,https://news.detik.com/berita/d-8652839/mendes-beri-rekomendasi-dalam-ruu-reforma-agraria-ke-baleg-dpr-ri,Netral,0.0,,,,
2026-09-07 20:43:24,detikNews,Berita & Peristiwa,"Rumah di Bogor Kebakaran, Diduga Dipicu Alat Semprot Memanas",https://news.detik.com/berita/d-8652852/rumah-di-bogor-kebakaran-diduga-dipicu-alat-semprot-memanas,Netral,0.0,,,,
2026-09-07 20:43:24,detikNews,Berita & Peristiwa,"Masker Laris Imbas Abu Anak Krakatau, Pramono Minta Pedagang Tak Getok Harga",https://news.detik.com/berita/d-8652680/masker-laris-imbas-abu-anak-krakatau-pramono-minta-pedagang-tak-getok-harga,Netral,0.0,,,,
2026-09-07 20:43:24,detikNews,Berita & Peristiwa,Ateng Sutisna Desak Pemerintah Perkuat Mitigasi Erupsi Anak Krakatau,https://news.detik.com/berita/d-8652823/ateng-sutisna-desak-pemerintah-perkuat-mitigasi-erupsi-anak-krakatau,Netral,0.0,,,,
2026-09-07 20:43:24,detikNews,Berita & Peristiwa,Pramono Perpanjang PJJ di Jakarta Antisipasi Abu Vulkanik Anak Krakatau,https://news.detik.com/berita/d-8652638/pramono-perpanjang-pjj-di-jakarta-antisipasi-abu-vulkanik-anak-krakatau,Netral,0.0,,,,
2026-09-07 20:43:24,Kompas.com Nasional,Nasional & Kebijakan,Mendagri Minta Kepala Daerah di NTT Segera Gunakan Bantuan Presiden untuk Penanganan Pascagempa Nasional,https://nasional.kompas.com/read/2026/09/07/19582431/mendagri-minta-kepala-daerah-di-ntt-segera-gunakan-bantuan-presiden-untuk,Positif,100.0,,,,
2026-09-07 20:43:24,iNews Nasional,Peristiwa & Hukum,"Nasional 4 jam lalu Karhutla Landa 458 Hektare Kawasan IKN, Pemadaman Masih Berlangsung",https://www.inews.id/news/nasional/karhutla-landa-458-hektare-kawasan-ikn-pemadaman-masih-berlangsung,Netral,0.0,,,,
2026-09-07 20:43:24,detikNews,Berita & Peristiwa,"Kejar Tuntas Sebelum Desember, Serapan Tambahan TKD Aceh Dipercepat",https://news.detik.com/berita/d-8652626/kejar-tuntas-sebelum-desember-serapan-tambahan-tkd-aceh-dipercepat,Netral,0.0,,,,
2026-09-07 20:43:24,detikNews,Berita & Peristiwa,"Penjambret WN India di Menteng Jadi Tersangka, Terancam 7 Tahun Penjara",https://news.detik.com/berita/d-8652583/penjambret-wn-india-di-menteng-jadi-tersangka-terancam-7-tahun-penjara,Netral,0.0,,,,
2026-09-07 20:43:24,SINDOnews Nasional,Nasional & Politik,"Hankam Rakor Penanganan Karhutla, Menko Polkam: Kita Belum Sampai ke Puncak El Nino",https://nasional.sindonews.com/read/1747179/14/rakor-penanganan-karhutla-menko-polkam-kita-belum-sampai-ke-puncak-el-nino-1788764971,Netral,0.0,,,,
2026-09-07 20:43:24,SINDOnews Nasional,Nasional & Politik,"Humaniora Erupsi Gunung Anak Krakatau, BMKG: Jalur Penyeberangan Selat Sunda Aman",https://nasional.sindonews.com/read/1747165/15/erupsi-gunung-anak-krakatau-bmkg-jalur-penyeberangan-selat-sunda-aman-1788761352,Positif,100.0,,,,
2026-09-07 20:43:24,SINDOnews Nasional,Nasional & Politik,"Politik RUU Reforma Agraria, Muncul Usulan Sanksi bagi Penjual dan Pembeli Redistribusi Tanah",https://nasional.sindonews.com/read/1747157/12/ruu-reforma-agraria-muncul-usulan-sanksi-bagi-penjual-dan-pembeli-redistribusi-tanah-1788761345,Netral,0.0,,,,
2026-09-07 20:43:24,iNews Nasional,Peristiwa & Hukum,Nasional 5 jam lalu Kapolri Larang Kearifan Lokal Buka Lahan dengan Cara Dibakar Imbas El Nino Berkepanjangan,https://www.inews.id/news/nasional/kapolri-larang-kearifan-lokal-buka-lahan-dengan-cara-dibakar-imbas-el-nino-berkepanjangan,Netral,0.0,,,,
2026-09-07 20:43:24,Kompas.com Nasional,Nasional & Kebijakan,Sekjen KPA “Merinding” RUU Reforma Agraria Akhirnya Dibahas di DPR Nasional,https://nasional.kompas.com/read/2026/09/07/18141111/sekjen-kpa-merinding-ruu-reforma-agraria-akhirnya-dibahas-di-dpr,Netral,0.0,,,,
2026-09-07 20:43:24,iNews Nasional,Peristiwa & Hukum,"Nasional 4 jam lalu BNPB Ungkap 72.008 Hektare Lahan Gambut di 6 Provinsi Terbakar, 98 Persen Telah Padam",https://www.inews.id/news/nasional/bnpb-ungkap-72008-hektare-lahan-gambut-di-6-provinsi-terbakar-98-persen-telah-padam,Netral,0.0,,,,
2026-09-07 20:43:24,iNews Nasional,Peristiwa & Hukum,"Nasional 4 jam lalu BNPB Ungkap Modus Pembukaan Lahan di Kalbar, Area Bekas Terbakar Berubah Jadi Kebun Sawit",https://www.inews.id/news/nasional/bnpb-ungkap-modus-pembukaan-lahan-di-kalbar-area-bekas-terbakar-berubah-jadi-kebun-sawit,Netral,0.0,,,,
2026-09-07 20:43:24,iNews Nasional,Peristiwa & Hukum,"Nasional 5 jam lalu Abu Gunung Anak Krakatau Ganggu Penerbangan, BNPB Gelar Modifikasi Cuaca Hari Ini",https://www.inews.id/news/nasional/abu-gunung-anak-krakatau-ganggu-penerbangan-bnpb-gelar-modifikasi-cuaca-hari-ini,Netral,0.0,,,,
2026-09-07 20:43:24,detikNews,Berita & Peristiwa,Wawalkot Bogor Marah hingga Lempar Helm ke Pria Kencing Sembarangan di Alun-alun,https://news.detik.com/berita/d-8652825/wawalkot-bogor-marah-hingga-lempar-helm-ke-pria-kencing-sembarangan-di-alun-alun,Negatif,-100.0,,,,
2026-09-07 20:43:24,iNews Nasional,Peristiwa & Hukum,"Nasional 5 jam lalu Sidang Uji UU Penerbangan di MK, Saksi Ungkap Kerugian akibat Delay Berjam-jam",https://www.inews.id/news/nasional/sidang-uji-uu-penerbangan-di-mk-saksi-ungkap-kerugian-akibat-delay-berjam-jam,Netral,0.0,,,,
2026-09-07 20:43:24,Kompas.com Nasional,Nasional & Kebijakan,Prabowo Minta Kapal Angkut dan Pendarat Ditambah untuk Jangkau Pulau Kecil Nasional,https://nasional.kompas.com/read/2026/09/07/18390301/prabowo-minta-kapal-angkut-dan-pendarat-ditambah-untuk-jangkau-pulau-kecil,Netral,0.0,,,,
2026-09-07 20:43:24,iNews Nasional,Peristiwa & Hukum,"Nasional 5 jam lalu Kapolri Lapor ke Prabowo: 8 Korporasi Diusut terkait Kasus Karhutla, 138 Orang Tersangka",https://www.inews.id/news/nasional/kapolri-lapor-ke-prabowo-8-korporasi-diusut-terkait-kasus-karhutla-138-orang-tersangka,Negatif,-100.0,,,,
2026-09-07 20:43:24,Kompas.com Nasional,Nasional & Kebijakan,"KPK: Mobil Anggota DPRD Bengkulu Vinna Ledy Pemberian Swasta, tetapi Atas Nama Teman Nasional",https://nasional.kompas.com/read/2026/09/07/18190221/kpk-mobil-anggota-dprd-bengkulu-vinna-ledy-pemberian-swasta-tetapi-atas-nama,Netral,0.0,,,,
2026-09-07 20:43:24,Kompas.com Nasional,Nasional & Kebijakan,"Karhutla di Kawasan IKN, BNPB: 458 Hektar Belum Padam Nasional",https://nasional.kompas.com/read/2026/09/07/18375001/karhutla-di-kawasan-ikn-bnpb-458-hektar-belum-padam,Netral,0.0,,,,
2026-09-07 20:43:24,iNews Nasional,Peristiwa & Hukum,Nasional 5 jam lalu KPK Panggil Ketua KPU Lombok Barat terkait Kasus Suap Bupati Lalu Ahmad Zaini,https://www.inews.id/news/nasional/kpk-panggil-ketua-kpu-lombok-barat-terkait-kasus-suap-bupati-lalu-ahmad-zaini,Negatif,-100.0,,,,
2026-09-07 20:43:24,Kompas.com Nasional,Nasional & Kebijakan,Prabowo Singgung Integrasi Badan Geologi dan BMKG dalam Ratas Penanganan Bencana Nasional,https://nasional.kompas.com/read/2026/09/07/18471961/prabowo-singgung-integrasi-badan-geologi-dan-bmkg-dalam-ratas-penanganan,Negatif,-100.0,,,,
2026-09-07 20:43:24,Kompas.com Nasional,Nasional & Kebijakan,KPA Usul RUU Reforma Agraria Batasi Penguasaan Lahan oleh Perusahaan Induk Nasional,https://nasional.kompas.com/read/2026/09/07/18455191/kpa-usul-ruu-reforma-agraria-batasi-penguasaan-lahan-oleh-perusahaan-induk,Netral,0.0,,,,
2026-09-07 20:43:24,Kompas.com Nasional,Nasional & Kebijakan,"Erupsi Anak Krakatau, Pemerintah Diminta Pastikan Hak Penumpang Pesawat Terpenuhi Nasional",https://nasional.kompas.com/read/2026/09/07/19512611/erupsi-anak-krakatau-pemerintah-diminta-pastikan-hak-penumpang-pesawat,Netral,0.0,,,,
2026-09-07 20:43:24,Kompas.com Nasional,Nasional & Kebijakan,"Targetkan Keluar dari “Middle Income Trap”, Mendagri Dorong Pertumbuhan Ekonomi Nasional",https://nasional.kompas.com/read/2026/09/07/20263041/targetkan-keluar-dari-middle-income-trap-mendagri-dorong-pertumbuhan-ekonomi,Netral,0.0,,,,
2026-09-07 20:43:24,Kompas.com Nasional,Nasional & Kebijakan,Purbaya Siap Tambah Anggaran Bencana Maksimal: Tapi Jangan Ngaco Hitungannya Nasional,https://nasional.kompas.com/read/2026/09/07/20173311/purbaya-siap-tambah-anggaran-bencana-maksimal-tapi-jangan-ngaco-hitungannya,Negatif,-100.0,,,,
2026-09-07 20:43:24,iNews Nasional,Peristiwa & Hukum,"Nasional 5 jam lalu Jaksa Agung Siapkan 3 Instrumen Jerat Perusahaan Pembakar Hutan, Apa Saja?",https://www.inews.id/news/nasional/jaksa-agung-siapkan-3-instrumen-jerat-perusahaan-pembakar-hutan-apa-saja,Netral,0.0,,,,
2026-09-07 20:43:24,Kompas.com Nasional,Nasional & Kebijakan,"Indonesia-Uzbekistan Perkuat Kerjasama, Menhaj Dorong Penerbangan Langsung ke Samarkand Nasional",https://nasional.kompas.com/read/2026/09/07/20360111/indonesia-uzbekistan-perkuat-kerjasama-menhaj-dorong-penerbangan-langsung-ke,Netral,0.0,,,,
2026-09-07 20:43:24,Kompas.com Nasional,Nasional & Kebijakan,Mencari Bentuk Hukum yang Ideal untuk PPHN di Tengah Sistem Presidensial Nasional,https://nasional.kompas.com/read/2026/09/07/20281221/mencari-bentuk-hukum-yang-ideal-untuk-pphn-di-tengah-sistem-presidensial,Positif,90.0,,,,
2026-09-07 20:43:24,Kompas.com Nasional,Nasional & Kebijakan,"Stella Christie: Abu Vulkanik Lebih Halus dari Bedak Bayi, di Dalamnya Ada Silika Penyebab Kanker Nasional",https://nasional.kompas.com/read/2026/09/07/19352421/stella-christie-abu-vulkanik-lebih-halus-dari-bedak-bayi-di-dalamnya-ada,Netral,0.0,,,,
2026-09-07 20:43:24,Kompas.com Nasional,Nasional & Kebijakan,"UU Kesehatan Digugat, Minta MK Larang Peredaran Vape di Indonesia Nasional",https://nasional.kompas.com/read/2026/09/07/19125111/uu-kesehatan-digugat-minta-mk-larang-peredaran-vape-di-indonesia,Netral,0.0,,,,
2026-09-07 20:43:24,Kompas.com Nasional,Nasional & Kebijakan,"Pembelajaran Fleksibel, Kemenag Terbitkan SE Penyesuaian di Wilayah Terdampak Abu Vulkanik Nasional",https://nasional.kompas.com/read/2026/09/07/19114841/pembelajaran-fleksibel-kemenag-terbitkan-se-penyesuaian-di-wilayah-terdampak,Netral,0.0,,,,
2026-09-07 20:43:24,Kompas.com Nasional,Nasional & Kebijakan,"Inflasi Indonesia 3,19 Persen, Mendagri Minta Pemda Atensi Sejumlah Kenaikan Harga Komoditas Pangan Nasional",https://nasional.kompas.com/read/2026/09/07/19354551/inflasi-indonesia-319-persen-mendagri-minta-pemda-atensi-sejumlah-kenaikan,Netral,0.0,,,,
2026-09-07 20:43:24,Kompas.com Nasional,Nasional & Kebijakan,"Kampus Korupsi Lewat Jalur Mandiri Mahasiswa, Wamen Stella: Kita Harus, Berani Ubah Nasional",https://nasional.kompas.com/read/2026/09/07/20123681/kampus-korupsi-lewat-jalur-mandiri-mahasiswa-wamen-stella-kita-harus-berani,Negatif,-100.0,,,,
2026-09-07 20:43:24,Kompas.com Nasional,Nasional & Kebijakan,"Gerindra Tak Khawatir AHY Mulai ""Pemanasan"" Pilpres 2029, Pastikan Koalisi Solid Nasional",https://nasional.kompas.com/read/2026/09/07/19174821/gerindra-tak-khawatir-ahy-mulai-pemanasan-pilpres-2029-pastikan-koalisi,Netral,0.0,,,,
2026-09-07 20:43:24,iNews Nasional,Peristiwa & Hukum,"Nasional 4 jam lalu Kemendikdasmen Siapkan Penghargaan untuk Siswa Berprestasi, Berpeluang Raih Beasiswa LPDP",https://www.inews.id/news/nasional/kemendikdasmen-siapkan-penghargaan-untuk-siswa-berprestasi-berpeluang-raih-beasiswa-lpdp,Netral,0.0,,,,
2026-09-07 15:08:26,detikNews,Berita & Peristiwa,Cuan Pedagang Pasar Pramuka Jual Ratusan Boks Masker Imbas Abu Vulkanik,https://news.detik.com/berita/d-8652114/cuan-pedagang-pasar-pramuka-jual-ratusan-boks-masker-imbas-abu-vulkanik,Netral,0.0,,,,
2026-09-07 15:08:26,detikNews,Berita & Peristiwa,"Legislator Gerindra Temui Pengungsi Sinabung, Pastikan Kebutuhan Warga",https://news.detik.com/berita/d-8652133/legislator-gerindra-temui-pengungsi-sinabung-pastikan-kebutuhan-warga,Netral,0.0,,,,
2026-09-07 15:08:26,detikNews,Berita & Peristiwa,Prabowo Siapkan Tambahan Anggaran Mitigasi Bencana,https://news.detik.com/berita/d-8652117/prabowo-siapkan-tambahan-anggaran-mitigasi-bencana,Negatif,-100.0,,,,
2026-09-07 15:08:26,detikNews,Berita & Peristiwa,"1 Bandara Dibuka, 7 Lainnya Masih Ditutup Imbas Erupsi Gunung Anak Krakatau",https://news.detik.com/berita/d-8652153/1-bandara-dibuka-7-lainnya-masih-ditutup-imbas-erupsi-gunung-anak-krakatau,Netral,0.0,,,,
2026-09-07 15:08:26,detikNews,Berita & Peristiwa,"138 Orang Tersangka Karhutla, Wakapolri Bicara Pesan Presiden Tindak Korporasi",https://news.detik.com/berita/d-8652173/138-orang-tersangka-karhutla-wakapolri-bicara-pesan-presiden-tindak-korporasi,Netral,0.0,,,,
2026-09-07 15:08:26,Kompas.com Nasional,Nasional & Kebijakan,Prabowo: Karhutla Jangan Sampai ke Zona Inti IKN Nasional,https://nasional.kompas.com/read/2026/09/07/15044711/prabowo-karhutla-jangan-sampai-ke-zona-inti-ikn,Netral,0.0,,,,
2026-09-07 15:08:26,detikNews,Berita & Peristiwa,Prabowo Pimpin Ratas Penanganan Karhutla hingga Erupsi Anak Krakatau,https://news.detik.com/berita/d-8652112/prabowo-pimpin-ratas-penanganan-karhutla-hingga-erupsi-anak-krakatau,Netral,0.0,,,,
2026-09-07 15:08:26,detikNews,Berita & Peristiwa,Polisi Keliling Stasiun Jurangmangu Bagikan Masker Antisipasi Abu Vulkanik,https://news.detik.com/berita/d-8652110/polisi-keliling-stasiun-jurangmangu-bagikan-masker-antisipasi-abu-vulkanik,Netral,0.0,,,,
2026-09-07 15:08:26,Kompas.com Nasional,Nasional & Kebijakan,Puan Minta Pemerintah Antisipasi Penumpukan Penerbangan yang Tertunda akibat Erupsi Krakatau Nasional,https://nasional.kompas.com/read/2026/09/07/14565561/puan-minta-pemerintah-antisipasi-penumpukan-penerbangan-yang-tertunda-akibat,Netral,0.0,,,,
2026-09-07 15:08:26,detikNews,Berita & Peristiwa,"Disebut Terdampak Erupsi Anak Krakatau, Ketua Ombudsman Tak Hadiri Rapat DPR",https://news.detik.com/berita/d-8652202/disebut-terdampak-erupsi-anak-krakatau-ketua-ombudsman-tak-hadiri-rapat-dpr,Netral,0.0,,,,
2026-09-07 15:08:26,detikNews,Berita & Peristiwa,"Erupsi Gunung Anak Krakatau, Puan Tegaskan Keselamatan Warga Jadi Prioritas",https://news.detik.com/berita/d-8652163/erupsi-gunung-anak-krakatau-puan-tegaskan-keselamatan-warga-jadi-prioritas,Netral,0.0,,,,
2026-09-07 15:08:26,Kompas.com Nasional,Nasional & Kebijakan,"Kita Tahu Bahayanya, tetapi Sudahkah Sistem Kita Pernah Diuji? Nasional",https://nasional.kompas.com/read/2026/09/07/15000021/kita-tahu-bahayanya-tetapi-sudahkah-sistem-kita-pernah-diuji-,Netral,0.0,,,,
2026-09-07 15:08:26,detikNews,Berita & Peristiwa,55 WN China di BSD Terjaring Operasi Pengawasan Imigrasi,https://news.detik.com/berita/d-8652233/55-wn-china-di-bsd-terjaring-operasi-pengawasan-imigrasi,Netral,0.0,,,,
2026-09-07 15:08:26,detikNews,Berita & Peristiwa,Prabowo Siapkan Kapal Induk Pertama RI Bantu Tangani Bencana,https://news.detik.com/berita/d-8652162/prabowo-siapkan-kapal-induk-pertama-ri-bantu-tangani-bencana,Netral,0.0,,,,
2026-09-07 15:08:26,detikNews,Berita & Peristiwa,Penjelasan Badan Geologi Sebut Gunung di RI Erupsi Bersamaan Bukan Hal Aneh,https://news.detik.com/berita/d-8652186/penjelasan-badan-geologi-sebut-gunung-di-ri-erupsi-bersamaan-bukan-hal-aneh,Netral,0.0,,,,
2026-09-07 15:08:26,detikNews,Berita & Peristiwa,Pengendara Motor di Bogor Terluka Usai Tabrak Belakang Truk,https://news.detik.com/berita/d-8652219/pengendara-motor-di-bogor-terluka-usai-tabrak-belakang-truk,Netral,0.0,,,,
2026-09-07 15:08:26,detikNews,Berita & Peristiwa,"Respons AHY, PDIP Singgung Sejarah Bahaya Kekuasaan Absolut",https://news.detik.com/berita/d-8652116/respons-ahy-pdip-singgung-sejarah-bahaya-kekuasaan-absolut,Negatif,-100.0,,,,
2026-09-07 15:08:26,detikNews,Berita & Peristiwa,Warga Curhat Sulit Cari Masker KN95 Saat Abu Vulkanik Anak Krakatau Menyebar,https://news.detik.com/berita/d-8652159/warga-curhat-sulit-cari-masker-kn95-saat-abu-vulkanik-anak-krakatau-menyebar,Netral,0.0,,,,
2026-09-07 15:08:26,detikNews,Berita & Peristiwa,"Penerbangan Hakim Terdampak Abu Vulkanik, Sidang Praperadilan Roy Suryo Ditunda",https://news.detik.com/berita/d-8652121/penerbangan-hakim-terdampak-abu-vulkanik-sidang-praperadilan-roy-suryo-ditunda,Netral,0.0,,,,
2026-09-07 15:08:26,detikNews,Berita & Peristiwa,Apa Itu Letusan Strombolian yang Saat Ini Terjadi di Gunung Anak Krakatau?,https://news.detik.com/berita/d-8652157/apa-itu-letusan-strombolian-yang-saat-ini-terjadi-di-gunung-anak-krakatau,Netral,0.0,,,,
2026-09-07 15:08:26,detikNews,Berita & Peristiwa,Pengacara Budiman Bayu Respons Kesaksian Bos Blueray di Sidang Kasus Bea Cukai,https://news.detik.com/berita/d-8652270/pengacara-budiman-bayu-respons-kesaksian-bos-blueray-di-sidang-kasus-bea-cukai,Negatif,-100.0,,,,
2026-09-07 15:08:26,detikNews,Berita & Peristiwa,Prabowo Minta Data Korporasi Terlibat Karhutla: Saya Ingin Tahu Milik Siapa,https://news.detik.com/berita/d-8652200/prabowo-minta-data-korporasi-terlibat-karhutla-saya-ingin-tahu-milik-siapa,Netral,0.0,,,,
2026-09-07 15:08:26,detikNews,Berita & Peristiwa,Atensi Prabowo: Jangan Sampai Karhutla Masuk Zona Inti IKN,https://news.detik.com/berita/d-8652192/atensi-prabowo-jangan-sampai-karhutla-masuk-zona-inti-ikn,Netral,0.0,,,,
2026-09-07 15:08:26,detikNews,Berita & Peristiwa,"Polri Kirim 322 Personel ke Sumatera dan Kalimantan, Fokus Edukasi Karhutla",https://news.detik.com/berita/d-8652189/polri-kirim-322-personel-ke-sumatera-dan-kalimantan-fokus-edukasi-karhutla,Netral,0.0,,,,
2026-09-07 15:08:26,detikNews,Berita & Peristiwa,BMKG: Paper Test Abu Vulkanik di Bandara Soetta hingga Halim Sudah Negatif,https://news.detik.com/berita/d-8652274/bmkg-paper-test-abu-vulkanik-di-bandara-soetta-hingga-halim-sudah-negatif,Netral,0.0,,,,
2026-09-07 15:08:26,detikNews,Berita & Peristiwa,Polisi Gagalkan Penyelundupan 150 Ribu Benih Lobster di Tol Merak,https://news.detik.com/berita/d-8652113/polisi-gagalkan-penyelundupan-150-ribu-benih-lobster-di-tol-merak,Netral,0.0,,,,
2026-09-07 15:08:26,Kompas.com Nasional,Nasional & Kebijakan,"Update Karhutla, BNPB: 734 Hektar Lahan Masih Terbakar Nasional",https://nasional.kompas.com/read/2026/09/07/14395241/update-karhutla-bnpb-734-hektar-lahan-masih-terbakar,Netral,0.0,,,,
2026-09-07 15:08:26,Kompas.com Nasional,Nasional & Kebijakan,Kapolri Sebut 8 Korporasi Diproses Hukum Terkait Karhutla Nasional,https://nasional.kompas.com/read/2026/09/07/14560941/kapolri-sebut-8-korporasi-diproses-hukum-terkait-karhutla,Netral,0.0,,,,
2026-09-07 15:08:26,Kompas.com Nasional,Nasional & Kebijakan,"Prabowo Pimpin Ratas Penanganan Bencana: Ini Takdir, Kita Harus Siap Nasional",https://nasional.kompas.com/read/2026/09/07/13535521/prabowo-pimpin-ratas-penanganan-bencana-ini-takdir-kita-harus-siap,Negatif,-100.0,,,,
2026-09-07 15:08:26,Kompas.com Nasional,Nasional & Kebijakan,"Bukan Lalai, Kapolri Ungkap 116 Tersangka Karhutla Sengaja Membakar Nasional",https://nasional.kompas.com/read/2026/09/07/14512031/bukan-lalai-kapolri-ungkap-116-tersangka-karhutla-sengaja-membakar,Netral,0.0,,,,
2026-09-07 15:08:26,iNews Nasional,Peristiwa & Hukum,"Nasional 1 jam lalu Kapolri Ungkap 138 Orang Ditetapkan Tersangka Karhutla, 8 Korporasi Masih Diproses",https://www.inews.id/news/nasional/kapolri-ungkap-138-orang-ditetapkan-tersangka-karhutla-8-korporasi-masih-diproses,Netral,0.0,,,,
2026-09-07 15:08:26,iNews Nasional,Peristiwa & Hukum,"Nasional 49 menit lalu Ketua Ombudsman RI Absen Raker Komisi II DPR, Terdampak Erupsi Gunung Anak Krakatau",https://www.inews.id/news/nasional/ketua-ombudsman-ri-absen-raker-komisi-ii-dpr-terdampak-erupsi-gunung-anak-krakatau,Netral,0.0,,,,
2026-09-07 15:08:26,iNews Nasional,Peristiwa & Hukum,"Nasional 1 jam lalu Geger! 1.900 Pegawai Kemensos Terlibat Judol, Mensos: Ada yang Kecanduan",https://www.inews.id/news/nasional/geger-1900-pegawai-kemensos-terlibat-judol-mensos-ada-yang-kecanduan,Netral,0.0,,,,
2026-09-07 15:08:26,iNews Nasional,Peristiwa & Hukum,"Nasional 19 menit lalu Prabowo Minta Penanganan Karhutla Diperkuat, Helikopter hingga Pompa Air Harus Ditambah",https://www.inews.id/news/nasional/prabowo-minta-penanganan-karhutla-diperkuat-helikopter-hingga-pompa-air-harus-ditambah,Netral,0.0,,,,
2026-09-07 15:08:26,iNews Nasional,Peristiwa & Hukum,Nasional 34 menit lalu 4 Penerbangan Dialihkan ke Bandara Kertajati Imbas Abu Vulkanik Gunung Anak Krakatau,https://www.inews.id/news/nasional/4-penerbangan-dialihkan-ke-bandara-kertajati-imbas-abu-vulkanik-gunung-anak-krakatau,Netral,0.0,,,,
2026-09-07 15:08:26,iNews Nasional,Peristiwa & Hukum,"Nasional 15 menit lalu Rapat Bareng Komisi III DPR, Advokat Wanti-Wanti RUU Perampasan Aset Jangan Sampai Disalahgunakan",https://www.inews.id/news/nasional/rapat-bareng-komisi-iii-dpr-advokat-wanti-wanti-ruu-perampasan-aset-jangan-sampai-disalahgunakan,Netral,0.0,,,,
2026-09-07 15:08:26,iNews Nasional,Peristiwa & Hukum,"Nasional 14 menit lalu Kapolri Ultimatum Pembakar Hutan, Siap-Siap Dijerat Pasal Berlapis!",https://www.inews.id/news/nasional/kapolri-ultimatum-pembakar-hutan-siap-siap-dijerat-pasal-berlapis,Netral,0.0,,,,
2026-09-07 15:08:26,iNews Nasional,Peristiwa & Hukum,Nasional 35 menit lalu Kejagung Ungkap Alasan Geledah Rumah Eks Waka BGN Lodewyk Pusung Dini Hari,https://www.inews.id/news/nasional/kejagung-ungkap-alasan-geledah-rumah-eks-waka-bgn-lodewyk-pusung-dini-hari,Netral,0.0,,,,
2026-09-07 15:08:26,Kompas.com Nasional,Nasional & Kebijakan,Pemerintah Diminta Antisipasi Dampak Kesehatan hingga Transportasi Akibat Erupsi Nasional,https://nasional.kompas.com/read/2026/09/07/14584021/pemerintah-diminta-antisipasi-dampak-kesehatan-hingga-transportasi-akibat,Netral,0.0,,,,
2026-09-07 15:08:26,Kompas.com Nasional,Nasional & Kebijakan,Prabowo Klaim Penanganan Karhutla Cukup Masif meski Sempat Ada Keterlambatan Nasional,https://nasional.kompas.com/read/2026/09/07/14363321/prabowo-klaim-penanganan-karhutla-cukup-masif-meski-sempat-ada-keterlambatan,Netral,0.0,,,,
2026-09-07 15:08:26,Kompas.com Nasional,Nasional & Kebijakan,Kapolri: 138 Tersangka Karhutla Ditetapkan dari 200 Laporan Nasional,https://nasional.kompas.com/read/2026/09/07/14343801/kapolri-138-tersangka-karhutla-ditetapkan-dari-200-laporan,Netral,0.0,,,,
2026-09-07 15:08:26,Kompas.com Nasional,Nasional & Kebijakan,MBG Kita Akui Gagal Nasional,https://nasional.kompas.com/read/2026/09/07/14250011/mbg-kita-akui-gagal,Negatif,-100.0,,,,
2026-09-07 15:08:26,iNews Nasional,Peristiwa & Hukum,Nasional 52 menit lalu Mensos Ancam Copot Jabatan hingga Pecat Tak Hormat 1.900 Pegawai yang Main Judol,https://www.inews.id/news/nasional/mensos-ancam-copot-jabatan-hingga-pecat-tak-hormat-1900-pegawai-yang-main-judol,Negatif,-100.0,,,,
2026-09-07 15:08:26,Kompas.com Nasional,Nasional & Kebijakan,"Politik Bebas Aktif Era Prabowo, Bagaimana Agar Dunia Tak Salah Paham ke RI? Nasional",https://nasional.kompas.com/read/2026/09/07/14510641/politik-bebas-aktif-era-prabowo-bagaimana-agar-dunia-tak-salah-paham-ke-ri,Positif,100.0,,,,
2026-09-07 15:08:26,Kompas.com Nasional,Nasional & Kebijakan,Prabowo Sebut Kapal Induk dari Italia Bakal Dikerahkan untuk Tangani Karhutla Nasional,https://nasional.kompas.com/read/2026/09/07/14482291/prabowo-sebut-kapal-induk-dari-italia-bakal-dikerahkan-untuk-tangani,Netral,0.0,,,,
2026-09-07 15:08:26,Kompas.com Nasional,Nasional & Kebijakan,Puan Minta Warga Tak Dipaksa tetap Bekerja atau Hindari Paparan Abu Vulkanik Nasional,https://nasional.kompas.com/read/2026/09/07/14290561/puan-minta-warga-tak-dipaksa-tetap-bekerja-atau-hindari-paparan-abu-vulkanik,Netral,0.0,,,,
2026-09-07 15:08:26,Kompas.com Nasional,Nasional & Kebijakan,Bencana dan Tanggung Jawab Negara Nasional,https://nasional.kompas.com/read/2026/09/07/14060011/bencana-dan-tanggung-jawab-negara,Negatif,-100.0,,,,
2026-09-07 15:08:26,Kompas.com Nasional,Nasional & Kebijakan,"Melihat Anggaran BNPB Sejak 2020-2026, Dari Rp 11,78 Triliun Jadi Rp 491 Miliar Nasional",https://nasional.kompas.com/read/2026/09/07/14124291/melihat-anggaran-bnpb-sejak-2020-2026-dari-rp-1178-triliun-jadi-rp-491,Netral,0.0,,,,
2026-09-07 15:08:26,Kompas.com Nasional,Nasional & Kebijakan,Prabowo Minta Anggaran Mitigasi Bencana Ditambah Signifikan Nasional,https://nasional.kompas.com/read/2026/09/07/14111531/prabowo-minta-anggaran-mitigasi-bencana-ditambah-signifikan,Negatif,-100.0,,,,
2026-09-07 15:08:26,Kompas.com Nasional,Nasional & Kebijakan,BGN Hentikan MBG Jakarta hingga Lampung karena Anak Krakatau: Ini Sementara Nasional,https://nasional.kompas.com/read/2026/09/07/14095781/bgn-hentikan-mbg-jakarta-hingga-lampung-karena-anak-krakatau-ini-sementara,Netral,0.0,,,,
2026-09-07 15:08:26,Kompas.com Nasional,Nasional & Kebijakan,Pemerintah Kumpulkan 358 Perusahaan Pemegang HGU buat Bahas Karhutla Nasional,https://nasional.kompas.com/read/2026/09/07/13560201/pemerintah-kumpulkan-358-perusahaan-pemegang-hgu-buat-bahas-karhutla,Netral,0.0,,,,
2026-09-07 15:08:26,Kompas.com Nasional,Nasional & Kebijakan,Kejagung Siapkan 3 Instrumen untuk Usut Pelanggaran Hukum di Balik Karhutla Nasional,https://nasional.kompas.com/read/2026/09/07/14084411/kejagung-siapkan-3-instrumen-untuk-usut-pelanggaran-hukum-di-balik-karhutla,Netral,0.0,,,,
2026-09-07 13:55:32,Kompas.com Nasional,Nasional & Kebijakan,Polri Moratorium Kasus Pidana Terkait Konflik Agraria Nasional,https://nasional.kompas.com/read/2026/09/07/13423401/polri-moratorium-kasus-pidana-terkait-konflik-agraria,Negatif,-100.0,,,,
2026-09-07 13:55:32,detikNews,Berita & Peristiwa,Pembangunan Infrastruktur Pekanbaru Tetap Jalan di Tengah Tekanan Fiskal,https://news.detik.com/berita/d-8652099/pembangunan-infrastruktur-pekanbaru-tetap-jalan-di-tengah-tekanan-fiskal,Netral,0.0,,,,
2026-09-07 13:55:32,detikNews,Berita & Peristiwa,Walkot Ungkap Stok Masker di Serang Mulai Langka Imbas Abu Anak Krakatau,https://news.detik.com/berita/d-8652059/walkot-ungkap-stok-masker-di-serang-mulai-langka-imbas-abu-anak-krakatau,Netral,0.0,,,,
2026-09-07 13:55:32,SINDOnews Nasional,Nasional & Politik,Humaniora BGN Setop Sementara Operasional MBG di Sebagian Wilayah Jabar Imbas Gunung Anak Krakatau,https://nasional.sindonews.com/read/1747151/15/bgn-setop-sementara-operasional-mbg-di-sebagian-wilayah-jabar-imbas-gunung-anak-krakatau-1788757790,Netral,0.0,,,,
2026-09-07 13:55:32,detikNews,Berita & Peristiwa,"Soetta Tutup Imbas Abu Vulkanik, Penerbangan Dialihkan ke 6 Bandara Ini",https://news.detik.com/berita/d-8652088/soetta-tutup-imbas-abu-vulkanik-penerbangan-dialihkan-ke-6-bandara-ini,Netral,0.0,,,,
2026-09-07 13:55:32,iNews Nasional,Peristiwa & Hukum,"Nasional 4 menit lalu Menko Polkam Ingatkan Puncak El Nino Belum Tiba, Karhutla Bisa Meningkat",https://www.inews.id/news/nasional/menko-polkam-ingatkan-puncak-el-nino-belum-tiba-karhutla-bisa-meningkat,Netral,0.0,,,,
2026-09-07 13:55:32,SINDOnews Nasional,Nasional & Politik,Hukum KPK Panggil 2 Anggota DPRD Bengkulu Terkait Kasus Dugaan Suap di Rejang Lebong,https://nasional.sindonews.com/read/1747121/13/kpk-panggil-2-anggota-dprd-bengkulu-terkait-kasus-dugaan-suap-di-rejang-lebong-1788754157,Negatif,-100.0,,,,
2026-09-07 13:55:32,SINDOnews Nasional,Nasional & Politik,"Hukum Tepis Lakukan Kriminalisasi, Kejagung Minta Hakim Tolak Praperadilan Lodewyk Pusung",https://nasional.sindonews.com/read/1747149/13/tepis-lakukan-kriminalisasi-kejagung-minta-hakim-tolak-praperadilan-lodewyk-pusung-1788757781,Negatif,-100.0,,,,
2026-09-07 13:55:32,SINDOnews Nasional,Nasional & Politik,"Hukum Hakim Terjebak Dampak Erupsi Gunung Anak Krakatau, Sidang Praperadilan Jilid 5 Roy Suryo Ditunda",https://nasional.sindonews.com/read/1747155/13/hakim-terjebak-dampak-erupsi-gunung-anak-krakatau-sidang-praperadilan-jilid-5-roy-suryo-ditunda-1788761353,Netral,0.0,,,,
2026-09-07 13:55:32,detikNews,Berita & Peristiwa,"Abu Anak Krakatau Sampai Jakarta, Penjualan Masker di Pasar Pramuka Melonjak",https://news.detik.com/berita/d-8651965/abu-anak-krakatau-sampai-jakarta-penjualan-masker-di-pasar-pramuka-melonjak,Netral,0.0,,,,
2026-09-07 13:55:32,SINDOnews Nasional,Nasional & Politik,"Politik Dana Khusus Kepulauan Jadi Fokus Utama Pembahasan Pansus, Pastikan Hak Masyarakat Adat",https://nasional.sindonews.com/read/1747137/12/dana-khusus-kepulauan-jadi-fokus-utama-pembahasan-pansus-pastikan-hak-masyarakat-adat-1788754185,Netral,0.0,,,,
2026-09-07 13:41:05,detikNews,Berita & Peristiwa,"Erupsi Menerus Anak Krakatau Berakhir Usai 25 Jam, Ganti Letusan Strombolian",https://news.detik.com/berita/d-8651870/erupsi-menerus-anak-krakatau-berakhir-usai-25-jam-ganti-letusan-strombolian,Netral,0.0,,,,
2026-09-07 13:41:05,detikNews,Berita & Peristiwa,"Sambut HUT ke-71 Lalu Lintas, Ditlantas Polda Kaltara Ziarah ke TMP Telabang Bangsa",https://news.detik.com/berita/d-8651926/sambut-hut-ke-71-lalu-lintas-ditlantas-polda-kaltara-ziarah-ke-tmp-telabang-bangsa,Netral,0.0,,,,
2026-09-07 13:41:05,Kompas.com Nasional,Nasional & Kebijakan,Pemerintah Diminta Perkuat Peringatan Dini Bencana Imbas Erupsi Anak Krakatau Nasional,https://nasional.kompas.com/read/2026/09/07/13310611/pemerintah-diminta-perkuat-peringatan-dini-bencana-imbas-erupsi-anak,Negatif,-100.0,,,,
2026-09-07 13:41:05,detikNews,Berita & Peristiwa,Daftar 31 Penerbangan di Bandara Halim Batal Imbas Erupsi Anak Krakatau,https://news.detik.com/berita/d-8651911/daftar-31-penerbangan-di-bandara-halim-batal-imbas-erupsi-anak-krakatau,Netral,0.0,,,,
2026-09-07 13:41:05,detikNews,Berita & Peristiwa,Mensos Tekankan Pentingnya Integritas & Kerja Sama Antarunit ke Jajaran,https://news.detik.com/berita/d-8651899/mensos-tekankan-pentingnya-integritas-kerja-sama-antarunit-ke-jajaran,Netral,0.0,,,,
2026-09-07 13:41:05,detikNews,Berita & Peristiwa,Wamendagri: Tanah Ulayat Tak Boleh Dialihfungsikan Sepihak untuk PSN,https://news.detik.com/berita/d-8651902/wamendagri-tanah-ulayat-tak-boleh-dialihfungsikan-sepihak-untuk-psn,Netral,0.0,,,,
2026-09-07 13:41:05,detikNews,Berita & Peristiwa,"Abu Anak Kraktau Sampai Jakarta, Penjualan Masker di Pasar Pramuka Melonjak",https://news.detik.com/berita/d-8651965/abu-anak-kraktau-sampai-jakarta-penjualan-masker-di-pasar-pramuka-melonjak,Netral,0.0,,,,
2026-09-07 13:41:05,Kompas.com Nasional,Nasional & Kebijakan,Kejagung Bantah Kriminalisasi Lodewyk Pusung dalam Kasus Korupsi MBG Nasional,https://nasional.kompas.com/read/2026/09/07/13243001/kejagung-bantah-kriminalisasi-lodewyk-pusung-dalam-kasus-korupsi-mbg,Negatif,-100.0,,,,
2026-09-07 13:41:05,detikNews,Berita & Peristiwa,Apakah Bandara Soetta Masih Ditutup? Cek Info Terbaru Imbas Erupsi Anak Krakatau,https://news.detik.com/berita/d-8652051/apakah-bandara-soetta-masih-ditutup-cek-info-terbaru-imbas-erupsi-anak-krakatau,Netral,0.0,,,,
2026-09-07 13:41:05,Kompas.com Nasional,Nasional & Kebijakan,Mencermati Langkah Prabowo Meniti Poros Jakarta-Moskwa Nasional,https://nasional.kompas.com/read/2026/09/07/13094501/mencermati-langkah-prabowo-meniti-poros-jakarta-moskwa,Netral,0.0,,,,
2026-09-07 13:41:05,Kompas.com Nasional,Nasional & Kebijakan,Polri Sebut Ada 78 Titik Rawan Konflik Agraria di Indonesia Nasional,https://nasional.kompas.com/read/2026/09/07/13342311/polri-sebut-ada-78-titik-rawan-konflik-agraria-di-indonesia,Netral,0.0,,,,
2026-09-07 13:41:05,detikNews,Berita & Peristiwa,PVMBG: Sebaran Abu Vulkanik Erupsi Anak Krakatau 2026 Lebih Luas Daripada 2018,https://news.detik.com/berita/d-8652082/pvmbg-sebaran-abu-vulkanik-erupsi-anak-krakatau-2026-lebih-luas-daripada-2018,Netral,0.0,,,,
2026-09-07 13:41:05,detikNews,Berita & Peristiwa,Ayah Syok Dapat Kabar Mozza Ditemukan Tewas Usai Hilang Setahun,https://news.detik.com/berita/d-8651942/ayah-syok-dapat-kabar-mozza-ditemukan-tewas-usai-hilang-setahun,Negatif,-100.0,,,,
2026-09-07 13:41:05,detikNews,Berita & Peristiwa,"Fadli Zon Ungkap Progres Revitalisasi Museum, Ada Museum Passport Buat Gen Z",https://news.detik.com/berita/d-8651903/fadli-zon-ungkap-progres-revitalisasi-museum-ada-museum-passport-buat-gen-z,Netral,0.0,,,,
2026-09-07 13:41:05,detikNews,Berita & Peristiwa,"Pesawat Hakim Terdampak Erupsi Anak Krakatau, Sidang Vonis Bupati Bekasi Ditunda",https://news.detik.com/berita/d-8651975/pesawat-hakim-terdampak-erupsi-anak-krakatau-sidang-vonis-bupati-bekasi-ditunda,Netral,0.0,,,,
2026-09-07 13:41:05,detikNews,Berita & Peristiwa,"Bandara Soetta Masih Ditutup, Penumpang Tetap Bertahan Tunggu Kepastian",https://news.detik.com/berita/d-8652073/bandara-soetta-masih-ditutup-penumpang-tetap-bertahan-tunggu-kepastian,Netral,0.0,,,,
2026-09-07 13:41:05,Kompas.com Nasional,Nasional & Kebijakan,"Luruhkan Abu Vulkanik Anak Krakatau, BNPB Mulai Operasi Modifikasi Cuaca Hari Ini Nasional",https://nasional.kompas.com/read/2026/09/07/13293961/luruhkan-abu-vulkanik-anak-krakatau-bnpb-mulai-operasi-modifikasi-cuaca-hari,Netral,0.0,,,,
2026-09-07 13:41:05,detikNews,Berita & Peristiwa,Mensos Nyatakan Siap Tindak Tegas Pegawai Kemensos Terbukti Terlibat Judol,https://news.detik.com/berita/d-8651967/mensos-nyatakan-siap-tindak-tegas-pegawai-kemensos-terbukti-terlibat-judol,Netral,0.0,,,,
2026-09-07 13:41:05,detikNews,Berita & Peristiwa,"Bogor Terdampak Abu Anak Krakatau, Pelayanan Pemkab Berjalan Normal",https://news.detik.com/berita/d-8651996/bogor-terdampak-abu-anak-krakatau-pelayanan-pemkab-berjalan-normal,Positif,15.0,,,,
2026-09-07 13:41:05,detikNews,Berita & Peristiwa,"Gagal Terbang Imbas Abu Vulkanik, Nanik Naik KA ke Surabaya demi Menuju Sultra",https://news.detik.com/berita/d-8652007/gagal-terbang-imbas-abu-vulkanik-nanik-naik-ka-ke-surabaya-demi-menuju-sultra,Netral,0.0,,,,
2026-09-07 13:41:05,detikNews,Berita & Peristiwa,Doli Golkar: Gestur AHY Seperti Sinyal Siap Jadi Contender Pilpres,https://news.detik.com/berita/d-8652036/doli-golkar-gestur-ahy-seperti-sinyal-siap-jadi-contender-pilpres,Netral,0.0,,,,
2026-09-07 13:41:05,detikNews,Berita & Peristiwa,Fadli Zon Ungkap Dampak Positif RI Anggota Komite Warisan Budaya Takbenda UNESCO,https://news.detik.com/berita/d-8651966/fadli-zon-ungkap-dampak-positif-ri-anggota-komite-warisan-budaya-takbenda-unesco,Netral,0.0,,,,
2026-09-07 13:41:05,detikNews,Berita & Peristiwa,Timeline Anak Krakatau Berstatus Siaga Juli 2026 hingga Abu Vulkanik Menyebar,https://news.detik.com/berita/d-8651955/timeline-anak-krakatau-berstatus-siaga-juli-2026-hingga-abu-vulkanik-menyebar,Netral,0.0,,,,
2026-09-07 13:41:05,detikNews,Berita & Peristiwa,Komisi IX DPR Minta Pemerintah Aktif Atasi Dampak Abu Vulkanik Anak Krakatau,https://news.detik.com/berita/d-8651970/komisi-ix-dpr-minta-pemerintah-aktif-atasi-dampak-abu-vulkanik-anak-krakatau,Netral,0.0,,,,
2026-09-07 13:41:05,detikNews,Berita & Peristiwa,Kronologi Wanita India Dijambret di Menteng hingga Pelaku Dibekuk Polisi,https://news.detik.com/berita/d-8651979/kronologi-wanita-india-dijambret-di-menteng-hingga-pelaku-dibekuk-polisi,Netral,0.0,,,,
2026-09-07 13:41:05,detikNews,Berita & Peristiwa,Polri dan Polisi Diraja Malaysia Perkuat Pencegahan Penyelundupan Narkoba,https://news.detik.com/berita/d-8651943/polri-dan-polisi-diraja-malaysia-perkuat-pencegahan-penyelundupan-narkoba,Netral,0.0,,,,
2026-09-07 13:41:05,Kompas.com Nasional,Nasional & Kebijakan,Pemerintah Setop Pembakaran Lahan Berdasar Alasan Kearifan Lokal Nasional,https://nasional.kompas.com/read/2026/09/07/13401141/pemerintah-setop-pembakaran-lahan-berdasar-alasan-kearifan-lokal,Netral,0.0,,,,
2026-09-07 13:41:05,detikNews,Berita & Peristiwa,Koster Dorong Kemajuan AI Berjalan Beriringan dengan Budaya Bali,https://news.detik.com/berita/d-8651885/koster-dorong-kemajuan-ai-berjalan-beriringan-dengan-budaya-bali,Netral,0.0,,,,
2026-09-07 13:41:05,SINDOnews Nasional,Nasional & Politik,Hankam Menko Polkam Gelar Rakor Penanganan Karhutla,https://nasional.sindonews.com/read/1747113/14/menko-polkam-gelar-rakor-penanganan-karhutla-1788750546,Netral,0.0,,,,
2026-09-07 13:41:05,Kompas.com Nasional,Nasional & Kebijakan,"Gunung Anak Krakatau Erupsi, Menkomdigi: Tetap Tenang dan Saring Informasi Sebelum Sharing Nasional",https://nasional.kompas.com/read/2026/09/07/13233021/gunung-anak-krakatau-erupsi-menkomdigi-tetap-tenang-dan-saring-informasi,Netral,0.0,,,,
2026-09-07 13:41:05,iNews Nasional,Peristiwa & Hukum,"Nasional Sidang Praperadilan Roy Suryo Ditunda, Hakim Tertahan di Bali Imbas Erupsi Gunung Anak Krakatau",https://www.inews.id/news/nasional/sidang-praperadilan-roy-suryo-ditunda-hakim-tertahan-di-bali-imbas-erupsi-gunung-anak-krakatau,Netral,0.0,,,,
2026-09-07 13:41:05,Kompas.com Nasional,Nasional & Kebijakan,Kejagung Ungkap Alasan Geledah Rumah Eks Waka BGN Lodewyk Pusung Dini Hari Nasional,https://nasional.kompas.com/read/2026/09/07/12274621/kejagung-ungkap-alasan-geledah-rumah-eks-waka-bgn-lodewyk-pusung-dini-hari,Netral,0.0,,,,
2026-09-07 13:41:05,iNews Nasional,Peristiwa & Hukum,"Nasional 20 menit lalu 8 Bandara Ditutup Imbas Abu Vulkanik Gunung Anak Krakatau, Ini Daftarnya",https://www.inews.id/news/nasional/8-bandara-ditutup-imbas-abu-vulkanik-gunung-anak-krakatau-ini-daftarnya,Netral,0.0,,,,
2026-09-07 13:41:05,Kompas.com Nasional,Nasional & Kebijakan,Anak Krakatau Menguji Ketahanan Ekonomi Maritim Nasional,https://nasional.kompas.com/read/2026/09/07/13000011/anak-krakatau-menguji-ketahanan-ekonomi-maritim,Netral,0.0,,,,
2026-09-07 13:41:05,iNews Nasional,Peristiwa & Hukum,"Nasional 1 jam lalu Habiburokhman: Era Prabowo Lebih Demokratis dari Pemerintahan Sebelumnya, Hukum Tak Jadi Alat Kekuasaan",https://www.inews.id/news/nasional/habiburokhman-era-prabowo-lebih-demokratis-dari-pemerintahan-sebelumnya-hukum-tak-jadi-alat-kekuasaan,Netral,0.0,,,,
2026-09-07 13:41:05,iNews Nasional,Peristiwa & Hukum,"Nasional 32 menit lalu Masker KN95 Mendadak Diburu Imbas Erupsi Anak Krakatau, Harga Naik 10 Kali Lipat!",https://www.inews.id/news/nasional/masker-kn95-mendadak-diburu-imbas-erupsi-anak-krakatau-harga-naik-10-kali-lipat,Positif,100.0,,,,
2026-09-07 13:41:05,iNews Nasional,Peristiwa & Hukum,Nasional 57 menit lalu Garuda Indonesia Batalkan Semua Penerbangan Jakarta-Bandung-Lampung hingga Pukul 24.00 WIB,https://www.inews.id/news/nasional/garuda-indonesia-batalkan-semua-penerbangan-jakarta-bandung-lampung-hingga-pukul-2400-wib,Netral,0.0,,,,
2026-09-07 13:41:05,iNews Nasional,Peristiwa & Hukum,"Nasional 9 menit lalu Gunung Anak Krakatau Erupsi, BMKG Pastikan Jalur Penyeberangan Selat Sunda Aman",https://www.inews.id/news/nasional/gunung-anak-krakatau-erupsi-bmkg-pastikan-jalur-penyeberangan-selat-sunda-aman,Positif,100.0,,,,
2026-09-07 13:41:05,Kompas.com Nasional,Nasional & Kebijakan,"1.900 Pegawai Kemensos Diduga Main Judol, Gus Ipul: Sebagian Pakai Uang Kantor Nasional",https://nasional.kompas.com/read/2026/09/07/13091851/1900-pegawai-kemensos-diduga-main-judol-gus-ipul-sebagian-pakai-uang-kantor,Positif,16.67,,,,
2026-09-07 13:41:05,SINDOnews Nasional,Nasional & Politik,Humaniora Pengurus PPAI Periode 2026-2027 Resmi Dilantik,https://nasional.sindonews.com/read/1747107/15/pengurus-ppai-periode-2026-2027-resmi-dilantik-1788750574,Netral,0.0,,,,
2026-09-07 13:41:05,iNews Nasional,Peristiwa & Hukum,Nasional 31 menit lalu BGN Setop Program MBG di 6 Wilayah Jabar yang Terdampak Sebaran Abu Vulkanik Gunung Anak Krakatau,https://www.inews.id/news/nasional/bgn-setop-program-mbg-di-6-wilayah-jabar-yang-terdampak-sebaran-abu-vulkanik-gunung-anak-krakatau,Netral,0.0,,,,
2026-09-07 13:41:05,Kompas.com Nasional,Nasional & Kebijakan,Kejagung Sebut Lodewyk Pusung Terlibat Pengajuan 500 Titik Dapur MBG Nasional,https://nasional.kompas.com/read/2026/09/07/12002121/kejagung-sebut-lodewyk-pusung-terlibat-pengajuan-500-titik-dapur-mbg,Netral,0.0,,,,
2026-09-07 13:41:05,iNews Nasional,Peristiwa & Hukum,Nasional Tok! MK Tolak Permohonan Guru Dilibatkan Awasi MBG dengan Insentif Rp2 Juta,https://www.inews.id/news/nasional/tok-mk-tolak-permohonan-guru-dilibatkan-awasi-mbg-dengan-insentif-rp2-juta,Negatif,-100.0,,,,
2026-09-07 13:41:05,Kompas.com Nasional,Nasional & Kebijakan,"7 Bandara Soekarno-Hatta Masih Tutup, Penumpang Tidur di Terminal hingga Batalkan Penerbangan Megapolitan",https://megapolitan.kompas.com/read/2026/09/07/07241001/bandara-soekarno-hatta-masih-tutup-penumpang-tidur-di-terminal-hingga,Netral,0.0,,,,
2026-09-07 13:41:05,Kompas.com Nasional,Nasional & Kebijakan,"Bekali Siswa Sekolah Rakyat dengan Kompetensi Kerja, Kemensos Siapkan Jalur Pengembangan Keterampilan Nasional",https://nasional.kompas.com/read/2026/09/07/12501321/bekali-siswa-sekolah-rakyat-dengan-kompetensi-kerja-kemensos-siapkan-jalur,Netral,0.0,,,,
2026-09-07 13:41:05,SINDOnews Nasional,Nasional & Politik,Kemenhaj Minta PPIU Perhatikan Kebutuhan Jemaah Umrah Terdampak Erupsi Gunung Anak Krakatau,https://nasional.sindonews.com/read/1747123/15/kemenhaj-minta-ppiu-perhatikan-kebutuhan-jemaah-umrah-terdampak-erupsi-gunung-anak-krakatau-1788754147,Netral,0.0,,,,
2026-09-07 13:41:05,Kompas.com Nasional,Nasional & Kebijakan,"5 Bandara Soekarno-Hatta Mulai Buka Check-in, Penerbangan Masih Tunggu Kepastian AirNav Megapolitan",https://megapolitan.kompas.com/read/2026/09/07/08153961/bandara-soekarno-hatta-mulai-buka-check-in-penerbangan-masih-tunggu,Netral,0.0,,,,
2026-09-07 13:41:05,Kompas.com Nasional,Nasional & Kebijakan,Kemendagri: Tanah Ulayat Tak Boleh Dialihfungsikan demi PSN dan Investasi Nasional,https://nasional.kompas.com/read/2026/09/07/12423891/kemendagri-tanah-ulayat-tak-boleh-dialihfungsikan-demi-psn-dan-investasi,Netral,0.0,,,,
2026-09-07 13:41:05,Kompas.com Nasional,Nasional & Kebijakan,Mendagri Akan Terjunkan Tim untuk Dongkrak Pertumbuhan Ekonomi Daerah Nasional,https://nasional.kompas.com/read/2026/09/07/12354121/mendagri-akan-terjunkan-tim-untuk-dongkrak-pertumbuhan-ekonomi-daerah,Netral,0.0,,,,
2026-09-07 13:41:05,Kompas.com Nasional,Nasional & Kebijakan,Mendes Usul Ada Sanksi bagi Warga yang Jual Tanah Hasil Reforma Agraria Nasional,https://nasional.kompas.com/read/2026/09/07/12173801/mendes-usul-ada-sanksi-bagi-warga-yang-jual-tanah-hasil-reforma-agraria,Netral,0.0,,,,
2026-09-07 13:41:05,Kompas.com Nasional,Nasional & Kebijakan,"Habiburokhman: Aparat di Negara Maju Sih Oke, Tidak Suap dan Kriminalisasi Lawan Politik Nasional",https://nasional.kompas.com/read/2026/09/07/12131351/habiburokhman-aparat-di-negara-maju-sih-oke-tidak-suap-dan-kriminalisasi,Netral,0.0,,,,
2026-09-07 13:41:05,Kompas.com Nasional,Nasional & Kebijakan,"Merak-Bakauheni Tetap Beroperasi, Kapan Harus Berhenti? Nasional",https://nasional.kompas.com/read/2026/09/07/12090051/merak-bakauheni-tetap-beroperasi-kapan-harus-berhenti-,Netral,0.0,,,,
2026-09-07 13:41:05,Kompas.com Nasional,Nasional & Kebijakan,"Mendes Usul Desa Juga Dapat ""Jatah"" Redistribusi Lahan Hasil Reforma Agraria Nasional",https://nasional.kompas.com/read/2026/09/07/12083041/mendes-usul-desa-juga-dapat-jatah-redistribusi-lahan-hasil-reforma-agraria,Netral,0.0,,,,
2026-09-07 13:41:05,SINDOnews Nasional,Nasional & Politik,"Humaniora Erupsi Berakhir, Gunung Anak Krakatau Tetap Berstatus Siaga",https://nasional.sindonews.com/read/1747109/15/erupsi-berakhir-gunung-anak-krakatau-tetap-berstatus-siaga-1788750540,Netral,0.0,,,,
2026-09-07 13:41:05,Kompas.com Nasional,Nasional & Kebijakan,Habiburokhman Jawab Kritik soal DPR Lambat Merespons RUU Perampasan Aset Nasional,https://nasional.kompas.com/read/2026/09/07/12270551/habiburokhman-jawab-kritik-soal-dpr-lambat-merespons-ruu-perampasan-aset,Netral,0.0,,,,
2026-09-07 11:53:20,detikNews,Berita & Peristiwa,Ini Jadwal Kereta Tambahan dari Jogja ke Gambir Imbas Abu Vulkanik Anak Krakatau,https://news.detik.com/berita/d-8651647/ini-jadwal-kereta-tambahan-dari-jogja-ke-gambir-imbas-abu-vulkanik-anak-krakatau,Netral,0.0,,,,
2026-09-07 11:53:20,detikNews,Berita & Peristiwa,"RUU Perampasan Aset, Pakar Bicara Tak Rampas Harta Bukan Hasil Kejahatan",https://news.detik.com/berita/d-8651812/ruu-perampasan-aset-pakar-bicara-tak-rampas-harta-bukan-hasil-kejahatan,Netral,0.0,,,,
2026-09-07 11:53:20,detikNews,Berita & Peristiwa,Bareskrim Lepas Police Line dan CCTV di B Fashion 'Sarang' Narkoba,https://news.detik.com/berita/d-8651585/bareskrim-lepas-police-line-dan-cctv-di-b-fashion-sarang-narkoba,Netral,0.0,,,,
2026-09-07 11:53:20,detikNews,Berita & Peristiwa,"Dari Kie Raha ke Jakarta, Pemprov Malut Buka Jalan WUB & IKM Naik Kelas",https://news.detik.com/berita/d-8651695/dari-kie-raha-ke-jakarta-pemprov-malut-buka-jalan-wub-ikm-naik-kelas,Positif,100.0,,,,
2026-09-07 11:53:20,detikNews,Berita & Peristiwa,"Pasar di Paniai Papua Tengah Kebakaran, 11 Orang Tewas",https://news.detik.com/berita/d-8651678/pasar-di-paniai-papua-tengah-kebakaran-11-orang-tewas,Negatif,-100.0,,,,
2026-09-07 11:53:20,detikNews,Berita & Peristiwa,Walkot Semarang Pastikan Persiapan MTQ Nasional XXXI Sudah Matang,https://news.detik.com/berita/d-8651646/walkot-semarang-pastikan-persiapan-mtq-nasional-xxxi-sudah-matang,Netral,0.0,,,,
2026-09-07 11:53:20,detikNews,Berita & Peristiwa,Daftar Daerah Tetapkan PJJ Imbas Abu Vulkanik Gunung Anak Krakatau,https://news.detik.com/berita/d-8651714/daftar-daerah-tetapkan-pjj-imbas-abu-vulkanik-gunung-anak-krakatau,Netral,0.0,,,,
2026-09-07 11:53:20,detikNews,Berita & Peristiwa,"Terdampak Abu Anak Krakatau, Sekolah di Bogor Terapkan PJJ hingga Besok",https://news.detik.com/berita/d-8651643/terdampak-abu-anak-krakatau-sekolah-di-bogor-terapkan-pjj-hingga-besok,Netral,0.0,,,,
2026-09-07 11:53:20,detikNews,Berita & Peristiwa,Suasana Bandara Soetta Saat Penutupan Imbas Erupsi Anak Kratakau Diperpanjang,https://news.detik.com/berita/d-8651672/suasana-bandara-soetta-saat-penutupan-imbas-erupsi-anak-kratakau-diperpanjang,Netral,0.0,,,,
2026-09-07 11:53:20,detikNews,Berita & Peristiwa,WamenPPPA Minta Pemerkosa Pengungsi Anak Korban Gempa NTT Dihukum Berat,https://news.detik.com/berita/d-8651599/wamenpppa-minta-pemerkosa-pengungsi-anak-korban-gempa-ntt-dihukum-berat,Negatif,-100.0,,,,
2026-09-07 11:53:20,detikNews,Berita & Peristiwa,"Kabupaten Tangerang Terdampak Abu Anak Krakatau, Polisi Bagikan Masker",https://news.detik.com/berita/d-8651655/kabupaten-tangerang-terdampak-abu-anak-krakatau-polisi-bagikan-masker,Netral,0.0,,,,
2026-09-07 11:53:20,Kompas.com Nasional,Nasional & Kebijakan,"Baleg Kebut RUU Reforma Agraria, Target Rampung Sebelum 24 September Nasional",https://nasional.kompas.com/read/2026/09/07/11321701/baleg-kebut-ruu-reforma-agraria-target-rampung-sebelum-24-september,Netral,0.0,,,,
2026-09-07 11:53:20,detikNews,Berita & Peristiwa,Kemensos Siapkan Opsi Jalur Keterampilan Kerja bagi Lulusan Sekolah Rakyat,https://news.detik.com/berita/d-8651597/kemensos-siapkan-opsi-jalur-keterampilan-kerja-bagi-lulusan-sekolah-rakyat,Netral,0.0,,,,
2026-09-07 11:53:20,detikNews,Berita & Peristiwa,"Bandara Ditutup, Ini Efek Serius Abu Vulkanik ke Mesin Pesawat",https://news.detik.com/berita/d-8651706/bandara-ditutup-ini-efek-serius-abu-vulkanik-ke-mesin-pesawat,Netral,0.0,,,,
2026-09-07 11:53:20,detikNews,Berita & Peristiwa,4 Bandara Masih Ditutup hingga Jam 6 Sore Imbas Erupsi Anak Krakatau,https://news.detik.com/berita/d-8651626/4-bandara-masih-ditutup-hingga-jam-6-sore-imbas-erupsi-anak-krakatau,Netral,0.0,,,,
2026-09-07 11:53:20,detikNews,Berita & Peristiwa,"Perjalanan KRL Bogor Dikurangi sampai 30 September, Ini Alasannya",https://news.detik.com/berita/d-8651739/perjalanan-krl-bogor-dikurangi-sampai-30-september-ini-alasannya,Netral,0.0,,,,
2026-09-07 11:53:20,detikNews,Berita & Peristiwa,Gugatan Wajib Verifikasi Identitas Cegah Akun Medsos Anonim Dicabut dari MK,https://news.detik.com/berita/d-8651762/gugatan-wajib-verifikasi-identitas-cegah-akun-medsos-anonim-dicabut-dari-mk,Netral,0.0,,,,
2026-09-07 11:53:20,detikNews,Berita & Peristiwa,"Sahroni: RUU Perampasan Aset untuk Berantas Koruptor, Bukan Alat Abuse of Power",https://news.detik.com/berita/d-8651831/sahroni-ruu-perampasan-aset-untuk-berantas-koruptor-bukan-alat-abuse-of-power,Netral,0.0,,,,
2026-09-07 11:53:20,detikNews,Berita & Peristiwa,Walkot Tangerang Bagikan Masker Imbas Abu Vulkanik Gunung Anak Krakatau,https://news.detik.com/berita/d-8651763/walkot-tangerang-bagikan-masker-imbas-abu-vulkanik-gunung-anak-krakatau,Netral,0.0,,,,
2026-09-07 11:53:20,detikNews,Berita & Peristiwa,Polisi Kejar Rekan Penjambret Ponsel Turis India di Menteng,https://news.detik.com/berita/d-8651847/polisi-kejar-rekan-penjambret-ponsel-turis-india-di-menteng,Netral,0.0,,,,
2026-09-07 11:53:20,detikNews,Berita & Peristiwa,BNPB Tegaskan Modifikasi Cuaca Digelar Sampai Luruhkan Abu Anak Krakatau,https://news.detik.com/berita/d-8651582/bnpb-tegaskan-modifikasi-cuaca-digelar-sampai-luruhkan-abu-anak-krakatau,Netral,0.0,,,,
2026-09-07 11:53:20,detikNews,Berita & Peristiwa,"Abu Vulkanik Anak Krakatau Bergerak ke Barat Daya, Ini Penampakan dari Satelit",https://news.detik.com/berita/d-8651852/abu-vulkanik-anak-krakatau-bergerak-ke-barat-daya-ini-penampakan-dari-satelit,Netral,0.0,,,,
2026-09-07 11:53:20,detikNews,Berita & Peristiwa,"Fadli Zon Cerita Bawa Fosil Manusia Jawa ke RI, Sudah 136 Tahun di Belanda",https://news.detik.com/berita/d-8651767/fadli-zon-cerita-bawa-fosil-manusia-jawa-ke-ri-sudah-136-tahun-di-belanda,Netral,0.0,,,,
2026-09-07 11:53:20,detikNews,Berita & Peristiwa,"Viral Asap Hitam Menyembur dari Dalam Tanah di Jakpus, Ini Penyebabnya",https://news.detik.com/berita/d-8651769/viral-asap-hitam-menyembur-dari-dalam-tanah-di-jakpus-ini-penyebabnya,Netral,0.0,,,,
2026-09-07 11:53:20,detikNews,Berita & Peristiwa,"Daftar 6 Gunung Berstatus Siaga Saat Ini, Termasuk Anak Krakatau",https://news.detik.com/berita/d-8651785/daftar-6-gunung-berstatus-siaga-saat-ini-termasuk-anak-krakatau,Netral,0.0,,,,
2026-09-07 11:53:20,detikNews,Berita & Peristiwa,KPK Panggil Ketua dan Wakil Ketua DPRD Kota Bengkulu,https://news.detik.com/berita/d-8651811/kpk-panggil-ketua-dan-wakil-ketua-dprd-kota-bengkulu,Netral,0.0,,,,
2026-09-07 11:53:20,detikNews,Berita & Peristiwa,Waka Komisi IX DPR Minta Harga Masker Tak Naik Berlipat Imbas Abu Vulkanik,https://news.detik.com/berita/d-8651845/waka-komisi-ix-dpr-minta-harga-masker-tak-naik-berlipat-imbas-abu-vulkanik,Positif,100.0,,,,
2026-09-07 11:53:20,detikNews,Berita & Peristiwa,Sugiono Resmi Jadi Ketum PB IPSI 2026-2030 Gantikan Prabowo,https://news.detik.com/berita/d-8651764/sugiono-resmi-jadi-ketum-pb-ipsi-2026-2030-gantikan-prabowo,Netral,0.0,,,,
2026-09-07 11:53:20,iNews Nasional,Peristiwa & Hukum,Nasional 1 jam lalu Jumbo! Kerugian Maskapai akibat Erupsi Anak Krakatau Ditaksir Tembus Rp130 Miliar,https://www.inews.id/news/nasional/jumbo-kerugian-maskapai-akibat-erupsi-anak-krakatau-ditaksir-tembus-rp130-miliar,Netral,0.0,,,,
2026-09-07 11:53:20,Kompas.com Nasional,Nasional & Kebijakan,Kemensos Kaji Usulan Pencalonan Kakek Prabowo Jadi Pahlawan Nasional Nasional,https://nasional.kompas.com/read/2026/09/07/09465771/kemensos-kaji-usulan-pencalonan-kakek-prabowo-jadi-pahlawan-nasional,Netral,0.0,,,,
2026-09-07 11:53:20,Kompas.com Nasional,Nasional & Kebijakan,Imigrasi Amankan 55 Warga China Diduga Penyalahgunaan Izin Tinggal Nasional,https://nasional.kompas.com/read/2026/09/07/08373121/imigrasi-amankan-55-warga-china-diduga-penyalahgunaan-izin-tinggal,Netral,0.0,,,,
2026-09-07 11:53:20,Kompas.com Nasional,Nasional & Kebijakan,1 Penutupan Bandara Soekarno-Hatta Diperpanjang hingga Senin Pagi akibat Abu Vulkanik Megapolitan,https://megapolitan.kompas.com/read/2026/09/07/05351681/penutupan-bandara-soekarno-hatta-diperpanjang-hingga-senin-pagi-akibat,Netral,0.0,,,,
2026-09-07 11:53:20,iNews Nasional,Peristiwa & Hukum,"Nasional 1 jam lalu Erupsi Gunung Anak Krakatau Berakhir, Status Masih Siaga",https://www.inews.id/news/nasional/erupsi-gunung-anak-krakatau-berakhir-status-masih-siaga,Netral,0.0,,,,
2026-09-07 11:53:20,Kompas.com Nasional,Nasional & Kebijakan,Saatnya Merancang Omnibus Law Lingkungan Hidup dan Sumber Daya Alam Nasional,https://nasional.kompas.com/read/2026/09/07/11300021/saatnya-merancang-omnibus-law-lingkungan-hidup-dan-sumber-daya-alam,Netral,0.0,,,,
2026-09-07 11:53:20,iNews Nasional,Peristiwa & Hukum,"Nasional 2 jam lalu Anak Krakatau Erupsi, MUI Ajak Sisihkan Sebagian Rezeki dan Ringankan Korban Musibah",https://www.inews.id/news/nasional/anak-krakatau-erupsi-mui-ajak-sisihkan-sebagian-rezeki-dan-ringankan-korban-musibah,Netral,0.0,,,,
2026-09-07 11:53:20,iNews Nasional,Peristiwa & Hukum,"Nasional 2 jam lalu IDAI Keluarkan Peringatan Bahaya Abu Vulkanik Erupsi Gunung Anak Krakatau, Ini Pernyataannya!",https://www.inews.id/news/nasional/idai-keluarkan-peringatan-bahaya-abu-vulkanik-erupsi-gunung-anak-krakatau-ini-pernyataannya,Negatif,-100.0,,,,
2026-09-07 11:53:20,iNews Nasional,Peristiwa & Hukum,"Nasional 2 jam lalu PM Malaysia Anwar Ibrahim Telepon Jokowi, Sampaikan Solidaritas Erupsi Anak Krakatau dan Karhutla",https://www.inews.id/news/nasional/pm-malaysia-anwar-ibrahim-telepon-jokowi-sampaikan-solidaritas-erupsi-anak-krakatau-dan-karhutla,Netral,0.0,,,,
2026-09-07 11:53:20,detikNews,Berita & Peristiwa,BPBD Ungkap Hujan Abu Vulkanik Anak Krakatau di Pandeglang Mulai Berkurang,https://news.detik.com/berita/d-8651794/bpbd-ungkap-hujan-abu-vulkanik-anak-krakatau-di-pandeglang-mulai-berkurang,Netral,0.0,,,,
2026-09-07 11:53:20,iNews Nasional,Peristiwa & Hukum,"Nasional Bandara Ditutup Imbas Erupsi Anak Krakatau, Menko AHY: Keselamatan Penerbangan Tak Bisa Ditawar",https://www.inews.id/news/nasional/bandara-ditutup-imbas-erupsi-anak-krakatau-menko-ahy-keselamatan-penerbangan-tak-bisa-ditawar,Netral,0.0,,,,
2026-09-07 11:53:20,iNews Nasional,Peristiwa & Hukum,"Nasional 6 menit lalu Mendes Ungkap 34.323 Desa Bersinggungan dengan Kawasan Hutan, Ada yang 100%",https://www.inews.id/news/nasional/mendes-ungkap-34323-desa-bersinggungan-dengan-kawasan-hutan-ada-yang-100,Netral,0.0,,,,
2026-09-07 11:53:20,iNews Nasional,Peristiwa & Hukum,"Nasional 2 jam lalu Harga Emas Antam 7 September 2026 Turun, Termurah Dijual Rp1,3 Juta",https://www.inews.id/news/nasional/harga-emas-antam-7-september-2026-turun-termurah-dijual-rp13-juta,Negatif,-100.0,,,,
2026-09-07 11:53:20,Kompas.com Nasional,Nasional & Kebijakan,MBG Dihentikan di Sejumlah Daerah di Jabar imbas Erupsi Gunung Anak Krakatau Nasional,https://nasional.kompas.com/read/2026/09/07/11453061/mbg-dihentikan-di-sejumlah-daerah-di-jabar-imbas-erupsi-gunung-anak-krakatau,Netral,0.0,,,,
2026-09-07 11:53:20,SINDOnews Nasional,Nasional & Politik,"Humaniora Gunung Api Anak Krakatau Erupsi, MUI Minta Waspada dan Bantu Warga Terdampak",https://nasional.sindonews.com/read/1747053/15/gunung-api-anak-krakatau-erupsi-mui-minta-waspada-dan-bantu-warga-terdampak-1788739778,Positif,100.0,,,,
2026-09-07 11:53:20,iNews Nasional,Peristiwa & Hukum,"Nasional 23 menit lalu Utamakan Kesehatan Anak, Pemko Pekanbaru Terapkan PJJ 2 Hari sambil Pantau Kualitas Udara",https://www.inews.id/news/nasional/utamakan-kesehatan-anak-pemko-pekanbaru-terapkan-pjj-2-hari-sambil-pantau-kualitas-udara,Netral,0.0,,,,
2026-09-07 11:53:20,Kompas.com Nasional,Nasional & Kebijakan,Misteri Nasib 8 WNI yang Disebut Jadi Tentara Rusia... Nasional,https://nasional.kompas.com/read/2026/09/07/09074971/misteri-nasib-8-wni-yang-disebut-jadi-tentara-rusia,Netral,0.0,,,,
2026-09-07 11:53:20,Kompas.com Nasional,Nasional & Kebijakan,"8 Sekolah di Jakarta Terapkan PJJ Mulai Besok, Satuan Pendidikan Diminta Lakukan Pemantauan Megapolitan",https://megapolitan.kompas.com/read/2026/09/06/18292711/sekolah-di-jakarta-terapkan-pjj-mulai-besok-satuan-pendidikan-diminta,Netral,0.0,,,,
2026-09-07 11:53:20,iNews Nasional,Peristiwa & Hukum,"Nasional 1 jam lalu Menko Polkam Kumpulkan Kapolri, Panglima TNI hingga Jaksa Agung, Bahas Apa?",https://www.inews.id/news/nasional/menko-polkam-kumpulkan-kapolri-panglima-tni-hingga-jaksa-agung-bahas-apa,Netral,0.0,,,,
2026-09-07 11:53:20,Kompas.com Nasional,Nasional & Kebijakan,"Perubahan Iklim, ""Pranata Mangsa"", dan Urgensi Ekologi Hibrida Nasional",https://nasional.kompas.com/read/2026/09/07/10030041/perubahan-iklim-pranata-mangsa-dan-urgensi-ekologi-hibrida,Netral,0.0,,,,
2026-09-07 11:53:20,Kompas.com Nasional,Nasional & Kebijakan,KPK Panggil 2 Anggota DPRD Bengkulu Jadi Saksi Kasus Suap Pemkab Rejang Lebong Nasional,https://nasional.kompas.com/read/2026/09/07/11072031/kpk-panggil-2-anggota-dprd-bengkulu-jadi-saksi-kasus-suap-pemkab-rejang,Negatif,-100.0,,,,
2026-09-07 11:53:20,detikNews,Berita & Peristiwa,Kejagung Minta Hakim Tolak Gugatan Eks Waka BGN Lodewyk Terkait Penyitaan,https://news.detik.com/berita/d-8651855/kejagung-minta-hakim-tolak-gugatan-eks-waka-bgn-lodewyk-terkait-penyitaan,Negatif,-100.0,,,,
2026-09-07 11:53:20,Kompas.com Nasional,Nasional & Kebijakan,Erupsi Anak Krakatau di Tengah Kerentanan Transportasi Selat Sunda Nasional,https://nasional.kompas.com/read/2026/09/07/08400061/erupsi-anak-krakatau-di-tengah-kerentanan-transportasi-selat-sunda,Netral,0.0,,,,
2026-09-07 11:53:20,Kompas.com Nasional,Nasional & Kebijakan,Moratorium HGU dan Ketidakpastian Investasi Nasional,https://nasional.kompas.com/read/2026/09/07/10500051/moratorium-hgu-dan-ketidakpastian-investasi,Netral,0.0,,,,
2026-09-07 11:53:20,Kompas.com Nasional,Nasional & Kebijakan,"Erupsi Anak Krakatau, Kemenhaj: Penyelenggara Umrah Jangan Paksa Keberangkatan Nasional",https://nasional.kompas.com/read/2026/09/07/10484341/erupsi-anak-krakatau-kemenhaj-penyelenggara-umrah-jangan-paksa-keberangkatan,Netral,0.0,,,,
2026-09-07 11:53:20,Kompas.com Nasional,Nasional & Kebijakan,Ahli: Sulit Prediksi Kapan Hujan Abu Vulkanik Anak Krakatau Berakhir Nasional,https://nasional.kompas.com/read/2026/09/07/10362031/ahli-sulit-prediksi-kapan-hujan-abu-vulkanik-anak-krakatau-berakhir,Netral,0.0,,,,
2026-09-07 11:53:20,Kompas.com Nasional,Nasional & Kebijakan,Biro Umrah Diminta Tak Telantarkan Jemaah yang Terdampak Erupsi Anak Krakatau Nasional,https://nasional.kompas.com/read/2026/09/07/10225481/biro-umrah-diminta-tak-telantarkan-jemaah-yang-terdampak-erupsi-anak,Netral,0.0,,,,
2026-09-07 11:53:20,Kompas.com Nasional,Nasional & Kebijakan,Menteri Imipas Percepat Pemulangan 46 Pekerja WNI Bermasalah dari Malaysia Nasional,https://nasional.kompas.com/read/2026/09/07/09272921/menteri-imipas-percepat-pemulangan-46-pekerja-wni-bermasalah-dari-malaysia,Netral,0.0,,,,
2026-09-07 08:25:26,Kompas.com Nasional,Nasional & Kebijakan,Momen Akrab Jokowi dengan Anwar Ibrahim dan Xanana Gusmao Nasional,https://nasional.kompas.com/read/2026/09/07/08164661/momen-akrab-jokowi-dengan-anwar-ibrahim-dan-xanana-gusmao,Netral,0.0,,,,
2026-09-07 08:25:26,Kompas.com Nasional,Nasional & Kebijakan,"Gugatan UU Pilkada ke MK, Ambang Batas Dinilai Picu Calon Tunggal vs Kotak Kosong Nasional",https://nasional.kompas.com/read/2026/09/07/08184491/gugatan-uu-pilkada-ke-mk-ambang-batas-dinilai-picu-calon-tunggal-vs-kotak,Netral,0.0,,,,
2026-09-07 08:16:31,Kompas.com Nasional,Nasional & Kebijakan,Memaknai Ulang Rentetan Erupsi Nusantara Nasional,https://nasional.kompas.com/read/2026/09/07/08050081/memaknai-ulang-rentetan-erupsi-nusantara,Netral,0.0,,,,
2026-09-07 08:16:31,Kompas.com Nasional,Nasional & Kebijakan,"RUU Perampasan Aset: Narasi ""Menunggangi"" di Balik Aksi Botok Cs Nasional",https://nasional.kompas.com/read/2026/09/07/07000041/ruu-perampasan-aset--narasi-menunggangi-di-balik-aksi-botok-cs,Netral,0.0,,,,
2026-09-07 08:16:31,Kompas.com Nasional,Nasional & Kebijakan,BGN Sesuaikan Sementara MBG di Wilayah Terdampak Erupsi Anak Krakatau Nasional,https://nasional.kompas.com/read/2026/09/07/06251211/bgn-sesuaikan-sementara-mbg-di-wilayah-terdampak-erupsi-anak-krakatau,Netral,0.0,,,,
2026-09-07 08:16:31,detikNews,Berita & Peristiwa,Terungkap Akses Jadi Celah Eks Karyawan Kuras Duit Vilmei Miliaran,https://news.detik.com/berita/d-8651549/terungkap-akses-jadi-celah-eks-karyawan-kuras-duit-vilmei-miliaran,Netral,0.0,,,,
2026-09-07 08:16:31,detikNews,Berita & Peristiwa,"Efek Domino Abu Anak Krakatau: Penerbangan, Udara Jakarta hingga Sekolah",https://news.detik.com/berita/d-8651512/efek-domino-abu-anak-krakatau-penerbangan-udara-jakarta-hingga-sekolah,Netral,0.0,,,,
2026-09-07 08:16:31,detikNews,Berita & Peristiwa,"Mau Ambil Air, Wanita di Sukabumi Terseret Kereta hingga Jatuh ke Jurang",https://news.detik.com/berita/d-8651546/mau-ambil-air-wanita-di-sukabumi-terseret-kereta-hingga-jatuh-ke-jurang,Netral,0.0,,,,
2026-09-07 08:16:31,detikNews,Berita & Peristiwa,Wamenaker Imbau Pekerja Pakai Masker Imbas Abu Vulkanik Anak Krakatau,https://news.detik.com/berita/d-8651531/wamenaker-imbau-pekerja-pakai-masker-imbas-abu-vulkanik-anak-krakatau,Netral,0.0,,,,
2026-09-07 08:16:31,detikNews,Berita & Peristiwa,Arahan Prabowo Tangani Erupsi Anak Krakatau untuk Jajaran,https://news.detik.com/berita/d-8651520/arahan-prabowo-tangani-erupsi-anak-krakatau-untuk-jajaran,Netral,0.0,,,,
2026-09-07 08:16:31,Kompas.com Nasional,Nasional & Kebijakan,Uneg-uneg Kepala Daerah Nasional,https://nasional.kompas.com/read/2026/09/07/05480051/uneg-uneg-kepala-daerah,Netral,0.0,,,,
2026-09-07 08:16:31,Kompas.com Nasional,Nasional & Kebijakan,Demokrat Respons 3 Kadernya yang Pindah ke Nasdem karena Mahar Politik Nasional,https://nasional.kompas.com/read/2026/09/07/07235711/demokrat-respons-3-kadernya-yang-pindah-ke-nasdem-karena-mahar-politik,Netral,0.0,,,,
2026-09-07 08:16:31,Kompas.com Nasional,Nasional & Kebijakan,"Erupsi Anak Krakatau: Bandara Terganggu, 5 Provinsi Terdampak Abu Vulkanik Nasional",https://nasional.kompas.com/read/2026/09/07/07174681/erupsi-anak-krakatau-bandara-terganggu-5-provinsi-terdampak-abu-vulkanik,Netral,0.0,,,,
2026-09-07 08:16:31,Kompas.com Nasional,Nasional & Kebijakan,Karhutla dan Keadilan untuk Masyarakat Adat Nasional,https://nasional.kompas.com/read/2026/09/07/06250001/karhutla-dan-keadilan-untuk-masyarakat-adat,Netral,0.0,,,,
2026-09-07 08:16:31,iNews Nasional,Peristiwa & Hukum,"Nasional Erupsi Anak Krakatau, Kapolri Instruksikan Jajaran Gerak Cepat Bantu Masyarakat",https://www.inews.id/news/nasional/erupsi-anak-krakatau-kapolri-instruksikan-jajaran-gerak-cepat-bantu-masyarakat,Positif,100.0,,,,
2026-09-07 08:16:31,detikNews,Berita & Peristiwa,Sederet Ancaman Sanksi DPD Terkait Arya Wedakarna Hadiri Kontes Transgender,https://news.detik.com/berita/d-8651506/sederet-ancaman-sanksi-dpd-terkait-arya-wedakarna-hadiri-kontes-transgender,Negatif,-100.0,,,,
2026-09-07 08:16:31,Kompas.com Nasional,Nasional & Kebijakan,Dari 400.000 Dolar dan Permintaan Oleh-oleh Anggota DPR dalam Kesaksian Gus Alex Nasional,https://nasional.kompas.com/read/2026/09/07/05254271/dari-400000-dolar-dan-permintaan-oleh-oleh-anggota-dpr-dalam-kesaksian-gus,Netral,0.0,,,,
2026-09-07 08:16:31,Kompas.com Nasional,Nasional & Kebijakan,"10 Abu Vulkanik Anak Krakatau Selimuti Jakarta, Warga Pakai Masker Saat CFD Bundaran HI Megapolitan",https://megapolitan.kompas.com/read/2026/09/06/08211891/abu-vulkanik-anak-krakatau-selimuti-jakarta-warga-pakai-masker-saat-cfd,Netral,0.0,,,,
2026-09-07 08:16:31,SINDOnews Nasional,Nasional & Politik,"Hankam Brigjen Pol Dimutasi Kapolri pada Agustus 2026, Ini Namanya",https://nasional.sindonews.com/read/1747033/14/brigjen-pol-dimutasi-kapolri-pada-agustus-2026-ini-namanya-1788732594,Netral,0.0,,,,
2026-09-07 08:16:31,iNews Nasional,Peristiwa & Hukum,"Megapolitan Rumah Anies Baswedan di Lebak Bulus Dipenuhi Abu Vulkanik Anak Krakatau, Ini Fotonya!",https://www.inews.id/news/megapolitan/rumah-anies-baswedan-di-lebak-bulus-dipenuhi-abu-vulkanik-anak-krakatau-ini-fotonya,Netral,0.0,,,,
2026-09-07 08:16:31,iNews Nasional,Peristiwa & Hukum,"Nasional 11 menit lalu Terdampak Erupsi Anak Krakatau, Penumpang Pesawat Dapat Fasilitas Bus Gratis ke Bandara Alternatif",https://www.inews.id/news/nasional/terdampak-erupsi-anak-krakatau-penumpang-pesawat-dapat-fasilitas-bus-gratis-ke-bandara-alternatif,Positif,100.0,,,,
2026-09-07 08:16:31,iNews Nasional,Peristiwa & Hukum,"Nasional 53 menit lalu Pakar Ungkap Bahaya Abu Vulkanik Anak Krakatau bagi Penerbangan, Bikin Mesin Pesawat Mati",https://www.inews.id/news/nasional/pakar-ungkap-bahaya-abu-vulkanik-anak-krakatau-bagi-penerbangan-bikin-mesin-pesawat-mati,Negatif,-100.0,,,,
2026-09-07 08:16:31,iNews Nasional,Peristiwa & Hukum,"Nasional 1 jam lalu Daftar Harga BBM Pertamina 7 September 2026, Lengkap Pertalite hingga Pertamax",https://www.inews.id/news/nasional/daftar-harga-bbm-pertamina-7-september-2026-lengkap-pertalite-hingga-pertamax,Netral,0.0,,,,
2026-09-07 08:16:31,iNews Nasional,Peristiwa & Hukum,"Nasional 1 jam lalu Cerita Penumpang Pesawat Terdampak Erupsi Anak Krakatau, Batal Terbang dari Soetta ke Pekanbaru",https://www.inews.id/news/nasional/cerita-penumpang-pesawat-terdampak-erupsi-anak-krakatau-batal-terbang-dari-soetta-ke-pekanbaru,Netral,0.0,,,,
2026-09-07 08:16:31,detikNews,Berita & Peristiwa,"Atasi Debu Vulkanik Anak Krakatau, Polda Metro Semprot Air di Jalanan",https://news.detik.com/berita/d-8651536/atasi-debu-vulkanik-anak-krakatau-polda-metro-semprot-air-di-jalanan,Netral,0.0,,,,
2026-09-07 08:16:31,Kompas.com Nasional,Nasional & Kebijakan,Upaya Pemerintah Tangani Dampak Erupsi Anak Krakatau Nasional,https://nasional.kompas.com/read/2026/09/07/06173631/upaya-pemerintah-tangani-dampak-erupsi-anak-krakatau,Netral,0.0,,,,
2026-09-07 08:16:31,Kompas.com Nasional,Nasional & Kebijakan,"UU Pilkada Digugat ke MK, Minta Ambang Batas Pencalonan Dihapus Nasional",https://nasional.kompas.com/read/2026/09/07/06510921/uu-pilkada-digugat-ke-mk-minta-ambang-batas-pencalonan-dihapus,Netral,0.0,,,,
2026-09-07 06:17:58,detikNews,Berita & Peristiwa,Update Dampak Erupsi Anak Krakatau Senin Pagi: 6 Bandara Masih Ditutup,https://news.detik.com/berita/d-8651502/update-dampak-erupsi-anak-krakatau-senin-pagi-6-bandara-masih-ditutup,Netral,0.0,,,,
2026-09-07 06:17:58,detikNews,Berita & Peristiwa,Erupsi Gunung Anak Krakatau dalam Angka,https://news.detik.com/berita/d-8651499/erupsi-gunung-anak-krakatau-dalam-angka,Netral,0.0,,,,
2026-09-07 06:17:58,detikNews,Berita & Peristiwa,Sampai Mana Abu Vulkanik Anak Krakatau Menyebar? Ini Kata BMKG,https://news.detik.com/berita/d-8651493/sampai-mana-abu-vulkanik-anak-krakatau-menyebar-ini-kata-bmkg,Netral,0.0,,,,
2026-09-07 06:17:58,detikNews,Berita & Peristiwa,"Pesawat Tabrak Mobil di Bandara Miami hingga Terbakar, 5 Orang Tewas",https://news.detik.com/internasional/d-8651491/pesawat-tabrak-mobil-di-bandara-miami-hingga-terbakar-5-orang-tewas,Negatif,-100.0,,,,
2026-09-07 06:17:58,iNews Nasional,Peristiwa & Hukum,"Nasional 18 menit lalu RUU Pelindungan Ketenagakerjaan Ditargetkan Rampung Bulan Depan, Lindungi Kaum Pekerja",https://www.inews.id/news/nasional/ruu-pelindungan-ketenagakerjaan-ditargetkan-rampung-bulan-depan-lindungi-kaum-pekerja,Netral,0.0,,,,
2026-09-07 04:47:01,detikNews,Berita & Peristiwa,"Komunitas Sepeda di Jakpus Ditipu, Diajak Ngonten TikTok lalu HP Dibawa Kabur",https://news.detik.com/berita/d-8651485/komunitas-sepeda-di-jakpus-ditipu-diajak-ngonten-tiktok-lalu-hp-dibawa-kabur,Netral,0.0,,,,
2026-09-07 04:47:01,detikNews,Berita & Peristiwa,Bocah di Ponorogo Tewas Tertimpa Tembok saat Asyik Main Petak Umpet,https://news.detik.com/berita/d-8651488/bocah-di-ponorogo-tewas-tertimpa-tembok-saat-asyik-main-petak-umpet,Negatif,-100.0,,,,
2026-09-07 04:47:01,detikNews,Berita & Peristiwa,Sekolah di Cilegon dan Pandeglang Juga Terapkan PJJ Buntut Erupsi Anak Krakatau,https://news.detik.com/berita/d-8651486/sekolah-di-cilegon-dan-pandeglang-juga-terapkan-pjj-buntut-erupsi-anak-krakatau,Netral,0.0,,,,
2026-09-07 02:39:14,detikNews,Berita & Peristiwa,4 Bandara Ini Masih Ditutup hingga Senin Pagi Imbas Erupsi Anak Krakatau,https://news.detik.com/berita/d-8651482/4-bandara-ini-masih-ditutup-hingga-senin-pagi-imbas-erupsi-anak-krakatau,Netral,0.0,,,,
2026-09-07 02:39:14,detikNews,Berita & Peristiwa,"Aksi Maling di Pedan Klaten, Motor Korban 'Ditukar' Sepeda Ontel",https://news.detik.com/berita/d-8651481/aksi-maling-di-pedan-klaten-motor-korban-ditukar-sepeda-ontel,Netral,0.0,,,,
2026-09-07 02:39:14,Kompas.com Nasional,Nasional & Kebijakan,"9 Ramai soal Gas SO2 Anak Krakatau Mengarah ke Jabodetabek dan Banten, Begini Penjelasan Badan Geologi Regional",https://regional.kompas.com/read/2026/09/06/190943978/ramai-soal-gas-so2-anak-krakatau-mengarah-ke-jabodetabek-dan-banten-begini,Netral,0.0,,,,
2026-09-07 02:39:14,iNews Nasional,Peristiwa & Hukum,"Nasional 38 menit lalu Sejarah Letusan Dahsyat Gunung Krakatau Tahun 1883, Dampaknya Sampai Eropa",https://www.inews.id/news/nasional/sejarah-letusan-dahsyat-gunung-krakatau-tahun-1883-dampaknya-sampai-eropa,Netral,0.0,,,,
2026-09-07 01:52:35,detikNews,Berita & Peristiwa,"Abu Vulkanik Anak Krakatau Sampai Bogor, Polsek-polsek Bagikan Masker ke Warga",https://news.detik.com/berita/d-8651471/abu-vulkanik-anak-krakatau-sampai-bogor-polsek-polsek-bagikan-masker-ke-warga,Netral,0.0,,,,
2026-09-07 01:52:35,detikNews,Berita & Peristiwa,"Cegah Dampak Karhutla, Pemkot Pekanbaru Terapkan 2 Hari PJJ untuk TK-SMP",https://news.detik.com/berita/d-8651458/cegah-dampak-karhutla-pemkot-pekanbaru-terapkan-2-hari-pjj-untuk-tk-smp,Netral,0.0,,,,
2026-09-07 01:52:35,detikNews,Berita & Peristiwa,"Antisipasi Abu Erupsi Anak Krakatau, TK-SMP di Kota Bogor Terapkan 2 Hari PJJ",https://news.detik.com/berita/d-8651464/antisipasi-abu-erupsi-anak-krakatau-tk-smp-di-kota-bogor-terapkan-2-hari-pjj,Netral,0.0,,,,
2026-09-07 01:52:35,detikNews,Berita & Peristiwa,"Dalih Pelaku saat Bunuh Mozza Axillia, Sempat 'Survei' Tempat Buang Korban",https://news.detik.com/berita/d-8651476/dalih-pelaku-saat-bunuh-mozza-axillia-sempat-survei-tempat-buang-korban,Negatif,-100.0,,,,
2026-09-07 01:52:35,detikNews,Berita & Peristiwa,"Gunung Ibu di Malut Juga Erupsi Minggu Malam, Status Waspada",https://news.detik.com/berita/d-8651478/gunung-ibu-di-malut-juga-erupsi-minggu-malam-status-waspada,Netral,0.0,,,,
2026-09-07 01:52:35,detikNews,Berita & Peristiwa,"Gempa M 3,1 Terjadi di Banten",https://news.detik.com/berita/d-8651474/gempa-m-3-1-terjadi-di-banten,Negatif,-100.0,,,,
2026-09-07 01:52:35,detikNews,Berita & Peristiwa,Pengumuman! Bandara Soetta Ditutup hingga Senin Pagi Imbas Erupsi Anak Krakatau,https://news.detik.com/berita/d-8651468/pengumuman-bandara-soetta-ditutup-hingga-senin-pagi-imbas-erupsi-anak-krakatau,Netral,0.0,,,,
2026-09-07 01:52:35,SINDOnews Nasional,Nasional & Politik,Humaniora BGN Setop Sementara MBG di Daerah Terapkan PJJ Imbas Erupsi Anak Krakatau,https://nasional.sindonews.com/read/1747015/15/bgn-setop-sementara-mbg-di-daerah-terapkan-pjj-imbas-erupsi-anak-krakatau-1788707390,Netral,0.0,,,,
2026-09-07 01:52:35,SINDOnews Nasional,Nasional & Politik,"Humaniora Bahaya Abu Vulkanik Erupsi Anak Krakatau bagi Penerbangan, Bisa Bikin Mesin Pesawat Mati",https://nasional.sindonews.com/read/1747019/15/bahaya-abu-vulkanik-erupsi-anak-krakatau-bagi-penerbangan-bisa-bikin-mesin-pesawat-mati-1788710949,Negatif,-100.0,,,,
2026-09-07 01:52:35,iNews Nasional,Peristiwa & Hukum,"Nasional 43 menit lalu Volume Transaksi QRIS Tembus 15 Miliar hingga Juli 2026, Pengguna Capai 67 Juta",https://www.inews.id/news/nasional/volume-transaksi-qris-tembus-15-miliar-hingga-juli-2026-pengguna-capai-67-juta,Netral,0.0,,,,
2026-09-07 01:52:35,iNews Nasional,Peristiwa & Hukum,Nasional 2 jam lalu 3 Pelabuhan Banten Tetap Beroperasi di Tengah Erupsi Gunung Anak Krakatau,https://www.inews.id/news/nasional/3-pelabuhan-banten-tetap-beroperasi-di-tengah-erupsi-gunung-anak-krakatau,Netral,0.0,,,,
2026-09-07 01:52:35,Kompas.com Nasional,Nasional & Kebijakan,9 Sekolah di Jakarta Berlakukan PJJ Mulai Senin akibat Abu Vulkanik Anak Krakatau Megapolitan,https://megapolitan.kompas.com/read/2026/09/06/17205831/sekolah-di-jakarta-berlakukan-pjj-mulai-senin-akibat-abu-vulkanik-anak,Netral,0.0,,,,
2026-09-07 01:52:35,Kompas.com Nasional,Nasional & Kebijakan,"10 Sugiono Resmi Gantikan Prabowo Jadi Ketum PB IPSI, Edhy Prabowo Jadi Ketua Harian Nasional",https://nasional.kompas.com/read/2026/09/06/10590141/sugiono-resmi-gantikan-prabowo-jadi-ketum-pb-ipsi-edhy-prabowo-jadi-ketua,Netral,0.0,,,,
2026-09-07 01:52:35,iNews Nasional,Peristiwa & Hukum,Nasional BGN Setop Sementara MBG di Daerah yang Terapkan PJJ Imbas Erupsi Anak Krakatau,https://www.inews.id/news/nasional/bgn-setop-sementara-mbg-di-daerah-yang-terapkan-pjj-imbas-erupsi-anak-krakatau,Netral,0.0,,,,
2026-09-06 23:30:24,detikNews,Berita & Peristiwa,"Depok Juga Terdampak Abu Anak Krakatau, Polisi Turun Bagikan Masker",https://news.detik.com/berita/d-8651408/depok-juga-terdampak-abu-anak-krakatau-polisi-turun-bagikan-masker,Negatif,-100.0,,,,
2026-09-06 23:30:24,detikNews,Berita & Peristiwa,"Soetta Lengang Usai Ditutup Imbas Erupsi Anak Krakatau, Ada Penumpang Bertahan",https://news.detik.com/berita/d-8651440/soetta-lengang-usai-ditutup-imbas-erupsi-anak-krakatau-ada-penumpang-bertahan,Netral,0.0,,,,
2026-09-06 23:30:24,detikNews,Berita & Peristiwa,Penjambret Samsung S25 Milik Turis India di Menteng Ditangkap,https://news.detik.com/berita/d-8651345/penjambret-samsung-s25-milik-turis-india-di-menteng-ditangkap,Netral,0.0,,,,
2026-09-06 23:30:24,detikNews,Berita & Peristiwa,"Abu Vulkanik Anak Krakatau Meluas, Waka MPR: Warga Harus Terlindungi",https://news.detik.com/berita/d-8651377/abu-vulkanik-anak-krakatau-meluas-waka-mpr-warga-harus-terlindungi,Netral,0.0,,,,
2026-09-06 23:30:24,detikNews,Berita & Peristiwa,"Soetta Terdampak Abu Anak Krakatau, Polisi Buka Posko Kesehatan-Bagikan Masker",https://news.detik.com/berita/d-8651384/soetta-terdampak-abu-anak-krakatau-polisi-buka-posko-kesehatan-bagikan-masker,Netral,0.0,,,,
2026-09-06 23:30:24,detikNews,Berita & Peristiwa,"Dampak Abu Anak Krakatau: 8 Bandara Ditutup, 1.558 Penerbangan Ditunda",https://news.detik.com/berita/d-8651391/dampak-abu-anak-krakatau-8-bandara-ditutup-1-558-penerbangan-ditunda,Netral,0.0,,,,
2026-09-06 23:30:24,detikNews,Berita & Peristiwa,Water Cannon Polda Metro Semprot Jalanan Kurangi Sebaran Abu Anak Krakatau,https://news.detik.com/berita/d-8651392/water-cannon-polda-metro-semprot-jalanan-kurangi-sebaran-abu-anak-krakatau,Netral,0.0,,,,
2026-09-06 23:30:24,detikNews,Berita & Peristiwa,SMA-SMK di Banten Berlakukan PJJ 3 Hari Buntut Erupsi Anak Krakatau,https://news.detik.com/berita/d-8651444/sma-smk-di-banten-berlakukan-pjj-3-hari-buntut-erupsi-anak-krakatau,Netral,0.0,,,,
2026-09-06 23:30:24,detikNews,Berita & Peristiwa,PAUD hingga SMP di Depok Terapkan 2 Hari PJJ Imbas Erupsi Anak Krakatau,https://news.detik.com/berita/d-8651413/paud-hingga-smp-di-depok-terapkan-2-hari-pjj-imbas-erupsi-anak-krakatau,Netral,0.0,,,,
2026-09-06 23:30:24,detikNews,Berita & Peristiwa,119 Ribu Penumpang-923 Penerbangan di Soetta Terdampak Erupsi Anak Krakatau,https://news.detik.com/berita/d-8651314/119-ribu-penumpang-923-penerbangan-di-soetta-terdampak-erupsi-anak-krakatau,Netral,0.0,,,,
2026-09-06 23:30:24,iNews Nasional,Peristiwa & Hukum,"Nasional 1 jam lalu Selain Soetta, 7 Bandara Ini Ditutup hingga Tengah Malam Imbas Abu Vulkanik Anak Krakatau",https://www.inews.id/news/nasional/selain-soetta-7-bandara-ini-ditutup-hingga-tengah-malam-imbas-abu-vulkanik-anak-krakatau,Netral,0.0,,,,
2026-09-06 23:30:24,detikNews,Berita & Peristiwa,Fakta Terkini Kasus Pemerkosaan Gadis Korban Gempa di Sikka,https://news.detik.com/berita/d-8651361/fakta-terkini-kasus-pemerkosaan-gadis-korban-gempa-di-sikka,Negatif,-100.0,,,,
2026-09-06 23:30:24,detikNews,Berita & Peristiwa,"Abu Anak Krakatau Meluas, Pembelajaran di Sekolah Tangsel Tetap Normal",https://news.detik.com/berita/d-8651380/abu-anak-krakatau-meluas-pembelajaran-di-sekolah-tangsel-tetap-normal,Positif,15.0,,,,
2026-09-06 23:30:24,detikNews,Berita & Peristiwa,Pertamina Eco RunFest 2026 Jadi Gerakan Sehatkan Manusia dan Lingkungan,https://news.detik.com/berita/d-8651318/pertamina-eco-runfest-2026-jadi-gerakan-sehatkan-manusia-dan-lingkungan,Netral,0.0,,,,
2026-09-06 23:30:24,detikNews,Berita & Peristiwa,Pagi Berdebu Warga Jakarta dan Sekitar Buntut Abu Vulkanik Anak Krakatau,https://news.detik.com/berita/d-8651415/pagi-berdebu-warga-jakarta-dan-sekitar-buntut-abu-vulkanik-anak-krakatau,Netral,0.0,,,,
2026-09-06 23:30:24,detikNews,Berita & Peristiwa,"Hari Pelanggan, Pegadaian Usung Semangat Tenang Saja Bersama Tring!",https://news.detik.com/berita/d-8651381/hari-pelanggan-pegadaian-usung-semangat-tenang-saja-bersama-tring,Netral,0.0,,,,
2026-09-06 23:30:24,Kompas.com Nasional,Nasional & Kebijakan,"10 Relawan Yes, Partai Politik No Nasional",https://nasional.kompas.com/read/2026/09/06/11220001/relawan-yes-partai-politik-no,Netral,0.0,,,,
2026-09-06 23:30:24,Kompas.com Nasional,Nasional & Kebijakan,Instruksi Kapolri soal Abu Vulkanik Anak Krakatau: Siaga Bantu Masyarakat Nasional,https://nasional.kompas.com/read/2026/09/06/21233171/instruksi-kapolri-soal-abu-vulkanik-anak-krakatau-siaga-bantu-masyarakat,Positif,100.0,,,,
2026-09-06 23:30:24,SINDOnews Nasional,Nasional & Politik,Humaniora Kementerian Kebudayaan Umumkan Pemenang Film Narasi Kepahlawanan 2026,https://nasional.sindonews.com/read/1747003/15/kementerian-kebudayaan-umumkan-pemenang-film-narasi-kepahlawanan-2026-1788703759,Netral,0.0,,,,
2026-09-06 23:30:24,SINDOnews Nasional,Nasional & Politik,Politik Anwar Ibrahim Telepon Jokowi soal Karhutla dan Erupsi Anak Krakatau,https://nasional.sindonews.com/read/1746975/12/anwar-ibrahim-telepon-jokowi-soal-karhutla-dan-erupsi-anak-krakatau-1788696583,Netral,0.0,,,,
2026-09-06 23:30:24,detikNews,Berita & Peristiwa,Pilu Sekeluarga Jadi Korban Jiwa Kecelakaan Beruntun di Jakbar,https://news.detik.com/berita/d-8651288/pilu-sekeluarga-jadi-korban-jiwa-kecelakaan-beruntun-di-jakbar,Negatif,-100.0,,,,
2026-09-06 23:30:24,detikNews,Berita & Peristiwa,Water Mist Disemprot di Jalanan Jakarta Imbas Abu Vulkanik Anak Krakatau,https://news.detik.com/berita/d-8651284/water-mist-disemprot-di-jalanan-jakarta-imbas-abu-vulkanik-anak-krakatau,Netral,0.0,,,,
2026-09-06 23:30:24,Kompas.com Nasional,Nasional & Kebijakan,Cerita Sekjen PKS soal Kondisi Terkini Korban Gempa di Manggarai NTT Nasional,https://nasional.kompas.com/read/2026/09/06/22330071/cerita-sekjen-pks-soal-kondisi-terkini-korban-gempa-di-manggarai-ntt,Negatif,-100.0,,,,
2026-09-06 23:30:24,Kompas.com Nasional,Nasional & Kebijakan,"Hadapi Erupsi Gunung Anak Krakatau, Polri Siapkan 299 Polisi dan 10 Anjing K9 Nasional",https://nasional.kompas.com/read/2026/09/06/21410871/hadapi-erupsi-gunung-anak-krakatau-polri-siapkan-299-polisi-dan-10-anjing-k9,Netral,0.0,,,,
2026-09-06 23:30:24,Kompas.com Nasional,Nasional & Kebijakan,"Semeru-Anak Krakatau Erupsi, Negara Diminta Hadir Sejak Tanda Ancaman Terdeteksi Nasional",https://nasional.kompas.com/read/2026/09/06/20221821/semeru-anak-krakatau-erupsi-negara-diminta-hadir-sejak-tanda-ancaman,Negatif,-100.0,,,,
2026-09-06 23:30:24,SINDOnews Nasional,Nasional & Politik,Politik Mahfuz Sidik Prediksi Bakal Terjadi Perang Dingin Baru Antara Amerika vs China,https://nasional.sindonews.com/read/1746983/12/mahfuz-sidik-prediksi-bakal-terjadi-perang-dingin-baru-antara-amerika-vs-china-1788700183,Netral,0.0,,,,
2026-09-06 23:30:24,iNews Nasional,Peristiwa & Hukum,"Nasional 3 jam lalu PVMBG Ingatkan Potensi Letusan Gunung Anak Krakatau Masih Tinggi, Warga Dilarang Masuk Radius 3 Km",https://www.inews.id/news/nasional/pvmbg-ingatkan-potensi-letusan-gunung-anak-krakatau-masih-tinggi-warga-dilarang-masuk-radius-3-km,Netral,0.0,,,,
2026-09-06 23:30:24,detikNews,Berita & Peristiwa,"Abu Vulkanik Anak Krakatau Sampai ke Bekasi, Polisi Bagikan Masker",https://news.detik.com/berita/d-8651295/abu-vulkanik-anak-krakatau-sampai-ke-bekasi-polisi-bagikan-masker,Netral,0.0,,,,
2026-09-06 23:30:24,iNews Nasional,Peristiwa & Hukum,"Nasional 2 jam lalu Gunung Anak Krakatau Erupsi, Sekolah di Serang dan Pandeglang Terapkan PJJ Mulai Besok",https://www.inews.id/news/nasional/gunung-anak-krakatau-erupsi-sekolah-di-serang-dan-pandeglang-terapkan-pjj-mulai-besok,Netral,0.0,,,,
2026-09-06 23:30:24,detikNews,Berita & Peristiwa,"Gunung Ili Lewotolok di NTT Erupsi Malam Ini, Semburan Abu Capai 500 M",https://news.detik.com/berita/d-8651450/gunung-ili-lewotolok-di-ntt-erupsi-malam-ini-semburan-abu-capai-500-m,Netral,0.0,,,,
2026-09-06 23:30:24,iNews Nasional,Peristiwa & Hukum,"Nasional Gunung Anak Krakatau Erupsi Lagi Malam Ini, Status Siaga",https://www.inews.id/news/nasional/gunung-anak-krakatau-erupsi-lagi-malam-ini-status-siaga,Netral,0.0,,,,
2026-09-06 20:22:26,detikNews,Berita & Peristiwa,Polisi-Damkar Semprot Jalan di Bogor Antisipasi Dampak Abu Anak Krakatau,https://news.detik.com/berita/d-8651053/polisi-damkar-semprot-jalan-di-bogor-antisipasi-dampak-abu-anak-krakatau,Netral,0.0,,,,
2026-09-06 20:22:26,detikNews,Berita & Peristiwa,Tito Imbau Pemda Waspada Pascaerupsi Anak Krakatau: Hindari Kepanikan,https://news.detik.com/berita/d-8651275/tito-imbau-pemda-waspada-pascaerupsi-anak-krakatau-hindari-kepanikan,Netral,0.0,,,,
2026-09-06 20:22:26,Kompas.com Nasional,Nasional & Kebijakan,"Pascaerupsi Gunung Anak Krakatau, Mendagri Imbau Pemda Terdampak Tingkatkan Kewaspadaan Nasional",https://nasional.kompas.com/read/2026/09/06/20124221/pascaerupsi-gunung-anak-krakatau-mendagri-imbau-pemda-terdampak-tingkatkan,Netral,0.0,,,,
2026-09-06 20:22:26,detikNews,Berita & Peristiwa,"Gunung Anak Krakatau Erupsi, Kenneth DPRD DKI Imbau Warga Jakarta Tak Panik tapi Tetap Waspada",https://news.detik.com/berita/d-8651066/gunung-anak-krakatau-erupsi-kenneth-dprd-dki-imbau-warga-jakarta-tak-panik-tapi-tetap-waspada,Negatif,-100.0,,,,
2026-09-06 20:22:26,detikNews,Berita & Peristiwa,Mendikdasmen: Sekolah Terdampak Berat Erupsi Anak Krakatau Bisa Terapkan PJJ,https://news.detik.com/berita/d-8651044/mendikdasmen-sekolah-terdampak-berat-erupsi-anak-krakatau-bisa-terapkan-pjj,Netral,0.0,,,,
2026-09-06 20:22:26,detikNews,Berita & Peristiwa,Jakarta Berlakukan PJJ ke Semua Sekolah Imbas Abu Vulkanik Anak Krakatau,https://news.detik.com/berita/d-8651018/jakarta-berlakukan-pjj-ke-semua-sekolah-imbas-abu-vulkanik-anak-krakatau,Netral,0.0,,,,
2026-09-06 20:22:26,Kompas.com Nasional,Nasional & Kebijakan,"Erupsi Anak Krakatau, Mendikdasmen Minta Sekolah Ikuti Kebijakan Pemda Nasional",https://nasional.kompas.com/read/2026/09/06/19013911/erupsi-anak-krakatau-mendikdasmen-minta-sekolah-ikuti-kebijakan-pemda,Netral,0.0,,,,
2026-09-06 20:22:26,Kompas.com Nasional,Nasional & Kebijakan,Mendagri Buka Peluang WFH bagi ASN yang Wilayahnya Terdampak Abu Vulkanik Nasional,https://nasional.kompas.com/read/2026/09/06/18243501/mendagri-buka-peluang-wfh-bagi-asn-yang-wilayahnya-terdampak-abu-vulkanik,Netral,0.0,,,,
2026-09-06 20:22:26,detikNews,Berita & Peristiwa,Sekolah Bakal PJJ Imbas Abu Anak Krakatau? Ini Kata Bakom RI,https://news.detik.com/berita/d-8650998/sekolah-bakal-pjj-imbas-abu-anak-krakatau-ini-kata-bakom-ri,Netral,0.0,,,,
2026-09-06 20:22:26,Kompas.com Nasional,Nasional & Kebijakan,Aceh Tengah Finalisasi Usulan Hunian Tetap 306 Kepala Keluarga di Kecamatan Ketol Nasional,https://nasional.kompas.com/read/2026/09/06/19193531/aceh-tengah-finalisasi-usulan-hunian-tetap-306-kepala-keluarga-di-kecamatan,Netral,0.0,,,,
2026-09-06 20:22:26,detikNews,Berita & Peristiwa,"Erupsi Anak Krakatau, Kemendikti Imbau Kampus Terapkan Kelas Daring-Hibrid",https://news.detik.com/berita/d-8651088/erupsi-anak-krakatau-kemendikti-imbau-kampus-terapkan-kelas-daring-hibrid,Netral,0.0,,,,
2026-09-06 20:22:26,detikNews,Berita & Peristiwa,"Hari Pelanggan Nasional, Pertamina Bagikan 8.100 Porsi Makanan di 8 Kota",https://news.detik.com/berita/d-8651124/hari-pelanggan-nasional-pertamina-bagikan-8-100-porsi-makanan-di-8-kota,Netral,0.0,,,,
2026-09-06 20:22:26,Kompas.com Nasional,Nasional & Kebijakan,Pemerintah Siapkan Penyaluran Bantuan ke Wilayah Terdampak Erupsi Anak Krakatau Nasional,https://nasional.kompas.com/read/2026/09/06/19225271/pemerintah-siapkan-penyaluran-bantuan-ke-wilayah-terdampak-erupsi-anak,Positif,100.0,,,,
2026-09-06 20:22:26,detikNews,Berita & Peristiwa,Penutupan Bandara Halim Diperpanjang Sampai Pukul 23.59 WIB,https://news.detik.com/berita/d-8651187/penutupan-bandara-halim-diperpanjang-sampai-pukul-23-59-wib,Netral,0.0,,,,
2026-09-06 20:22:26,Kompas.com Nasional,Nasional & Kebijakan,Kepala Daerah Punya Kewenangan Tentukan Presentase WFH ASN yang Terdampak Bencana Nasional,https://nasional.kompas.com/read/2026/09/06/18415571/kepala-daerah-punya-kewenangan-tentukan-presentase-wfh-asn-yang-terdampak,Negatif,-100.0,,,,
2026-09-06 20:22:26,detikNews,Berita & Peristiwa,Sekolah di Lampung Belajar Daring Imbas Erupsi Gunung Anak Krakatau,https://news.detik.com/berita/d-8651229/sekolah-di-lampung-belajar-daring-imbas-erupsi-gunung-anak-krakatau,Netral,0.0,,,,
2026-09-06 20:22:26,detikNews,Berita & Peristiwa,"3 Eks Kader Demokrat Gabung NasDem Jabar, Bicara Ideologi Politik",https://news.detik.com/berita/d-8651055/3-eks-kader-demokrat-gabung-nasdem-jabar-bicara-ideologi-politik,Netral,0.0,,,,
2026-09-06 20:22:26,detikNews,Berita & Peristiwa,"Seluruh PAUD, SD, SMP di Kota Serang Terapkan PJJ Imbas Erupsi Anak Krakatau",https://news.detik.com/berita/d-8651222/seluruh-paud-sd-smp-di-kota-serang-terapkan-pjj-imbas-erupsi-anak-krakatau,Netral,0.0,,,,
2026-09-06 20:22:26,Kompas.com Nasional,Nasional & Kebijakan,Perguruan Tinggi Terdampak Erupsi Gunung Anak Krakatau Bisa Gelar Kuliah Daring Nasional,https://nasional.kompas.com/read/2026/09/06/17444881/perguruan-tinggi-terdampak-erupsi-gunung-anak-krakatau-bisa-gelar-kuliah,Netral,0.0,,,,
2026-09-06 20:22:26,detikNews,Berita & Peristiwa,"KAI Tambah Kereta Tujuan Jakarta Imbas Erupsi Anak Krakatau, Ini Jadwalnya",https://news.detik.com/berita/d-8651090/kai-tambah-kereta-tujuan-jakarta-imbas-erupsi-anak-krakatau-ini-jadwalnya,Netral,0.0,,,,
2026-09-06 20:22:26,detikNews,Berita & Peristiwa,"Pantau Aktivitas Anak Krakatau Usai Erupsi, Andra Soni Minta Masyarakat Siaga",https://news.detik.com/berita/d-8651263/pantau-aktivitas-anak-krakatau-usai-erupsi-andra-soni-minta-masyarakat-siaga,Netral,0.0,,,,
2026-09-06 20:22:26,detikNews,Berita & Peristiwa,Polisi Bagikan Snack-Beri Layanan Kesehatan ke Penumpang di Bandara Soetta,https://news.detik.com/berita/d-8651123/polisi-bagikan-snack-beri-layanan-kesehatan-ke-penumpang-di-bandara-soetta,Netral,0.0,,,,
2026-09-06 20:22:26,detikNews,Berita & Peristiwa,Wamensos Dukung Program 'Aku Cinta Laut' Bantu Masyarakat Jaga Lingkungan,https://news.detik.com/berita/d-8651260/wamensos-dukung-program-aku-cinta-laut-bantu-masyarakat-jaga-lingkungan,Positif,100.0,,,,
2026-09-06 20:22:26,detikNews,Berita & Peristiwa,Bandara Soetta Masih Ditutup Sampai Pukul 23.59 WIB Imbas Abu Anak Krakatau,https://news.detik.com/berita/d-8651207/bandara-soetta-masih-ditutup-sampai-pukul-23-59-wib-imbas-abu-anak-krakatau,Netral,0.0,,,,
2026-09-06 20:22:26,detikNews,Berita & Peristiwa,"Tertahan di Soetta Sejak Dini Hari, Penumpang Reschedule-Refund Tiket",https://news.detik.com/berita/d-8651072/tertahan-di-soetta-sejak-dini-hari-penumpang-reschedule-refund-tiket,Netral,0.0,,,,
2026-09-06 20:22:26,detikNews,Berita & Peristiwa,"Erupsi Anak Krakatau, KLH Ukur Kualitas Udara dan Air Laut di Banten-Lampung",https://news.detik.com/berita/d-8651182/erupsi-anak-krakatau-klh-ukur-kualitas-udara-dan-air-laut-di-banten-lampung,Netral,0.0,,,,
2026-09-06 20:22:26,detikNews,Berita & Peristiwa,"Erupsi Anak Krakatau, Garuda Batalkan Penerbangan Rute Jakarta hingga Besok",https://news.detik.com/berita/d-8651178/erupsi-anak-krakatau-garuda-batalkan-penerbangan-rute-jakarta-hingga-besok,Netral,0.0,,,,
2026-09-06 20:22:26,detikNews,Berita & Peristiwa,"Polisi Tangkap 5 Remaja Hendak Tawuran di Jaktim, 3 Sajam Disita",https://news.detik.com/berita/d-8651166/polisi-tangkap-5-remaja-hendak-tawuran-di-jaktim-3-sajam-disita,Netral,0.0,,,,
2026-09-06 20:22:26,detikNews,Berita & Peristiwa,Situasi Terkini Bandara Soetta yang Masih Ditutup Usai Erupsi Anak Krakatau,https://news.detik.com/berita/d-8651214/situasi-terkini-bandara-soetta-yang-masih-ditutup-usai-erupsi-anak-krakatau,Netral,0.0,,,,
2026-09-06 20:22:26,detikNews,Berita & Peristiwa,"Prabowo Pantau Perkembangan Erupsi Anak Krakatau, Beri Arahan ke Jajaran",https://news.detik.com/berita/d-8651008/prabowo-pantau-perkembangan-erupsi-anak-krakatau-beri-arahan-ke-jajaran,Netral,0.0,,,,
2026-09-06 20:22:26,Kompas.com Nasional,Nasional & Kebijakan,"Erupsi Gunung Anak Krakatau, Sekolah di Serang hingga Lampung Bisa Terapkan PJJ Nasional",https://nasional.kompas.com/read/2026/09/06/17004331/erupsi-gunung-anak-krakatau-sekolah-di-serang-hingga-lampung-bisa-terapkan,Netral,0.0,,,,
2026-09-06 20:22:26,detikNews,Berita & Peristiwa,"Sebaran Abu Anak Krakatau Capai Bekasi, BPBD Ingatkan Warga Pakai Masker",https://news.detik.com/berita/d-8651144/sebaran-abu-anak-krakatau-capai-bekasi-bpbd-ingatkan-warga-pakai-masker,Netral,0.0,,,,
2026-09-06 20:22:26,Kompas.com Nasional,Nasional & Kebijakan,PM Malaysia Anwar Ibrahim Telepon Jokowi soal Erupsi Anak Krakatau dan Karhutla Nasional,https://nasional.kompas.com/read/2026/09/06/18324021/pm-malaysia-anwar-ibrahim-telepon-jokowi-soal-erupsi-anak-krakatau-dan,Netral,0.0,,,,
2026-09-06 20:22:26,detikNews,Berita & Peristiwa,Mendagri Beri Sinyal ASN di Wilayah Darurat Abu Vulkanik Boleh WFH,https://news.detik.com/berita/d-8651130/mendagri-beri-sinyal-asn-di-wilayah-darurat-abu-vulkanik-boleh-wfh,Negatif,-100.0,,,,
2026-09-06 20:22:26,Kompas.com Nasional,Nasional & Kebijakan,"Erupsi Gunung Anak Krakatau, Mendikdasmen Buka Opsi PJJ di Daerah Terdampak Berat Nasional",https://nasional.kompas.com/read/2026/09/06/16470191/erupsi-gunung-anak-krakatau-mendikdasmen-buka-opsi-pjj-di-daerah-terdampak,Netral,0.0,,,,
2026-09-06 20:22:26,detikNews,Berita & Peristiwa,Mobil di Parkiran Terminal 2 Soetta Berdebu Imbas Erupsi Anak Krakatau,https://news.detik.com/berita/d-8651097/mobil-di-parkiran-terminal-2-soetta-berdebu-imbas-erupsi-anak-krakatau,Netral,0.0,,,,
2026-09-06 20:22:26,Kompas.com Nasional,Nasional & Kebijakan,"Kemenhub Siapkan Kertajati, Ahmad Yani, hingga Juanda sebagai Bandara Alternatif Nasional",https://nasional.kompas.com/read/2026/09/06/16563761/kemenhub-siapkan-kertajati-ahmad-yani-hingga-juanda-sebagai-bandara,Netral,0.0,,,,
2026-09-06 20:22:26,detikNews,Berita & Peristiwa,"Erupsi Gunung Anak Krakatau, Gubernur Lampung Imbau Warga Jangan Panik",https://news.detik.com/berita/d-8651216/erupsi-gunung-anak-krakatau-gubernur-lampung-imbau-warga-jangan-panik,Negatif,-100.0,,,,
2026-09-06 20:22:26,iNews Nasional,Peristiwa & Hukum,"Nasional 4 jam lalu Prabowo Pantau Erupsi Gunung Anak Krakatau, Minta Masyarakat Tenang dan Waspada",https://www.inews.id/news/nasional/prabowo-pantau-erupsi-gunung-anak-krakatau-minta-masyarakat-tenang-dan-waspada,Netral,0.0,,,,
2026-09-06 20:22:26,SINDOnews Nasional,Nasional & Politik,Hukum Sayembara Ijazah Gibran Berpotensi Memperbesar Kegaduhan dan Keresahan Masyarakat,https://nasional.sindonews.com/read/1746897/13/sayembara-ijazah-gibran-berpotensi-memperbesar-kegaduhan-dan-keresahan-masyarakat-1788674955,Netral,0.0,,,,
2026-09-06 20:22:26,detikNews,Berita & Peristiwa,"Jadwal Penutupan Sementara Bandara Imbas Abu Anak Krakatau, Soetta Pukul 21.30",https://news.detik.com/berita/d-8651132/jadwal-penutupan-sementara-bandara-imbas-abu-anak-krakatau-soetta-pukul-21-30,Netral,0.0,,,,
2026-09-06 20:22:26,Kompas.com Nasional,Nasional & Kebijakan,"Erupsi Gunung Anak Krakatau, Mendikdasmen Izinkan Sekolah Sesuaikan Jam Belajar Nasional",https://nasional.kompas.com/read/2026/09/06/16515831/erupsi-gunung-anak-krakatau-mendikdasmen-izinkan-sekolah-sesuaikan-jam,Netral,0.0,,,,
2026-09-06 20:22:26,iNews Nasional,Peristiwa & Hukum,"Nasional 2 jam lalu Presiden Prabowo Pantau Erupsi Gunung Anak Krakatau, Qodari: Keselamatan Masyarakat Prioritas",https://www.inews.id/news/nasional/presiden-prabowo-pantau-erupsi-gunung-anak-krakatau-qodari-keselamatan-masyarakat-prioritas,Netral,0.0,,,,
2026-09-06 20:22:26,iNews Nasional,Peristiwa & Hukum,"Nasional 2 jam lalu Abu Vulkanik Gunung Anak Krakatau Menyebar, Kualitas Udara 3 Daerah Sumsel Sangat Tidak Sehat",https://www.inews.id/news/nasional/abu-vulkanik-gunung-anak-krakatau-menyebar-kualitas-udara-3-daerah-sumsel-sangat-tidak-sehat,Netral,0.0,,,,
2026-09-06 20:22:26,iNews Nasional,Peristiwa & Hukum,"Nasional 26 menit lalu BMKG Pantau Erupsi Gunung Anak Krakatau 24 Jam, Abu Vulkanik Terdeteksi hingga 50.000 Kaki",https://www.inews.id/news/nasional/bmkg-pantau-erupsi-gunung-anak-krakatau-24-jam-abu-vulkanik-terdeteksi-hingga-50000-kaki,Netral,0.0,,,,
2026-09-06 20:22:26,iNews Nasional,Peristiwa & Hukum,"Nasional 3 jam lalu Jokowi: Pemimpin Bukan Hanya Memahami Kekuasaan, tapi Benar-Benar Paham Rakyat",https://www.inews.id/news/nasional/jokowi-pemimpin-bukan-hanya-memahami-kekuasaan-tapi-benar-benar-paham-rakyat,Netral,0.0,,,,
2026-09-06 20:22:26,iNews Nasional,Peristiwa & Hukum,Nasional 5 menit lalu Penutupan Bandara Soekarno-Hatta Diperpanjang hingga Tengah Malam Imbas Erupsi Gunung Anak Krakatau,https://www.inews.id/news/nasional/penutupan-bandara-soekarno-hatta-diperpanjang-hingga-tengah-malam-imbas-erupsi-gunung-anak-krakatau,Netral,0.0,,,,
2026-09-06 20:22:26,iNews Nasional,Peristiwa & Hukum,"Nasional Gunung Anak Krakatau Erupsi, Mendikdasmen Buka Opsi PJJ di Daerah Terdampak",https://www.inews.id/news/nasional/gunung-anak-krakatau-erupsi-mendikdasmen-buka-opsi-pjj-di-daerah-terdampak,Netral,0.0,,,,
2026-09-06 20:22:26,Kompas.com Nasional,Nasional & Kebijakan,Seskab Sebut Penumpang Pesawat yang Mau ke Jakarta Bisa Dialihkan ke Bandara Kertajati Nasional,https://nasional.kompas.com/read/2026/09/06/17172721/seskab-sebut-penumpang-pesawat-yang-mau-ke-jakarta-bisa-dialihkan-ke-bandara,Netral,0.0,,,,
2026-09-06 20:22:26,iNews Nasional,Peristiwa & Hukum,"Nasional 4 jam lalu Erupsi 25 Jam Gunung Anak Krakatau Berakhir, Status Masih Level III Siaga",https://www.inews.id/news/nasional/erupsi-25-jam-gunung-anak-krakatau-berakhir-status-masih-level-iii-siaga,Netral,0.0,,,,
2026-09-06 20:22:26,Kompas.com Nasional,Nasional & Kebijakan,Imbauan Lengkap Prabowo soal Erupsi Anak Krakatau Sebarkan Abu Vulkanik Nasional,https://nasional.kompas.com/read/2026/09/06/16395061/imbauan-lengkap-prabowo-soal-erupsi-anak-krakatau-sebarkan-abu-vulkanik,Netral,0.0,,,,
2026-09-06 20:22:26,Kompas.com Nasional,Nasional & Kebijakan,Prabowo Larang Warga Dekati Gunung Anak Krakatau Nasional,https://nasional.kompas.com/read/2026/09/06/16205541/prabowo-larang-warga-dekati-gunung-anak-krakatau,Netral,0.0,,,,
2026-09-06 20:22:26,Kompas.com Nasional,Nasional & Kebijakan,10 Kronologi Mozza Hilang hingga Ditemukan Tinggal Kerangka di Tepi Tol Jangli Semarang Regional,https://regional.kompas.com/read/2026/09/06/060200278/kronologi-mozza-hilang-hingga-ditemukan-tinggal-kerangka-di-tepi-tol-jangli,Netral,0.0,,,,
2026-09-06 20:22:26,SINDOnews Nasional,Nasional & Politik,Humaniora Mendagri: ASN Daerah Terdampak Erupsi Anak Krakatau Bisa WFH hingga 100%,https://nasional.sindonews.com/read/1746943/15/mendagri-asn-daerah-terdampak-erupsi-anak-krakatau-bisa-wfh-hingga-100-1788689377,Netral,0.0,,,,
2026-09-06 20:22:26,SINDOnews Nasional,Nasional & Politik,"Humaniora Dampak Erupsi Gunung Anak Krakatau, Wamendiktisaintek: Kampus Diimbau Belajar Daring",https://nasional.sindonews.com/read/1746949/15/dampak-erupsi-gunung-anak-krakatau-wamendiktisaintek-kampus-diimbau-belajar-daring-1788692980,Netral,0.0,,,,
2026-09-06 20:22:26,SINDOnews Nasional,Nasional & Politik,"Humaniora Prabowo Pantau Erupsi Anak Krakatau, Imbau Masyarakat Tenang dan Waspada",https://nasional.sindonews.com/read/1746941/15/prabowo-pantau-erupsi-anak-krakatau-imbau-masyarakat-tenang-dan-waspada-1788689399,Netral,0.0,,,,
2026-09-06 20:22:26,Kompas.com Nasional,Nasional & Kebijakan,9 209 Penerbangan di Bandara Soekarno-Hatta Dibatalkan Imbas Erupsi Anak Krakatau Megapolitan,https://megapolitan.kompas.com/read/2026/09/06/08362441/209-penerbangan-di-bandara-soekarno-hatta-dibatalkan-imbas-erupsi-anak,Netral,0.0,,,,
2026-09-06 20:22:26,detikNews,Berita & Peristiwa,Kapolri Perintahkan Jajaran Siaga Hadapi Dampak Erupsi Gunung Anak Krakatau,https://news.detik.com/berita/d-8651247/kapolri-perintahkan-jajaran-siaga-hadapi-dampak-erupsi-gunung-anak-krakatau,Netral,0.0,,,,
2026-09-06 20:22:26,Kompas.com Nasional,Nasional & Kebijakan,Dentuman yang Terdengar di Jawa Barat Sesuai dengan Aktivitas Gunung Anak Krakatau Nasional,https://nasional.kompas.com/read/2026/09/06/16332851/dentuman-yang-terdengar-di-jawa-barat-sesuai-dengan-aktivitas-gunung-anak,Netral,0.0,,,,
2026-09-06 20:22:26,SINDOnews Nasional,Nasional & Politik,"Politik Kunjungan Prabowo ke Rusia Marak Hoaks, Sahroni: Jangan Sampai Malah Merusak Kritik yang Bagus ke Pemerintah!",https://nasional.sindonews.com/read/1746939/12/kunjungan-prabowo-ke-rusia-marak-hoaks-sahroni-jangan-sampai-malah-merusak-kritik-yang-bagus-ke-pemerintah-1788689399,Netral,0.0,,,,
2026-09-06 20:22:26,Kompas.com Nasional,Nasional & Kebijakan,"Erupsi Gunung Anak Krakatau, Prabowo: Semoga Allah Lindungi Rakyat Indonesia Nasional",https://nasional.kompas.com/read/2026/09/06/16104751/erupsi-gunung-anak-krakatau-prabowo-semoga-allah-lindungi-rakyat-indonesia,Netral,0.0,,,,
2026-09-06 20:22:26,SINDOnews Nasional,Nasional & Politik,Humaniora Pembelajaran Jarak Jauh Diterapkan Bila Abu Vulkanik Gunung Anak Krakatau Masuk Kriteria Berbahaya,https://nasional.sindonews.com/read/1746919/15/pembelajaran-jarak-jauh-diterapkan-bila-abu-vulkanik-gunung-anak-krakatau-masuk-kriteria-berbahaya-1788685746,Netral,0.0,,,,
2026-09-06 20:22:26,iNews Nasional,Peristiwa & Hukum,Nasional 3 jam lalu Mendagri Tito Perbolehkan ASN Daerah Terdampak Erupsi Gunung Anak Krakatau WFH,https://www.inews.id/news/nasional/mendagri-tito-perbolehkan-asn-daerah-terdampak-erupsi-gunung-anak-krakatau-wfh,Netral,0.0,,,,
2026-09-06 20:22:26,iNews Nasional,Peristiwa & Hukum,"Nasional Gunung Anak Krakatau Erupsi, BNPB Siapkan Evakuasi hingga Operasi Modifikasi Cuaca",https://www.inews.id/news/nasional/gunung-anak-krakatau-erupsi-bnpb-siapkan-evakuasi-hingga-operasi-modifikasi-cuaca,Netral,0.0,,,,
2026-09-06 20:22:26,iNews Nasional,Peristiwa & Hukum,"Nasional 3 jam lalu Tetap Tenang dan Waspada, Negara Hadir di Tengah Ujian Alam",https://www.inews.id/news/nasional/tetap-tenang-dan-waspada-negara-hadir-di-tengah-ujian-alam,Netral,0.0,,,,
2026-09-06 15:50:35,Kompas.com Nasional,Nasional & Kebijakan,Menhub Imbau Calon Penumpang yang Batalkan Perjalanan Tak Perlu Datang ke Bandara Nasional,https://nasional.kompas.com/read/2026/09/06/15362251/menhub-imbau-calon-penumpang-yang-batalkan-perjalanan-tak-perlu-datang-ke,Netral,0.0,,,,
2026-09-06 15:50:35,Kompas.com Nasional,Nasional & Kebijakan,"Erupsi Tak Ganggu Penyeberangan Laut, Menhub Imbau Penumpang Gunakan Masker Nasional",https://nasional.kompas.com/read/2026/09/06/15442911/erupsi-tak-ganggu-penyeberangan-laut-menhub-imbau-penumpang-gunakan-masker,Netral,0.0,,,,
2026-09-06 15:50:35,detikNews,Berita & Peristiwa,Kawasan Wisata Pulau Sebesi Ditutup Sementara Imbas Erupsi Anak Krakatau,https://news.detik.com/berita/d-8650989/kawasan-wisata-pulau-sebesi-ditutup-sementara-imbas-erupsi-anak-krakatau,Netral,0.0,,,,
2026-09-06 15:50:35,iNews Nasional,Peristiwa & Hukum,"Nasional Gunung Anak Krakatau Erupsi, Abu Vulkanik Menyebar hingga Jakarta dan Bengkulu",https://www.inews.id/news/nasional/gunung-anak-krakatau-erupsi-abu-vulkanik-menyebar-hingga-jakarta-dan-bengkulu,Netral,0.0,,,,
2026-09-06 15:50:35,detikNews,Berita & Peristiwa,"Abu Erupsi Anak Krakatau Sampai Pandeglang, Toko Masker Diserbu Warga",https://news.detik.com/berita/d-8650973/abu-erupsi-anak-krakatau-sampai-pandeglang-toko-masker-diserbu-warga,Netral,0.0,,,,
2026-09-06 15:25:29,Kompas.com Nasional,Nasional & Kebijakan,Pemerintah Minta Warga Tak Sebar Isu Tsunami Gunung Anak Krakatau Nasional,https://nasional.kompas.com/read/2026/09/06/14370051/pemerintah-minta-warga-tak-sebar-isu-tsunami-gunung-anak-krakatau,Netral,0.0,,,,
2026-09-06 15:25:29,detikNews,Berita & Peristiwa,"Abu Anak Krakatau Menyebar ke Jakarta, Pramono Imbau Warga Lakukan 5M",https://news.detik.com/berita/d-8650702/abu-anak-krakatau-menyebar-ke-jakarta-pramono-imbau-warga-lakukan-5m,Netral,0.0,,,,
2026-09-06 15:25:29,detikNews,Berita & Peristiwa,"Abu Anak Krakatau Sampai Jakarta, Warga Berburu Masker di Kolong Tol Andara",https://news.detik.com/berita/d-8650869/abu-anak-krakatau-sampai-jakarta-warga-berburu-masker-di-kolong-tol-andara,Netral,0.0,,,,
2026-09-06 15:25:29,detikNews,Berita & Peristiwa,Penutupan Sementara Bandara Soetta Diperpanjang sampai Pukul 17.30 WIB,https://news.detik.com/berita/d-8650882/penutupan-sementara-bandara-soetta-diperpanjang-sampai-pukul-17-30-wib,Netral,0.0,,,,
2026-09-06 15:25:29,detikNews,Berita & Peristiwa,"Anak Krakatau Erupsi, BMKG: Belum Ada Anomali Muka Air Laut di Selat Sunda",https://news.detik.com/berita/d-8650703/anak-krakatau-erupsi-bmkg-belum-ada-anomali-muka-air-laut-di-selat-sunda,Netral,0.0,,,,
2026-09-06 15:25:29,detikNews,Berita & Peristiwa,2 Penerbangan dari Saudi Dialihkan ke Kertajati Imbas Abu Anak Krakatau,https://news.detik.com/berita/d-8650949/2-penerbangan-dari-saudi-dialihkan-ke-kertajati-imbas-abu-anak-krakatau,Netral,0.0,,,,
2026-09-06 15:25:29,detikNews,Berita & Peristiwa,Kemensos Siagakan Logistik & Tagana Hadapi Erupsi Gunung Anak Krakatau,https://news.detik.com/berita/d-8650952/kemensos-siagakan-logistik-tagana-hadapi-erupsi-gunung-anak-krakatau,Netral,0.0,,,,
2026-09-06 15:25:29,detikNews,Berita & Peristiwa,Polisi di Bogor Bagi-bagi Masker Antisipasi Dampak Abu Erupsi Anak Krakatau,https://news.detik.com/berita/d-8650894/polisi-di-bogor-bagi-bagi-masker-antisipasi-dampak-abu-erupsi-anak-krakatau,Netral,0.0,,,,
2026-09-06 15:25:29,detikNews,Berita & Peristiwa,"6 Bandara Ditutup Sementara Imbas Abu Anak Krakatau, Terbaru Husein Sastranegara",https://news.detik.com/berita/d-8650863/6-bandara-ditutup-sementara-imbas-abu-anak-krakatau-terbaru-husein-sastranegara,Netral,0.0,,,,
2026-09-06 15:25:29,detikNews,Berita & Peristiwa,Penutupan Bandara Halim Perdanakusuma Diperpanjang hingga Pukul 18.00 WIB,https://news.detik.com/berita/d-8650935/penutupan-bandara-halim-perdanakusuma-diperpanjang-hingga-pukul-18-00-wib,Netral,0.0,,,,
2026-09-06 15:25:29,Kompas.com Nasional,Nasional & Kebijakan,"Seismik Gunung Anak Krakatau Menurun, PVMBG: Aktivitas Masih Dinamis Nasional",https://nasional.kompas.com/read/2026/09/06/15132771/seismik-gunung-anak-krakatau-menurun-pvmbg-aktivitas-masih-dinamis,Netral,0.0,,,,
2026-09-06 15:25:29,detikNews,Berita & Peristiwa,"Viral Tenda Prajurit TNI di Lahan Diduga Milik GRIB, TNI AD Ungkap Faktanya",https://news.detik.com/berita/d-8650934/viral-tenda-prajurit-tni-di-lahan-diduga-milik-grib-tni-ad-ungkap-faktanya,Netral,0.0,,,,
2026-09-06 15:25:29,detikNews,Berita & Peristiwa,Abu Vulkanik Anak Krakatau Masih Menyelimuti Rumah Warga Ciputat Siang Ini,https://news.detik.com/berita/d-8650804/abu-vulkanik-anak-krakatau-masih-menyelimuti-rumah-warga-ciputat-siang-ini,Netral,0.0,,,,
2026-09-06 15:25:29,Kompas.com Nasional,Nasional & Kebijakan,Ketinggian Abu Vulkanik Erupsi Gunung Anak Krakatau Capai 50.000 Kaki Nasional,https://nasional.kompas.com/read/2026/09/06/14183071/ketinggian-abu-vulkanik-erupsi-gunung-anak-krakatau-capai-50000-kaki,Netral,0.0,,,,
2026-09-06 15:25:29,detikNews,Berita & Peristiwa,Badan Geologi: Suara Dentuman di Jabar dari Erupsi Gunung Anak Krakatau,https://news.detik.com/berita/d-8650680/badan-geologi-suara-dentuman-di-jabar-dari-erupsi-gunung-anak-krakatau,Netral,0.0,,,,
2026-09-06 15:25:29,detikNews,Berita & Peristiwa,Gubernur NTT Sebut Pemerkosa Anak Korban Gempa NTT Sudah Diproses,https://news.detik.com/berita/d-8650813/gubernur-ntt-sebut-pemerkosa-anak-korban-gempa-ntt-sudah-diproses,Negatif,-100.0,,,,
2026-09-06 15:25:29,Liputan6 News,Hukum & Politik,"Bukan Debu Biasa, Ini Alasan Bersihkan Abu Anak Krakatau Harus Disiram Dulu",https://www.liputan6.com/news/read/8285704/bukan-debu-biasa-ini-alasan-bersihkan-abu-anak-krakatau-harus-disiram-dulu,Netral,0.0,,,,
2026-09-06 15:25:29,Kompas.com Nasional,Nasional & Kebijakan,"Total 6 Bandara Ditutup akibat Erupsi Gunung Anak Krakatau, Terbaru Husein Sastranegara Bandung Nasional",https://nasional.kompas.com/read/2026/09/06/14271771/total-6-bandara-ditutup-akibat-erupsi-gunung-anak-krakatau-terbaru-husein,Netral,0.0,,,,
2026-09-06 15:25:29,Kompas.com Nasional,Nasional & Kebijakan,"Erupsi Anak Krakatau, Pemerintah Buka Opsi Pembelajaran Jarak Jauh Nasional",https://nasional.kompas.com/read/2026/09/06/15232281/erupsi-anak-krakatau-pemerintah-buka-opsi-pembelajaran-jarak-jauh,Netral,0.0,,,,
2026-09-06 15:25:29,detikNews,Berita & Peristiwa,Badan Geologi Ungkap Abu Vulkanik Anak Krakatau Menyebar ke 5 Provinsi,https://news.detik.com/berita/d-8650899/badan-geologi-ungkap-abu-vulkanik-anak-krakatau-menyebar-ke-5-provinsi,Netral,0.0,,,,
2026-09-06 15:25:29,Kompas.com Nasional,Nasional & Kebijakan,"Prabowo Pantau Erupsi Anak Krakatau, Keselamatan Warga Jadi Prioritas Nasional",https://nasional.kompas.com/read/2026/09/06/14490631/prabowo-pantau-erupsi-anak-krakatau-keselamatan-warga-jadi-prioritas,Netral,0.0,,,,
2026-09-06 15:25:29,Kompas.com Nasional,Nasional & Kebijakan,Abu Vulkanik Erupsi Gunung Anak Krakatau Tersebar ke 5 Provinsi Nasional,https://nasional.kompas.com/read/2026/09/06/13412591/abu-vulkanik-erupsi-gunung-anak-krakatau-tersebar-ke-5-provinsi,Netral,0.0,,,,
2026-09-06 15:25:29,detikNews,Berita & Peristiwa,Sejumlah Warga Pandeglang Sesak Napas Akibat Abu Erupsi Anak Krakatau,https://news.detik.com/berita/d-8650723/sejumlah-warga-pandeglang-sesak-napas-akibat-abu-erupsi-anak-krakatau,Netral,0.0,,,,
2026-09-06 15:25:29,detikNews,Berita & Peristiwa,Jawaban Badan Geologi soal Potensi Tsunami Erupsi Berulang Anak Krakatau,https://news.detik.com/berita/d-8650634/jawaban-badan-geologi-soal-potensi-tsunami-erupsi-berulang-anak-krakatau,Netral,0.0,,,,
2026-09-06 15:25:29,detikNews,Berita & Peristiwa,"Erupsi Gunung Anak Krakatau, KAI Pastikan Perjalanan Kereta Tetap Aman",https://news.detik.com/berita/d-8650649/erupsi-gunung-anak-krakatau-kai-pastikan-perjalanan-kereta-tetap-aman,Positif,100.0,,,,
2026-09-06 15:25:29,Kompas.com Nasional,Nasional & Kebijakan,Teddy Imbau Warga Kurangi Aktivitas Luar Ruang imbas Erupsi Gunung Anak Krakatau Nasional,https://nasional.kompas.com/read/2026/09/06/11585581/teddy-imbau-warga-kurangi-aktivitas-luar-ruang-imbas-erupsi-gunung-anak,Netral,0.0,,,,
2026-09-06 15:25:29,Kompas.com Nasional,Nasional & Kebijakan,"3 Kader Demokrat Gabung Nasdem, Alasannya Ideologi hingga Ingin Masuk DPR Nasional",https://nasional.kompas.com/read/2026/09/06/13521611/3-kader-demokrat-gabung-nasdem-alasannya-ideologi-hingga-ingin-masuk-dpr,Netral,0.0,,,,
2026-09-06 15:25:29,Kompas.com Nasional,Nasional & Kebijakan,"Bandara Soetta Tutup Sementara, Seskab Teddy Bicara Kompensasi Penumpang Nasional",https://nasional.kompas.com/read/2026/09/06/14415891/bandara-soetta-tutup-sementara-seskab-teddy-bicara-kompensasi-penumpang,Netral,0.0,,,,
2026-09-06 15:25:29,Kompas.com Nasional,Nasional & Kebijakan,"BMKG Sebut Erupsi Gunung Anak Krakatau Berjenis Strombolian, Apa Itu? Nasional",https://nasional.kompas.com/read/2026/09/06/13361601/bmkg-sebut-erupsi-gunung-anak-krakatau-berjenis-strombolian-apa-itu,Netral,0.0,,,,
2026-09-06 15:25:29,Kompas.com Nasional,Nasional & Kebijakan,Di Bawah Bayang-bayang Seragam Nasional,https://nasional.kompas.com/read/2026/09/06/13000071/di-bawah-bayang-bayang-seragam-,Netral,0.0,,,,
2026-09-06 15:25:29,detikNews,Berita & Peristiwa,Penutupan Sementara Bandara Soetta Diperpanjang Dampak Erupsi Anak Krakatau,https://news.detik.com/berita/d-8650851/penutupan-sementara-bandara-soetta-diperpanjang-dampak-erupsi-anak-krakatau,Netral,0.0,,,,
2026-09-06 15:25:29,Kompas.com Nasional,Nasional & Kebijakan,Badan Geologi Ingatkan Bahaya Lontaran Material Pijar Gunung Anak Krakatau Nasional,https://nasional.kompas.com/read/2026/09/06/12384961/badan-geologi-ingatkan-bahaya-lontaran-material-pijar-gunung-anak-krakatau,Negatif,-100.0,,,,
2026-09-06 15:25:29,Kompas.com Nasional,Nasional & Kebijakan,"5 Bandara Ditutup akibat Abu Vulkanik Gunung Anak Krakatau, OMC Digeser ke Bandara yang Aman Nasional",https://nasional.kompas.com/read/2026/09/06/12275501/5-bandara-ditutup-akibat-abu-vulkanik-gunung-anak-krakatau-omc-digeser-ke,Positif,100.0,,,,
2026-09-06 15:25:29,detikNews,Berita & Peristiwa,"Erupsi Gunung Anak Krakatau, Setkab Keluarkan 6 Imbauan Antisipasi Debu",https://news.detik.com/berita/d-8650626/erupsi-gunung-anak-krakatau-setkab-keluarkan-6-imbauan-antisipasi-debu,Netral,0.0,,,,
2026-09-06 15:25:29,detikNews,Berita & Peristiwa,Bandara Halim Ditutup sampai Pukul 14.00 WIB Imbas Erupsi Anak Krakatau,https://news.detik.com/berita/d-8650637/bandara-halim-ditutup-sampai-pukul-14-00-wib-imbas-erupsi-anak-krakatau,Netral,0.0,,,,
2026-09-06 15:25:29,detikNews,Berita & Peristiwa,Menkes Ungkap 3 Bahaya Abu Anak Krakatau: Kalau Bisa Jangan Keluar Rumah,https://news.detik.com/berita/d-8650802/menkes-ungkap-3-bahaya-abu-anak-krakatau-kalau-bisa-jangan-keluar-rumah,Negatif,-100.0,,,,
2026-09-06 15:25:29,detikNews,Berita & Peristiwa,"Begini Modus Eks Karyawan Kuras Saldo TikTok Vilmei Rp 1,28 M",https://news.detik.com/berita/d-8650782/begini-modus-eks-karyawan-kuras-saldo-tiktok-vilmei-rp-1-28-m,Netral,0.0,,,,
2026-09-06 15:25:29,detikNews,Berita & Peristiwa,"Sambut Musim Hujan, Pemulihan Sawah di Kota Subulussalam Dipercepat",https://news.detik.com/berita/d-8650774/sambut-musim-hujan-pemulihan-sawah-di-kota-subulussalam-dipercepat,Netral,0.0,,,,
2026-09-06 15:25:29,detikNews,Berita & Peristiwa,Walkot Sebut 56 Santri Sesak Napas Imbas Kebakaran Ponpes di Bogor,https://news.detik.com/berita/d-8650772/walkot-sebut-56-santri-sesak-napas-imbas-kebakaran-ponpes-di-bogor,Netral,0.0,,,,
2026-09-06 15:25:29,detikNews,Berita & Peristiwa,"Kepala BMKG Ungkap Erupsi Anak Krakatau Jenis Strombolian, Ini Penjelasannya",https://news.detik.com/berita/d-8650757/kepala-bmkg-ungkap-erupsi-anak-krakatau-jenis-strombolian-ini-penjelasannya,Netral,0.0,,,,
2026-09-06 15:25:29,detikNews,Berita & Peristiwa,Antrean Penumpang Reschedule Mengular di Soetta Imbas Erupsi Anak Krakatau,https://news.detik.com/berita/d-8650756/antrean-penumpang-reschedule-mengular-di-soetta-imbas-erupsi-anak-krakatau,Netral,0.0,,,,
2026-09-06 15:25:29,detikNews,Berita & Peristiwa,3 Tersangka yang Kuras Duit Vilmei Miliaran Terancam 5 Tahun Bui,https://news.detik.com/berita/d-8650726/3-tersangka-yang-kuras-duit-vilmei-miliaran-terancam-5-tahun-bui,Netral,0.0,,,,
2026-09-06 15:25:29,detikNews,Berita & Peristiwa,Daftar 4 Bandara Ditutup Sementara dan Wilayah Terdampak Erupsi Anak Krakatau,https://news.detik.com/berita/d-8650708/daftar-4-bandara-ditutup-sementara-dan-wilayah-terdampak-erupsi-anak-krakatau,Netral,0.0,,,,
2026-09-06 15:25:29,detikNews,Berita & Peristiwa,TransJ Setop Sementara Lift dan Eskalator Halte Dampak Abu Anak Krakatau,https://news.detik.com/berita/d-8650922/transj-setop-sementara-lift-dan-eskalator-halte-dampak-abu-anak-krakatau,Netral,0.0,,,,
2026-09-06 15:25:29,detikNews,Berita & Peristiwa,HNW Dukung MUI soal Label 'No Pork No Lard' Tak Jamin Kehalalan Produk,https://news.detik.com/berita/d-8650604/hnw-dukung-mui-soal-label-no-pork-no-lard-tak-jamin-kehalalan-produk,Positif,100.0,,,,
2026-09-06 15:25:29,Kompas.com Nasional,Nasional & Kebijakan,"BMKG: Aktivitas Gunung Anak Krakatau Mulai Meluruh, Frekuensi Erupsi Menurun Nasional",https://nasional.kompas.com/read/2026/09/06/12540541/bmkg-aktivitas-gunung-anak-krakatau-mulai-meluruh-frekuensi-erupsi-menurun,Netral,0.0,,,,
2026-09-06 15:25:29,Liputan6 News,Hukum & Politik,Lima Bandara yang Ditutup Imbas Abu Vulkanik Anak Krakatau,https://www.liputan6.com/news/read/8285783/lima-bandara-yang-ditutup-imbas-abu-vulkanik-anak-krakatau,Netral,0.0,,,,
2026-09-06 15:25:29,Kompas.com Nasional,Nasional & Kebijakan,Daftar 3 Kabupaten dan 15 Kecamatan Terdampak Erupsi Gunung Anak Krakatau Nasional,https://nasional.kompas.com/read/2026/09/06/12035781/daftar-3-kabupaten-dan-15-kecamatan-terdampak-erupsi-gunung-anak-krakatau,Netral,0.0,,,,
2026-09-06 15:25:29,Kompas.com Nasional,Nasional & Kebijakan,"Potensi Tsunami akibat Erupsi Gunung Anak Krakatau Dinilai Kecil, Beda dengan 2018 Nasional",https://nasional.kompas.com/read/2026/09/06/11520061/potensi-tsunami-akibat-erupsi-gunung-anak-krakatau-dinilai-kecil-beda-dengan,Netral,0.0,,,,
2026-09-06 15:25:29,Liputan6 News,Hukum & Politik,"Abu Anak Krakatau Sampai ke Jakarta, Pramono Imbau Warga Lakukan 5 M",https://www.liputan6.com/news/read/8285779/abu-anak-krakatau-sampai-ke-jakarta-pramono-imbau-warga-lakukan-5-m,Netral,0.0,,,,
2026-09-06 15:25:29,iNews Nasional,Peristiwa & Hukum,"Nasional 4 jam lalu Gunung Anak Krakatau Erupsi, Penyeberangan Laut Merak-Bakauheni Aman?",https://www.inews.id/news/nasional/gunung-anak-krakatau-erupsi-penyeberangan-laut-merak-bakauheni-aman,Positif,100.0,,,,
2026-09-06 15:25:29,iNews Nasional,Peristiwa & Hukum,Nasional 4 jam lalu Kemenkes Aktifkan Health Emergency Operation Center di Daerah Terdampak Erupsi Gunung Anak Krakatau,https://www.inews.id/news/nasional/kemenkes-aktifkan-health-emergency-operation-center-di-daerah-terdampak-erupsi-gunung-anak-krakatau,Netral,0.0,,,,
2026-09-06 15:25:29,Kompas.com Nasional,Nasional & Kebijakan,BNPB Sebut Belum Ada Daerah Berstatus Darurat akibat Erupsi Gunung Anak Krakatau Nasional,https://nasional.kompas.com/read/2026/09/06/11302151/bnpb-sebut-belum-ada-daerah-berstatus-darurat-akibat-erupsi-gunung-anak,Negatif,-100.0,,,,
2026-09-06 15:25:29,detikNews,Berita & Peristiwa,Halaman Terminal 3 Bandara Soetta Berdebu Dampak Erupsi Anak Krakatau,https://news.detik.com/berita/d-8650679/halaman-terminal-3-bandara-soetta-berdebu-dampak-erupsi-anak-krakatau,Netral,0.0,,,,
2026-09-06 15:25:29,Liputan6 News,Hukum & Politik,"Abu Vulkanik Menyebar, KAI Pantau Jalur dan Jarak Pandang Masinis",https://www.liputan6.com/news/read/8285787/abu-vulkanik-menyebar-kai-pantau-jalur-dan-jarak-pandang-masinis,Netral,0.0,,,,
2026-09-06 15:25:29,detikNews,Berita & Peristiwa,Siti Fauziah Sebut Ajang LKBB-PB MPR Jadi Wadah Bentuk Karakter Siswa,https://news.detik.com/berita/d-8650636/siti-fauziah-sebut-ajang-lkbb-pb-mpr-jadi-wadah-bentuk-karakter-siswa,Netral,0.0,,,,
2026-09-06 15:25:29,Liputan6 News,Hukum & Politik,BMKG: Belum Ada Anomali Air Laut Usai Anak Krakatau Erupsi,https://www.liputan6.com/news/read/8285762/bmkg-belum-ada-anomali-air-laut-usai-anak-krakatau-erupsi,Netral,0.0,,,,
2026-09-06 15:25:29,iNews Nasional,Peristiwa & Hukum,"Nasional Gunung Anak Krakatau Erupsi, Ternyata Sudah Berstatus Siaga sejak Juli 2026",https://www.inews.id/news/nasional/gunung-anak-krakatau-erupsi-ternyata-sudah-berstatus-siaga-sejak-juli-2026,Netral,0.0,,,,
2026-09-06 15:25:29,iNews Nasional,Peristiwa & Hukum,"Nasional 3 jam lalu 6 Bandara Ditutup Imbas Erupsi Anak Krakatau, Termasuk Husein Sastranegara di Bandung",https://www.inews.id/news/nasional/6-bandara-ditutup-imbas-erupsi-anak-krakatau-termasuk-husein-sastranegara-di-bandung,Netral,0.0,,,,
2026-09-06 15:25:29,Liputan6 News,Hukum & Politik,Dua Strategi BNPB Kurangi Dampak Abu Anak Krakatau di Jakarta dan Banten,https://www.liputan6.com/news/read/8285764/dua-strategi-bnpb-kurangi-dampak-abu-anak-krakatau-di-jakarta-dan-banten,Netral,0.0,,,,
2026-09-06 15:25:29,Liputan6 News,Hukum & Politik,Transjakarta Matikan Lift dan Eskalator Imbas Abu Vulkanik Anak Krakatau,https://www.liputan6.com/news/read/8285760/transjakarta-matikan-lift-dan-eskalator-imbas-abu-vulkanik-anak-krakatau,Netral,0.0,,,,
2026-09-06 15:25:29,Liputan6 News,Hukum & Politik,"Universitas Terbuka Genap 42 Tahun, Dorong Inovasi Pendidikan Berdampak untuk Negeri",https://www.liputan6.com/news/read/8285739/universitas-terbuka-genap-42-tahun-dorong-inovasi-pendidikan-berdampak-untuk-negeri,Positif,100.0,,,,
2026-09-06 15:25:29,Liputan6 News,Hukum & Politik,"Cegah Abu Vulkanik, Mesin Pesawat di Bandara Soekarno-Hatta Dipasang Penutup",https://www.liputan6.com/news/read/8285749/cegah-abu-vulkanik-mesin-pesawat-di-bandara-soekarno-hatta-dipasang-penutup,Netral,0.0,,,,
2026-09-06 15:25:29,iNews Nasional,Peristiwa & Hukum,"Nasional 2 jam lalu Tetap Tenang, Ini Cara Lindungi Diri dari Abu Vulkanik Gunung Anak Krakatau",https://www.inews.id/news/nasional/tetap-tenang-ini-cara-lindungi-diri-dari-abu-vulkanik-gunung-anak-krakatau,Netral,0.0,,,,
2026-09-06 15:25:29,Liputan6 News,Hukum & Politik,"Anak Krakatau Erupsi, Prabowo Tekankan Keselamatan Warga",https://www.liputan6.com/news/read/8285805/anak-krakatau-erupsi-prabowo-tekankan-keselamatan-warga,Netral,0.0,,,,
2026-09-06 15:25:29,Liputan6 News,Hukum & Politik,"Depok Terdampak Abu Vulkanik Anak Krakatau, tapi CFD Tetap Ramai",https://www.liputan6.com/news/read/8285715/depok-terdampak-abu-vulkanik-anak-krakatau-tapi-cfd-tetap-ramai,Netral,0.0,,,,
2026-09-06 15:25:29,Liputan6 News,Hukum & Politik,"Hadapi Abu Anak Krakatau, Kemenkes Aktifkan Pusat Darurat",https://www.liputan6.com/news/read/8285800/hadapi-abu-anak-krakatau-kemenkes-aktifkan-pusat-darurat,Negatif,-100.0,,,,
2026-09-06 15:25:29,Kompas.com Nasional,Nasional & Kebijakan,Basarnas Tingkatkan Kesiapsiagaan Antisipasi Dampak Erupsi Gunung Anak Krakatau Nasional,https://nasional.kompas.com/read/2026/09/06/15031051/basarnas-tingkatkan-kesiapsiagaan-antisipasi-dampak-erupsi-gunung-anak,Netral,0.0,,,,
2026-09-06 15:25:29,detikNews,Berita & Peristiwa,"Abu Anak Krakatau Menyebar ke Jakarta, Modifikasi Cuaca Digelar Sampai Malam",https://news.detik.com/berita/d-8650677/abu-anak-krakatau-menyebar-ke-jakarta-modifikasi-cuaca-digelar-sampai-malam,Netral,0.0,,,,
2026-09-06 15:25:29,Liputan6 News,Hukum & Politik,Ketika Krakatau Memicu Kiamat Kecil: Dentuman Dahsyat yang Bikin Bulan Jadi Biru,https://www.liputan6.com/news/read/8285702/ketika-krakatau-memicu-kiamat-kecil-dentuman-dahsyat-yang-bikin-bulan-jadi-biru,Netral,0.0,,,,
2026-09-06 15:25:29,Liputan6 News,Hukum & Politik,"Langit Lampung Gelap Akibat Abu Anak Krakatau, Warga Mulai Sesak Napas",https://www.liputan6.com/news/read/8285722/langit-lampung-gelap-akibat-abu-anak-krakatau-warga-mulai-sesak-napas,Netral,0.0,,,,
2026-09-06 15:25:29,Kompas.com Nasional,Nasional & Kebijakan,"Erupsi Anak Krakatau Meningkat, Badan Geologi: Tak Otomatis Akan Terjadi Lebih Besar Nasional",https://nasional.kompas.com/read/2026/09/06/11261891/erupsi-anak-krakatau-meningkat-badan-geologi-tak-otomatis-akan-terjadi-lebih,Netral,0.0,,,,
2026-09-06 15:25:29,iNews Nasional,Peristiwa & Hukum,Nasional 20 menit lalu Bandara Soekarno-Hatta Ditutup hingga Pukul 17.30 WIB Imbas Erupsi Anak Krakatau,https://www.inews.id/news/nasional/bandara-soekarno-hatta-ditutup-hingga-pukul-1730-wib-imbas-erupsi-anak-krakatau,Netral,0.0,,,,
2026-09-06 15:25:29,Kompas.com Nasional,Nasional & Kebijakan,1 Bandara Soekarno-Hatta Ditutup Akibat Erupsi Gunung Anak Krakatau Megapolitan,https://megapolitan.kompas.com/read/2026/09/06/04495731/bandara-soekarno-hatta-ditutup-akibat-erupsi-gunung-anak-krakatau,Netral,0.0,,,,
2026-09-06 15:25:29,Kompas.com Nasional,Nasional & Kebijakan,"2 Keluarga Korban Kecelakaan KRL di Bekasi Tagih Santunan, Dedi Mulyadi: Hanya Sumbangsih, Tanggung Jawabnya di KAI Megapolitan",https://megapolitan.kompas.com/read/2026/09/06/01001471/keluarga-korban-kecelakaan-krl-di-bekasi-tagih-santunan-dedi-mulyadi,Negatif,-100.0,,,,
2026-09-06 15:25:29,Kompas.com Nasional,Nasional & Kebijakan,"3 Ribuan Orang Saksikan Jet Tempur F-4 Jatuh, 2 Pilot Tewas Internasional",https://internasional.kompas.com/read/2026/09/06/050000270/ribuan-orang-saksikan-jet-tempur-f-4-jatuh-2-pilot-tewas,Negatif,-100.0,,,,
2026-09-06 15:25:29,Kompas.com Nasional,Nasional & Kebijakan,4 Abu Vulkanik Gunung Anak Krakatau Meluas Selimuti Banten dan Sebagian Jakarta Regional,https://regional.kompas.com/read/2026/09/06/073257678/abu-vulkanik-gunung-anak-krakatau-meluas-selimuti-banten-dan-sebagian,Netral,0.0,,,,
2026-09-06 15:25:29,iNews Nasional,Peristiwa & Hukum,"Nasional 2 jam lalu Detik-Detik Nelayan Berada Dekat Gunung Anak Krakatau saat Erupsi, Menegangkan!",https://www.inews.id/news/nasional/detik-detik-nelayan-berada-dekat-gunung-anak-krakatau-saat-erupsi-menegangkan,Netral,0.0,,,,
2026-09-06 15:25:29,Kompas.com Nasional,Nasional & Kebijakan,"5 Abu Vulkanik Anak Krakatau Sampai Bogor, Debu Nempel di Motor hingga Layar Ponsel Megapolitan",https://megapolitan.kompas.com/read/2026/09/06/06503951/abu-vulkanik-anak-krakatau-sampai-bogor-debu-nempel-di-motor-hingga-layar,Netral,0.0,,,,
2026-09-06 15:25:29,iNews Nasional,Peristiwa & Hukum,"Nasional 1 jam lalu Imbas Erupsi Anak Krakatau, 2 Pesawat dari Arab Saudi Dialihkan ke Bandara Kertajati",https://www.inews.id/news/nasional/imbas-erupsi-anak-krakatau-2-pesawat-dari-arab-saudi-dialihkan-ke-bandara-kertajati,Netral,0.0,,,,
2026-09-06 15:25:29,SINDOnews Nasional,Nasional & Politik,"Humaniora Abu Gunung Anak Krakatau Ganggu Penerbangan, Badan Geologi: Dipengaruhi Arah Angin",https://nasional.sindonews.com/read/1746867/15/abu-gunung-anak-krakatau-ganggu-penerbangan-badan-geologi-dipengaruhi-arah-angin-1788671386,Netral,0.0,,,,
2026-09-06 15:25:29,iNews Nasional,Peristiwa & Hukum,"Nasional 1 jam lalu Gunung Anak Krakatau Erupsi, Kemenpar Imbau Warga Jauhi Pantai dan Pesisir",https://www.inews.id/news/nasional/gunung-anak-krakatau-erupsi-kemenpar-imbau-warga-jauhi-pantai-dan-pesisir,Netral,0.0,,,,
2026-09-06 15:25:29,detikNews,Berita & Peristiwa,Rumah Warga di Cilebut Bogor Rasakan Debu Vulkanik Anak Krakatau,https://news.detik.com/berita/d-8650686/rumah-warga-di-cilebut-bogor-rasakan-debu-vulkanik-anak-krakatau,Netral,0.0,,,,
2026-09-06 15:25:29,iNews Nasional,Peristiwa & Hukum,"Nasional Abu Vulkanik Anak Krakatau Masuk Jakarta, BNPB Langsung Modifikasi Cuaca Hari ini",https://www.inews.id/news/nasional/abu-vulkanik-anak-krakatau-masuk-jakarta-bnpb-langsung-modifikasi-cuaca-hari-ini,Netral,0.0,,,,
2026-09-06 15:25:29,iNews Nasional,Peristiwa & Hukum,Nasional 4 jam lalu Menkes Imbau Warga Terdampak Erupsi Gunung Anak Krakatau Tetap di Rumah dan Jangan Panik,https://www.inews.id/news/nasional/menkes-imbau-warga-terdampak-erupsi-gunung-anak-krakatau-tetap-di-rumah-dan-jangan-panik,Negatif,-100.0,,,,
2026-09-06 15:25:29,Kompas.com Nasional,Nasional & Kebijakan,"9 Abu Vulkanik Gunung Anak Krakatau sampai ke Sukabumi, Warga Diminta Pakai Masker Bandung",https://bandung.kompas.com/read/2026/09/05/233435278/abu-vulkanik-gunung-anak-krakatau-sampai-ke-sukabumi-warga-diminta-pakai,Netral,0.0,,,,
2026-09-06 15:25:29,iNews Nasional,Peristiwa & Hukum,"Nasional 3 jam lalu Gunung Anak Krakatau Erupsi, Kemenkes Siapkan Nebulizer hingga Obat Tetes Mata di Puskesmas",https://www.inews.id/news/nasional/gunung-anak-krakatau-erupsi-kemenkes-siapkan-nebulizer-hingga-obat-tetes-mata-di-puskesmas,Netral,0.0,,,,
2026-09-06 15:25:29,Liputan6 News,Hukum & Politik,"Erupsi Anak Krakatau, BMKG Sebut Peluang Muncul Tsunami di Bawah 40 Persen",https://www.liputan6.com/news/read/8285705/erupsi-anak-krakatau-bmkg-sebut-peluang-muncul-tsunami-di-bawah-40-persen,Netral,0.0,,,,
2026-09-06 15:25:29,Kompas.com Nasional,Nasional & Kebijakan,"8 Ditanya Kasus Keracunan MBG di Jatim, Khofifah: Pak Wagub Itu Lho Koordinator MBG Surabaya",https://surabaya.kompas.com/read/2026/09/05/223113778/ditanya-kasus-keracunan-mbg-di-jatim-khofifah-pak-wagub-itu-lho-koordinator,Negatif,-100.0,,,,
2026-09-06 15:25:29,Kompas.com Nasional,Nasional & Kebijakan,6 Botok Buka-bukaan soal Pertemuan dengan Dasco Sebelum Demo AMPB Regional,https://regional.kompas.com/read/2026/09/05/215534978/botok-buka-bukaan-soal-pertemuan-dengan-dasco-sebelum-demo-ampb,Negatif,-100.0,,,,
2026-09-06 11:00:31,detikNews,Berita & Peristiwa,Ahmad Muzani Ungkap MPR Siap Lanjutkan & Perluas Skala LKBB-PB di 2027,https://news.detik.com/berita/d-8650564/ahmad-muzani-ungkap-mpr-siap-lanjutkan-perluas-skala-lkbb-pb-di-2027,Netral,0.0,,,,
2026-09-06 11:00:31,iNews Nasional,Peristiwa & Hukum,"Nasional 15 menit lalu Aktivitas Gunung Anak Krakatau Meningkat, Badan Geologi: Tak Berpotensi Tsunami",https://www.inews.id/news/nasional/aktivitas-gunung-anak-krakatau-meningkat-badan-geologi-tak-berpotensi-tsunami,Netral,0.0,,,,
2026-09-06 11:00:31,detikNews,Berita & Peristiwa,Badan Geologi ESDM Beberkan Sebab Erupsi Gunung Anak Krakatau Berulang,https://news.detik.com/berita/d-8650594/badan-geologi-esdm-beberkan-sebab-erupsi-gunung-anak-krakatau-berulang,Netral,0.0,,,,
2026-09-06 11:00:31,detikNews,Berita & Peristiwa,"Waspada Paparan Abu Vulkanik Anak Krakatau, Ini Cara Melindungi Diri",https://news.detik.com/berita/d-8650603/waspada-paparan-abu-vulkanik-anak-krakatau-ini-cara-melindungi-diri,Netral,0.0,,,,
2026-09-06 11:00:31,Liputan6 News,Hukum & Politik,"Terganggu Abu Anak Krakatau, CFD Jakarta Berakhir Lebih Awal",https://www.liputan6.com/news/read/8285691/terganggu-abu-anak-krakatau-cfd-jakarta-berakhir-lebih-awal,Netral,0.0,,,,
2026-09-06 11:00:31,detikNews,Berita & Peristiwa,Sejumlah Warga Kabupaten Bandung Laporkan Hujan Abu,https://news.detik.com/berita/d-8650558/sejumlah-warga-kabupaten-bandung-laporkan-hujan-abu,Netral,0.0,,,,
2026-09-06 11:00:31,Liputan6 News,Hukum & Politik,Bandara Halim Ditutup hingga Pukul 14.00 Imbas Abu Vulkanik Anak Krakatau,https://www.liputan6.com/news/read/8285696/bandara-halim-ditutup-hingga-pukul-1400-imbas-abu-vulkanik-anak-krakatau,Netral,0.0,,,,
2026-09-06 11:00:31,detikNews,Berita & Peristiwa,"Erupsi Gunung Anak Krakatau, 11 Penerbangan Bandara Ahmad Yani Dibatalkan",https://news.detik.com/berita/d-8650590/erupsi-gunung-anak-krakatau-11-penerbangan-bandara-ahmad-yani-dibatalkan,Netral,0.0,,,,
2026-09-06 11:00:31,Liputan6 News,Hukum & Politik,"Hindari Debu Anak Krakatau, Dinkes DKI Imbau Warga Pakai Masker KN95-N95",https://www.liputan6.com/news/read/8285686/hindari-debu-anak-krakatau-dinkes-dki-imbau-warga-pakai-masker-kn95-n95,Netral,0.0,,,,
2026-09-06 10:21:12,detikNews,Berita & Peristiwa,"Erupsi Anak Krakatau, Warga di Jakbar Kaget Tiba-tiba Rumah Banyak Debu",https://news.detik.com/berita/d-8650482/erupsi-anak-krakatau-warga-di-jakbar-kaget-tiba-tiba-rumah-banyak-debu,Netral,0.0,,,,
2026-09-06 10:21:12,detikNews,Berita & Peristiwa,209 Penerbangan di Soetta Terdampak Akibat Abu Vulkanik Anak Krakatau,https://news.detik.com/berita/d-8650403/209-penerbangan-di-soetta-terdampak-akibat-abu-vulkanik-anak-krakatau,Netral,0.0,,,,
2026-09-06 10:21:12,Liputan6 News,Hukum & Politik,"Peserta Lari Terganggu Abu Anak Krakatau, Debu Masuk Sepatu dan Kaca Mata",https://www.liputan6.com/news/read/8285659/peserta-lari-terganggu-abu-anak-krakatau-debu-masuk-sepatu-dan-kaca-mata,Netral,0.0,,,,
2026-09-06 10:21:12,Kompas.com Nasional,Nasional & Kebijakan,"MPR Belum Bahas Produk Hukum untuk Atur PPHN, meski Ada Usulan Amendemen Terbatas Nasional",https://nasional.kompas.com/read/2026/09/06/07160551/mpr-belum-bahas-produk-hukum-untuk-atur-pphn-meski-ada-usulan-amendemen,Netral,0.0,,,,
2026-09-06 10:21:12,detikNews,Berita & Peristiwa,"Di Sorong, Menko Pangan Minta SPPG Perhatikan Gizi Ibu Hamil hingga Balita",https://news.detik.com/berita/d-8646348/di-sorong-menko-pangan-minta-sppg-perhatikan-gizi-ibu-hamil-hingga-balita,Netral,0.0,,,,
2026-09-06 10:21:12,detikNews,Berita & Peristiwa,Kapal Nelayan Kena Hujan Batu Erupsi Gunung Anak Krakatau di Lampung,https://news.detik.com/berita/d-8650380/kapal-nelayan-kena-hujan-batu-erupsi-gunung-anak-krakatau-di-lampung,Netral,0.0,,,,
2026-09-06 10:21:12,detikNews,Berita & Peristiwa,Fakta Terbaru Perkara Saldo TikTok Vilmei Dibagi-bagi 3 Tersangka,https://news.detik.com/berita/d-8650441/fakta-terbaru-perkara-saldo-tiktok-vilmei-dibagi-bagi-3-tersangka,Netral,0.0,,,,
2026-09-06 10:21:12,detikNews,Berita & Peristiwa,"Abu Anak Krakatau Sampai ke Bundaran HI, Warga Olahraga Pakai Masker",https://news.detik.com/berita/d-8650413/abu-anak-krakatau-sampai-ke-bundaran-hi-warga-olahraga-pakai-masker,Netral,0.0,,,,
2026-09-06 10:21:12,detikNews,Berita & Peristiwa,Suara Warga Harap Sisa Kuota Internet Tak Hangus Beneran Nyata,https://news.detik.com/berita/d-8650408/suara-warga-harap-sisa-kuota-internet-tak-hangus-beneran-nyata,Netral,0.0,,,,
2026-09-06 10:21:12,detikNews,Berita & Peristiwa,"Temuan Keracunan MBG Diproses Hukum, Legislator Dorong Investigasi Tiap Kejadian",https://news.detik.com/berita/d-8650400/temuan-keracunan-mbg-diproses-hukum-legislator-dorong-investigasi-tiap-kejadian,Netral,0.0,,,,
2026-09-06 10:21:12,detikNews,Berita & Peristiwa,"Suasana Bandara Soetta yang Ditutup Sementara, Penumpang Tertahan",https://news.detik.com/berita/d-8650395/suasana-bandara-soetta-yang-ditutup-sementara-penumpang-tertahan,Netral,0.0,,,,
2026-09-06 10:21:12,Kompas.com Nasional,Nasional & Kebijakan,AHY Wanti-wanti PSN Jangan Sampai Jadi Sumber Kebocoran Negara Nasional,https://nasional.kompas.com/read/2026/09/06/07564101/ahy-wanti-wanti-psn-jangan-sampai-jadi-sumber-kebocoran-negara,Netral,0.0,,,,
2026-09-06 10:21:12,detikNews,Berita & Peristiwa,Pegawai Restoran di Palu Tewas Usai Terjepit Lift Rusak,https://news.detik.com/berita/d-8650383/pegawai-restoran-di-palu-tewas-usai-terjepit-lift-rusak,Negatif,-100.0,,,,
2026-09-06 10:21:12,detikNews,Berita & Peristiwa,Kesaksian Warga soal Kecelakaan Beruntun di Jakbar Tewaskan Pasturi dan Anak,https://news.detik.com/berita/d-8650377/kesaksian-warga-soal-kecelakaan-beruntun-di-jakbar-tewaskan-pasturi-dan-anak,Negatif,-100.0,,,,
2026-09-06 10:21:12,Kompas.com Nasional,Nasional & Kebijakan,Pasar Kursi Kedokteran di Balik Jalur Mandiri Nasional,https://nasional.kompas.com/read/2026/09/06/07100051/pasar-kursi-kedokteran-di-balik-jalur-mandiri,Netral,0.0,,,,
2026-09-06 10:21:12,Kompas.com Nasional,Nasional & Kebijakan,"Keracunan MBG, Masalah yang Berulang Selepas Evaluasi Nasional",https://nasional.kompas.com/read/2026/09/06/08334111/keracunan-mbg-masalah-yang-berulang-selepas-evaluasi,Netral,0.0,,,,
2026-09-06 10:21:12,Kompas.com Nasional,Nasional & Kebijakan,"Sahabat Literasi Dorong Minat Baca Siswa Sekolah Rakyat, 1 Novel Bisa Tuntas Sehari Nasional",https://nasional.kompas.com/read/2026/09/06/08304701/sahabat-literasi-dorong-minat-baca-siswa-sekolah-rakyat-1-novel-bisa-tuntas,Netral,0.0,,,,
2026-09-06 10:21:12,Liputan6 News,Hukum & Politik,Abu Vulkanik Anak Krakatau Sampai Jakarta,https://www.liputan6.com/news/read/8285608/abu-vulkanik-anak-krakatau-sampai-jakarta,Netral,0.0,,,,
2026-09-06 10:21:12,Kompas.com Nasional,Nasional & Kebijakan,"Update Gempa NTT: Sekolah Mulai Dibuka, Aktivitas Warga Diklaim Pulih Nasional",https://nasional.kompas.com/read/2026/09/06/07310701/update-gempa-ntt-sekolah-mulai-dibuka-aktivitas-warga-diklaim-pulih,Netral,0.0,,,,
2026-09-06 10:21:12,Kompas.com Nasional,Nasional & Kebijakan,"Manajer Kopdes: Ikatan Dinas Iya, Kerja Nanti Dulu Nasional",https://nasional.kompas.com/read/2026/09/06/09251851/manajer-kopdes-ikatan-dinas-iya-kerja-nanti-dulu,Netral,0.0,,,,
2026-09-06 10:21:12,detikNews,Berita & Peristiwa,"Gunung Anak Krakatau Erupsi, Kapal Dilarang Mendekat Radius 3 Km",https://news.detik.com/berita/d-8650505/gunung-anak-krakatau-erupsi-kapal-dilarang-mendekat-radius-3-km,Netral,0.0,,,,
2026-09-06 10:21:12,detikNews,Berita & Peristiwa,CFD Sudirman-Thamrin Selesai Lebih Cepat Pagi Ini Imbas Abu Anak Krakatau,https://news.detik.com/berita/d-8650517/cfd-sudirman-thamrin-selesai-lebih-cepat-pagi-ini-imbas-abu-anak-krakatau,Netral,0.0,,,,
2026-09-06 10:21:12,detikNews,Berita & Peristiwa,â Vonis Terbaru 2 Tentara Kasus Andrie Yunus Lebih Ringan Tuai Kritikan,https://news.detik.com/berita/d-8650457/vonis-terbaru-2-tentara-kasus-andrie-yunus-lebih-ringan-tuai-kritikan,Negatif,-100.0,,,,
2026-09-06 10:21:12,detikNews,Berita & Peristiwa,KAI Imbau Penumpang KRL Pakai Masker Imbas Erupsi Gunung Anak Krakatau,https://news.detik.com/berita/d-8650466/kai-imbau-penumpang-krl-pakai-masker-imbas-erupsi-gunung-anak-krakatau,Netral,0.0,,,,
2026-09-06 10:21:12,detikNews,Berita & Peristiwa,Sejumlah Warga di Jakarta Rasakan Mata Perih dan Napas Berat Pagi Ini,https://news.detik.com/berita/d-8650475/sejumlah-warga-di-jakarta-rasakan-mata-perih-dan-napas-berat-pagi-ini,Netral,0.0,,,,
2026-09-06 10:21:12,detikNews,Berita & Peristiwa,DLH DKI Imbau Warga Kurangi Kegiatan Luar Ruangan Imbas Abu Anak Krakatau,https://news.detik.com/berita/d-8650548/dlh-dki-imbau-warga-kurangi-kegiatan-luar-ruangan-imbas-abu-anak-krakatau,Netral,0.0,,,,
2026-09-06 10:21:12,detikNews,Berita & Peristiwa,"Banyak Aduan soal Abu Anak Krakatau, BPBD Bogor Minta Warga Pakai Masker",https://news.detik.com/berita/d-8650545/banyak-aduan-soal-abu-anak-krakatau-bpbd-bogor-minta-warga-pakai-masker,Netral,0.0,,,,
2026-09-06 10:21:12,detikNews,Berita & Peristiwa,Bandara Soetta Ditutup hingga Pukul 13.30 WIB Imbas Erupsi Anak Krakatau,https://news.detik.com/berita/d-8650518/bandara-soetta-ditutup-hingga-pukul-13-30-wib-imbas-erupsi-anak-krakatau,Netral,0.0,,,,
2026-09-06 10:21:12,detikNews,Berita & Peristiwa,"Abu Anak Krakatau Menyebar Hingga Bogor, Warga Kaget Mobilnya Penuh Debu",https://news.detik.com/berita/d-8650443/abu-anak-krakatau-menyebar-hingga-bogor-warga-kaget-mobilnya-penuh-debu,Netral,0.0,,,,
2026-09-06 10:21:12,detikNews,Berita & Peristiwa,Warga Depok Nggak Nyangka Lantai-Jok Motor Berdebu Dampak Anak Krakatau,https://news.detik.com/berita/d-8650512/warga-depok-nggak-nyangka-lantai-jok-motor-berdebu-dampak-anak-krakatau,Netral,0.0,,,,
2026-09-06 10:21:12,detikNews,Berita & Peristiwa,Gunung Semeru Juga Erupsi Pagi Ini,https://news.detik.com/berita/d-8650506/gunung-semeru-juga-erupsi-pagi-ini,Netral,0.0,,,,
2026-09-06 10:21:12,Kompas.com Nasional,Nasional & Kebijakan,"Jokowi Ingatkan Pemimpin untuk Memahami Rakyat, Tak Hanya Paham Kekuasaan Nasional",https://nasional.kompas.com/read/2026/09/06/09030211/jokowi-ingatkan-pemimpin-untuk-memahami-rakyat-tak-hanya-paham-kekuasaan,Netral,0.0,,,,
2026-09-06 10:21:12,detikNews,Berita & Peristiwa,SMK Negeri 2 Garut Sabet Juara 1 LKBB-PB MPR RI Tingkat Nasional,https://news.detik.com/berita/d-8650504/smk-negeri-2-garut-sabet-juara-1-lkbb-pb-mpr-ri-tingkat-nasional,Positif,100.0,,,,
2026-09-06 10:21:12,detikNews,Berita & Peristiwa,"Abu Anak Krakatau Sampai Bundaran HI, Polisi Imbau Warga CFD Pakai Masker",https://news.detik.com/berita/d-8650493/abu-anak-krakatau-sampai-bundaran-hi-polisi-imbau-warga-cfd-pakai-masker,Netral,0.0,,,,
2026-09-06 10:21:12,detikNews,Berita & Peristiwa,"Penerbangan di Bandara Soetta Ditutup Sementara, Warga Cari Tiket Kereta-Bus",https://news.detik.com/berita/d-8650494/penerbangan-di-bandara-soetta-ditutup-sementara-warga-cari-tiket-kereta-bus,Netral,0.0,,,,
2026-09-06 10:21:12,detikNews,Berita & Peristiwa,Cerita WN Malaysia Tertahan di Soetta Imbas Abu Anak Krakatau: Kuasa Tuhan,https://news.detik.com/berita/d-8650484/cerita-wn-malaysia-tertahan-di-soetta-imbas-abu-anak-krakatau-kuasa-tuhan,Netral,0.0,,,,
2026-09-06 10:21:12,Kompas.com Nasional,Nasional & Kebijakan,"AHY: Hukum Tak Boleh Dipengaruhi Nama, Jabatan, atau Kedekatan dengan Kekuasaan Nasional",https://nasional.kompas.com/read/2026/09/06/07480341/ahy-hukum-tak-boleh-dipengaruhi-nama-jabatan-atau-kedekatan-dengan-kekuasaan,Netral,0.0,,,,
2026-09-06 10:21:12,SINDOnews Nasional,Nasional & Politik,5 Hukum Koalisi Masyarakat Sipil Kecam Putusan Banding Prajurit TNI Penyiram Air Keras terhadap Andrie Yunus,https://nasional.sindonews.com/read/1746593/13/koalisi-masyarakat-sipil-kecam-putusan-banding-prajurit-tni-penyiram-air-keras-terhadap-andrie-yunus-1788588540,Netral,0.0,,,,
2026-09-06 10:21:12,detikNews,Berita & Peristiwa,Warga Pondok Cabe Tangsel Juga Terdampak Hujan Abu Anak Krakatau,https://news.detik.com/berita/d-8650447/warga-pondok-cabe-tangsel-juga-terdampak-hujan-abu-anak-krakatau,Netral,0.0,,,,
2026-09-06 10:21:12,Liputan6 News,Hukum & Politik,Cerita Warga Bekasi Rumahnya Tiba-Tiba Penuh Abu Vulkanik Anak Krakatau,https://www.liputan6.com/news/read/8285667/cerita-warga-bekasi-rumahnya-tiba-tiba-penuh-abu-vulkanik-anak-krakatau,Netral,0.0,,,,
2026-09-06 10:21:12,iNews Nasional,Peristiwa & Hukum,Nasional Bandara Soekarno-Hatta Ditutup Sementara Imbas Erupsi Gunung Anak Krakatau,https://www.inews.id/news/nasional/bandara-soekarno-hatta-ditutup-sementara-imbas-erupsi-gunung-anak-krakatau,Netral,0.0,,,,
2026-09-06 10:21:12,iNews Nasional,Peristiwa & Hukum,Nasional 57 menit lalu Suasana Bandara Halim Perdanakusuma usai Ditutup karena Abu Vulkanik Anak Krakatau,https://www.inews.id/news/nasional/suasana-bandara-halim-perdanakusuma-usai-ditutup-karena-abu-vulkanik-anak-krakatau,Netral,0.0,,,,
2026-09-06 10:21:12,iNews Nasional,Peristiwa & Hukum,"Nasional 3 jam lalu Bandara Soetta Ditutup Imbas Erupsi Gunung Anak Krakatau, 22.798 Penumpang Terdampak",https://www.inews.id/news/nasional/bandara-soetta-ditutup-imbas-erupsi-gunung-anak-krakatau-22798-penumpang-terdampak,Netral,0.0,,,,
2026-09-06 10:21:12,Kompas.com Nasional,Nasional & Kebijakan,"Ketika ""Paru-paru Dunia"" Diselimuti Asap Karhutla Nasional",https://nasional.kompas.com/read/2026/09/06/06525031/ketika-paru-paru-dunia-diselimuti-asap-karhutla,Netral,0.0,,,,
2026-09-06 10:21:12,iNews Nasional,Peristiwa & Hukum,Megapolitan Anggota DPRD DKI Dukung Usulan Tiket Masuk Ragunan Jadi Rp10.000: 20 Tahun Tak Pernah Naik,https://www.inews.id/news/megapolitan/anggota-dprd-dki-dukung-usulan-tiket-masuk-ragunan-jadi-rp10000-20-tahun-tak-pernah-naik,Positif,100.0,,,,
2026-09-06 10:21:12,detikNews,Berita & Peristiwa,Legislator PDIP Minta Penyidik PNS Proaktif Telaah Kasus Keracunan MBG,https://news.detik.com/berita/d-8650460/legislator-pdip-minta-penyidik-pns-proaktif-telaah-kasus-keracunan-mbg,Negatif,-100.0,,,,
2026-09-06 10:21:12,iNews Nasional,Peristiwa & Hukum,"Nasional 4 jam lalu AHY: Kekuasaan Bukan Milik Seseorang Selamanya, Punya Batas Waktu",https://www.inews.id/news/nasional/ahy-kekuasaan-bukan-milik-seseorang-selamanya-punya-batas-waktu,Netral,0.0,,,,
2026-09-06 10:21:12,Liputan6 News,Hukum & Politik,"Terdampak Abu Anak Krakatau, Anies Sampai Bisa Tulis Pesan di Mobil Berdebu",https://www.liputan6.com/news/read/8285656/terdampak-abu-anak-krakatau-anies-sampai-bisa-tulis-pesan-di-mobil-berdebu,Netral,0.0,,,,
2026-09-06 10:21:12,Kompas.com Nasional,Nasional & Kebijakan,10 Malam Ini Dentuman dan Getaran Gunung Anak Krakatau Masih Terasa di Pesisir Serang Banten Regional,https://regional.kompas.com/read/2026/09/05/193255578/malam-ini-dentuman-dan-getaran-gunung-anak-krakatau-masih-terasa-di-pesisir,Netral,0.0,,,,
2026-09-06 10:21:12,Liputan6 News,Hukum & Politik,"Imbas Abu Vulkanik Anak Krakatau, 209 Penerbangan di Bandara Soetta Dibatalkan",https://www.liputan6.com/news/read/8285635/imbas-abu-vulkanik-anak-krakatau-209-penerbangan-di-bandara-soetta-dibatalkan,Netral,0.0,,,,
2026-09-06 10:21:12,Liputan6 News,Hukum & Politik,"Abu Anak Krakatau Sampai Jakarta, Warga Mengeluh Udara Lebih Sesak",https://www.liputan6.com/news/read/8285637/abu-anak-krakatau-sampai-jakarta-warga-mengeluh-udara-lebih-sesak,Netral,0.0,,,,
2026-09-06 10:21:12,detikNews,Berita & Peristiwa,"Kepala BGN Serahkan Kasus MBG ke Aparat, Waka Komisi IX DPR: Tindakan Tegas",https://news.detik.com/berita/d-8650474/kepala-bgn-serahkan-kasus-mbg-ke-aparat-waka-komisi-ix-dpr-tindakan-tegas,Negatif,-100.0,,,,
2026-09-06 10:21:12,Liputan6 News,Hukum & Politik,"Teras Rumah Warga Jaktim Berdebu Tebal Pagi Ini, Diduga Abu Anak Krakatau",https://www.liputan6.com/news/read/8285621/teras-rumah-warga-jaktim-berdebu-tebal-pagi-ini-diduga-abu-anak-krakatau,Netral,0.0,,,,
2026-09-06 10:21:12,iNews Nasional,Peristiwa & Hukum,"Nasional 3 jam lalu Gunung Anak Krakatau Meletus Pagi Ini, Ketinggian Abu Vulkanik Tidak Teramati",https://www.inews.id/news/nasional/gunung-anak-krakatau-meletus-pagi-ini-ketinggian-abu-vulkanik-tidak-teramati,Netral,0.0,,,,
2026-09-06 10:21:12,Liputan6 News,Hukum & Politik,Penutupan Bandara Soekarno-Hatta Diperpanjang Imbas Erupsi Anak Krakatau,https://www.liputan6.com/news/read/8285617/penutupan-bandara-soekarno-hatta-diperpanjang-imbas-erupsi-anak-krakatau,Netral,0.0,,,,
2026-09-06 10:21:12,iNews Nasional,Peristiwa & Hukum,"Nasional 3 jam lalu Dentuman Misterius Terdengar di Bandung, Benarkah dari Erupsi Gunung Anak Krakatau?",https://www.inews.id/news/nasional/dentuman-misterius-terdengar-di-bandung-benarkah-dari-erupsi-gunung-anak-krakatau,Netral,0.0,,,,
2026-09-06 10:21:12,Kompas.com Nasional,Nasional & Kebijakan,"Jusuf Kalla Soroti Sarjana Menganggur, Usulkan Pendidikan yang Holistik Nasional",https://nasional.kompas.com/read/2026/09/06/06592191/jusuf-kalla-soroti-sarjana-menganggur-usulkan-pendidikan-yang-holistik,Netral,0.0,,,,
2026-09-06 10:21:12,iNews Nasional,Peristiwa & Hukum,"Nasional 2 jam lalu Abu Vulkanik Anak Krakatau Capai Sebagian Jakarta, Ini Suasana CFD Rasuna Said",https://www.inews.id/news/nasional/abu-vulkanik-anak-krakatau-capai-sebagian-jakarta-ini-suasana-cfd-rasuna-said,Netral,0.0,,,,
2026-09-06 10:21:12,iNews Nasional,Peristiwa & Hukum,"Nasional 2 jam lalu Selain Soetta, Bandara Halim Ditutup Sementara Imbas Abu Vulkanik Anak Krakatau",https://www.inews.id/news/nasional/selain-soetta-bandara-halim-ditutup-sementara-imbas-abu-vulkanik-anak-krakatau,Netral,0.0,,,,
2026-09-06 10:21:12,iNews Nasional,Peristiwa & Hukum,"Nasional Catat! Penutupan Bandara Soetta Diperpanjang, Terganggu Erupsi Gunung Anak Krakatau",https://www.inews.id/news/nasional/catat-penutupan-bandara-soetta-diperpanjang-terganggu-erupsi-gunung-anak-krakatau,Netral,0.0,,,,
2026-09-06 10:21:12,Kompas.com Nasional,Nasional & Kebijakan,Jurus Pemerintah Selamatkan Satwa Liar dari Kepungan Karhutla Nasional,https://nasional.kompas.com/read/2026/09/06/06375541/jurus-pemerintah-selamatkan-satwa-liar-dari-kepungan-karhutla,Netral,0.0,,,,
2026-09-06 10:21:12,Kompas.com Nasional,Nasional & Kebijakan,Tentara Bayaran dan Paradoks Nasionalisme Nasional,https://nasional.kompas.com/read/2026/09/06/06221581/tentara-bayaran-dan-paradoks-nasionalisme,Netral,0.0,,,,
2026-09-06 10:21:12,Kompas.com Nasional,Nasional & Kebijakan,Babak Baru Kasus Andrie Yunus: Desakan Kasasi dan Periksa Putusan Banding Nasional,https://nasional.kompas.com/read/2026/09/06/06165211/babak-baru-kasus-andrie-yunus-desakan-kasasi-dan-periksa-putusan-banding,Negatif,-100.0,,,,
2026-09-06 10:21:12,Kompas.com Nasional,Nasional & Kebijakan,Prabowo Terima Dubes AS di Hambalang Usai Lawatan ke Rusia Nasional,https://nasional.kompas.com/read/2026/09/06/05563161/prabowo-terima-dubes-as-di-hambalang-usai-lawatan-ke-rusia,Netral,0.0,,,,
2026-09-06 10:21:12,Liputan6 News,Hukum & Politik,"Imbas Erupsi Anak Krakatau, Penumpang Menumpuk di Bandara Soekarno-Hatta",https://www.liputan6.com/news/read/8285613/imbas-erupsi-anak-krakatau-penumpang-menumpuk-di-bandara-soekarno-hatta,Netral,0.0,,,,
2026-09-06 10:21:12,Kompas.com Nasional,Nasional & Kebijakan,"8 Dentuman Keras dan Gemuruh terdengar di Bandung, Tembok dan Kaca Bergetar Bandung",https://bandung.kompas.com/read/2026/09/05/103533578/dentuman-keras-dan-gemuruh-terdengar-di-bandung-tembok-dan-kaca-bergetar,Netral,0.0,,,,
2026-09-06 10:21:12,Kompas.com Nasional,Nasional & Kebijakan,"9 Abu Vulkanik Gunung Anak Krakatau sampai ke Banten, Warga Diminta Pakai Masker Bandung",https://bandung.kompas.com/read/2026/09/05/181805878/abu-vulkanik-gunung-anak-krakatau-sampai-ke-banten-warga-diminta-pakai,Netral,0.0,,,,
2026-09-06 10:21:12,iNews Nasional,Peristiwa & Hukum,"Nasional 7 menit lalu Abu Vulkanik Gunung Anak Krakatau Capai Jakarta, Warga Diminta Pakai Masker",https://www.inews.id/news/nasional/abu-vulkanik-gunung-anak-krakatau-capai-jakarta-warga-diminta-pakai-masker,Netral,0.0,,,,
2026-09-06 10:21:12,SINDOnews Nasional,Nasional & Politik,"Hukum Profil Irjen Pol Ruslan Ependi, Koorsahli Kapolri Teman Satu Angkatan Jenderal Listyo Sigit Prabowo",https://nasional.sindonews.com/read/1746775/13/profil-irjen-pol-ruslan-ependi-koorsahli-kapolri-teman-satu-angkatan-jenderal-listyo-sigit-prabowo-1788649741,Netral,0.0,,,,
2026-09-06 10:21:12,SINDOnews Nasional,Nasional & Politik,Politik Survei Median: Mayoritas Publik Puas Program Sekolah Rakyat,https://nasional.sindonews.com/read/1746825/12/survei-median-mayoritas-publik-puas-program-sekolah-rakyat-1788660596,Netral,0.0,,,,
2026-09-06 10:21:12,SINDOnews Nasional,Nasional & Politik,"Opini Pemerintahan Desa, Menuju ke Mana?",https://nasional.sindonews.com/read/1746823/18/pemerintahan-desa-menuju-ke-mana-1788660548,Netral,0.0,,,,
2026-09-06 10:21:12,SINDOnews Nasional,Nasional & Politik,"Humaniora Misteri Suara Dentuman Bandung, Akibat Erupsi Anak Krakatau?",https://nasional.sindonews.com/read/1746769/15/misteri-suara-dentuman-bandung-akibat-erupsi-anak-krakatau-1788649782,Netral,0.0,,,,
2026-09-06 10:21:12,SINDOnews Nasional,Nasional & Politik,3 Politik Xanana Gusmao Ucapkan Terima Kasih kepada Jokowi: Anda Ada di Hati Rakyat Timor Leste,https://nasional.sindonews.com/read/1746479/12/xanana-gusmao-ucapkan-terima-kasih-kepada-jokowi-anda-ada-di-hati-rakyat-timor-leste-1788534576,Netral,0.0,,,,
2026-09-06 10:21:12,iNews Nasional,Peristiwa & Hukum,"Nasional Penumpang Menumpuk di Bandara Soetta, Penerbangan Dibatalkan karena Erupsi Anak Krakatau",https://www.inews.id/news/nasional/penumpang-menumpuk-di-bandara-soetta-penerbangan-dibatalkan-karena-erupsi-anak-krakatau,Netral,0.0,,,,
2026-09-06 10:21:12,Kompas.com Nasional,Nasional & Kebijakan,"7 Jadwal Pemadaman Listrik dan Wilayah Terdampak di Makassar Hari Ini, Sabtu 5 September 2026 Makassar",https://makassar.kompas.com/read/2026/09/05/154011078/jadwal-pemadaman-listrik-dan-wilayah-terdampak-di-makassar-hari-ini-sabtu-5,Netral,0.0,,,,
2026-09-06 06:35:51,detikNews,Berita & Peristiwa,Bandara Soetta Masih Ditutup hingga 09.30 WIB Imbas Erupsi Anak Krakatau,https://news.detik.com/berita/d-8650374/bandara-soetta-masih-ditutup-hingga-09-30-wib-imbas-erupsi-anak-krakatau,Netral,0.0,,,,
2026-09-06 06:35:51,detikNews,Berita & Peristiwa,"33 Penerbangan di Soetta Terdampak Erupsi Anak Krakatau, Ini Daftarnya",https://news.detik.com/berita/d-8650365/33-penerbangan-di-soetta-terdampak-erupsi-anak-krakatau-ini-daftarnya,Netral,0.0,,,,
2026-09-06 06:35:51,detikNews,Berita & Peristiwa,BMKG: Sebaran Abu Anak Krakatau Sampai ke Sebagian Wilayah Jakarta,https://news.detik.com/berita/d-8650361/bmkg-sebaran-abu-anak-krakatau-sampai-ke-sebagian-wilayah-jakarta,Netral,0.0,,,,
2026-09-06 06:35:51,detikNews,Berita & Peristiwa,Sopir Mobil Listrik Pemicu Kecelakaan Maut di Jakbar Alami Luka-luka,https://news.detik.com/berita/d-8650366/sopir-mobil-listrik-pemicu-kecelakaan-maut-di-jakbar-alami-luka-luka,Negatif,-100.0,,,,
2026-09-06 06:35:51,detikNews,Berita & Peristiwa,Menteri Imipas Perkuat Sinergi Indonesia-Malaysia untuk Pelindungan PMI,https://news.detik.com/berita/d-8650354/menteri-imipas-perkuat-sinergi-indonesia-malaysia-untuk-pelindungan-pmi,Netral,0.0,,,,
2026-09-06 06:35:51,detikNews,Berita & Peristiwa,"Anak Krakatau Erupsi Lagi dengan Durasi 30 Detik, Jauhi Radius 3 Km",https://news.detik.com/berita/d-8650370/anak-krakatau-erupsi-lagi-dengan-durasi-30-detik-jauhi-radius-3-km,Netral,0.0,,,,
2026-09-06 06:35:51,detikNews,Berita & Peristiwa,Cerita dari JPO Cawang: Masih di Tengah Jalan Padahal Sudah Nyeberang,https://news.detik.com/berita/d-8650375/cerita-dari-jpo-cawang-masih-di-tengah-jalan-padahal-sudah-nyeberang,Netral,0.0,,,,
2026-09-06 06:35:51,detikNews,Berita & Peristiwa,BMKG Ungkap 2 Klaster Sebaran Abu Anak Krakatau: Arah Lampung dan Jakarta,https://news.detik.com/berita/d-8650368/bmkg-ungkap-2-klaster-sebaran-abu-anak-krakatau-arah-lampung-dan-jakarta,Netral,0.0,,,,
2026-09-06 06:35:51,detikNews,Berita & Peristiwa,"Hujan Abu Vulkanik Krakatau di Wilayah Banten, Warga Diimbau Pakai Masker",https://news.detik.com/berita/d-8650358/hujan-abu-vulkanik-krakatau-di-wilayah-banten-warga-diimbau-pakai-masker,Netral,0.0,,,,
2026-09-06 06:35:51,Liputan6 News,Hukum & Politik,"Erupsi Anak Krakatau, Bandara Soekarno-Hatta Ditutup Sementara",https://www.liputan6.com/news/read/8285590/erupsi-anak-krakatau-bandara-soekarno-hatta-ditutup-sementara,Netral,0.0,,,,
2026-09-06 06:35:51,Liputan6 News,Hukum & Politik,"Singgung Reformasi 1998, AHY Ingatkan TNI-Polri Tetap Netral",https://www.liputan6.com/news/read/8285591/singgung-reformasi-1998-ahy-ingatkan-tni-polri-tetap-netral,Netral,0.0,,,,
2026-09-06 06:35:51,iNews Nasional,Peristiwa & Hukum,"Nasional 20 menit lalu Daftar Harga BBM Pertamina 6 September 2026 di Seluruh Indonesia, Cek Sebelum Bepergian",https://www.inews.id/news/nasional/daftar-harga-bbm-pertamina-6-september-2026-di-seluruh-indonesia-cek-sebelum-bepergian,Netral,0.0,,,,
2026-09-06 06:35:51,detikNews,Berita & Peristiwa,16 Penerbangan Internasional Dibatalkan Imbas Erupsi Anak Krakatau,https://news.detik.com/berita/d-8650355/16-penerbangan-internasional-dibatalkan-imbas-erupsi-anak-krakatau,Netral,0.0,,,,
2026-09-06 06:35:51,Liputan6 News,Hukum & Politik,"Hujan Abu Anak Krakatau, Warga Serang Keluhkan Mata Perih dan Ganggu Sekolah",https://www.liputan6.com/news/read/8285595/hujan-abu-anak-krakatau-warga-serang-keluhkan-mata-perih-dan-ganggu-sekolah,Netral,0.0,,,,
2026-09-06 06:35:51,Liputan6 News,Hukum & Politik,AHY Ingatkan Kader Demokrat Jangan Datang Saat Pemilu Saja ke Rakyat,https://www.liputan6.com/news/read/8285588/ahy-ingatkan-kader-demokrat-jangan-datang-saat-pemilu-saja-ke-rakyat,Netral,0.0,,,,
2026-09-06 06:35:51,detikNews,Berita & Peristiwa,"Tabrakan Beruntun di Tol Palindra Sumsel, 14 Orang Luka",https://news.detik.com/berita/d-8650345/tabrakan-beruntun-di-tol-palindra-sumsel-14-orang-luka,Netral,0.0,,,,
2026-09-06 06:35:51,detikNews,Berita & Peristiwa,"Anak Krakatau Erupsi, Bandara Soetta Ditutup Sementara hingga Pukul 05.30 WIB",https://news.detik.com/berita/d-8650347/anak-krakatau-erupsi-bandara-soetta-ditutup-sementara-hingga-pukul-05-30-wib,Netral,0.0,,,,
2026-09-06 06:35:51,iNews Nasional,Peristiwa & Hukum,"Nasional AHY: Demokrat Bagian Pemerintahan Prabowo, Kita Perjuangkan Keberhasilan Indonesia",https://www.inews.id/news/nasional/ahy-demokrat-bagian-pemerintahan-prabowo-kita-perjuangkan-keberhasilan-indonesia,Netral,0.0,,,,
2026-09-06 02:45:11,Kompas.com Nasional,Nasional & Kebijakan,3 Pembunuh Mozza Ditangkap saat Lagi Nonton Voli Regional,https://regional.kompas.com/read/2026/09/05/105905478/pembunuh-mozza-ditangkap-saat-lagi-nonton-voli,Netral,0.0,,,,
2026-09-06 02:45:11,Kompas.com Nasional,Nasional & Kebijakan,"5 Dentuman Misterius Terdengar di Banten hingga Bandung, PVMBG: Diduga Erupsi Gunung Anak Krakatau Bandung",https://bandung.kompas.com/read/2026/09/05/080735778/dentuman-misterius-terdengar-di-banten-hingga-bandung-pvmbg-diduga-erupsi,Netral,0.0,,,,
2026-09-06 02:45:11,Kompas.com Nasional,Nasional & Kebijakan,Pertamina Kenalkan Strategi Pertumbuhan Ganda dan Transisi Energi kepada Generasi Muda Nasional,https://nasional.kompas.com/read/2026/09/05/17170071/pertamina-kenalkan-strategi-pertumbuhan-ganda-dan-transisi-energi-kepada,Netral,0.0,,,,
2026-09-06 02:45:11,Kompas.com Nasional,Nasional & Kebijakan,Ketum PBNU Harap NU Jaga Hubungan dengan Gontor untuk Bangun Indonesia Lebih Baik Nasional,https://nasional.kompas.com/read/2026/09/05/17050471/ketum-pbnu-harap-nu-jaga-hubungan-dengan-gontor-untuk-bangun-indonesia-lebih,Netral,0.0,,,,
2026-09-06 02:45:11,Kompas.com Nasional,Nasional & Kebijakan,"Kunjungi Sekolah Rakyat di Tangerang, Wamensos Pesan Siswa Fokus Raih Masa Depan Nasional",https://nasional.kompas.com/read/2026/09/05/17193081/kunjungi-sekolah-rakyat-di-tangerang-wamensos-pesan-siswa-fokus-raih-masa,Netral,0.0,,,,
2026-09-06 02:45:11,Kompas.com Nasional,Nasional & Kebijakan,Pertamina Kenalkan Bahan Bakar Pesawat dari Jelantah kepada Anak Muda di IdeaFest Nasional,https://nasional.kompas.com/read/2026/09/05/17285341/pertamina-kenalkan-bahan-bakar-pesawat-dari-jelantah-kepada-anak-muda-di,Netral,0.0,,,,
2026-09-06 02:45:11,Kompas.com Nasional,Nasional & Kebijakan,"1 Fadia Arafiq Mengaku Keuangan Minus dan Punya Utang Saat Jadi Bupati, Klaim Tak Cari Uang dari Jabatan Regional",https://regional.kompas.com/read/2026/09/05/073016478/fadia-arafiq-mengaku-keuangan-minus-dan-punya-utang-saat-jadi-bupati-klaim,Netral,0.0,,,,
2026-09-06 02:45:11,Kompas.com Nasional,Nasional & Kebijakan,"2 Profil Hangabehi, Putra Tertua PB XIII yang Naik Takhta Jadi Raja Keraton Solo Regional",https://regional.kompas.com/read/2026/09/05/130143278/profil-hangabehi-putra-tertua-pb-xiii-yang-naik-takhta-jadi-raja-keraton,Positif,100.0,,,,
2026-09-06 02:45:11,Kompas.com Nasional,Nasional & Kebijakan,"AHY: Kekuasaan Ada Batasnya, Jangan Halangi Hak Rakyat untuk Memilih Nasional",https://nasional.kompas.com/read/2026/09/05/21144141/ahy-kekuasaan-ada-batasnya-jangan-halangi-hak-rakyat-untuk-memilih,Netral,0.0,,,,
2026-09-06 02:45:11,Kompas.com Nasional,Nasional & Kebijakan,"Belum Tetapkan Kepengurusan, Ketum PBNU: Ini kan Baru Hari Kelima.. Nasional",https://nasional.kompas.com/read/2026/09/05/16450171/belum-tetapkan-kepengurusan-ketum-pbnu-ini-kan-baru-hari-kelima,Netral,0.0,,,,
2026-09-06 02:45:11,Kompas.com Nasional,Nasional & Kebijakan,"7 Polisi Sita Rp 11,6 Juta dari Rekening Tersangka Penggelapan Saldo TikTok Vilmei Megapolitan",https://megapolitan.kompas.com/read/2026/09/05/09310211/polisi-sita-rp-116-juta-dari-rekening-tersangka-penggelapan-saldo-tiktok,Netral,0.0,,,,
2026-09-06 02:45:11,Kompas.com Nasional,Nasional & Kebijakan,Pimpinan Komisi IX DPR: Kepala SPPG Paling Bertanggung Jawab dalam Keracunan MBG Nasional,https://nasional.kompas.com/read/2026/09/05/16212791/pimpinan-komisi-ix-dpr-kepala-sppg-paling-bertanggung-jawab-dalam-keracunan,Netral,0.0,,,,
2026-09-06 02:45:11,Kompas.com Nasional,Nasional & Kebijakan,"Kemenhut Siapkan Call Center Penyelamatan Satwa Terdampak Karhutla, Terbuka 24 Jam Nasional",https://nasional.kompas.com/read/2026/09/05/17265171/kemenhut-siapkan-call-center-penyelamatan-satwa-terdampak-karhutla-terbuka,Netral,0.0,,,,
2026-09-06 02:45:11,Kompas.com Nasional,Nasional & Kebijakan,4 Menteri HAM Pigai Dorong Pengajuan Kasasi atas Vonis Banding 2 Anggota TNI Penyiram Andrie Yunus Nasional,https://nasional.kompas.com/read/2026/09/05/13180161/menteri-ham-pigai-dorong-pengajuan-kasasi-atas-vonis-banding-2-anggota-tni,Netral,0.0,,,,
2026-09-06 02:45:11,Kompas.com Nasional,Nasional & Kebijakan,"Asap Karhutla Ancam Satwa, Pemerintah Perkuat Satgas Penyelamatan Satwa Liar Nasional",https://nasional.kompas.com/read/2026/09/05/17474341/asap-karhutla-ancam-satwa-pemerintah-perkuat-satgas-penyelamatan-satwa-liar,Netral,0.0,,,,
2026-09-06 02:45:11,Kompas.com Nasional,Nasional & Kebijakan,"6 India Minta Warganya Tak Tangkap Ikan ""Aneh"" Usai Banjir Nepal Internasional",https://internasional.kompas.com/read/2026/09/05/145255470/india-minta-warganya-tak-tangkap-ikan-aneh-usai-banjir-nepal,Negatif,-100.0,,,,
2026-09-06 02:45:11,Kompas.com Nasional,Nasional & Kebijakan,"8 Gunung Anak Krakatau Erupsi: Keluarkan Lava Air Mancur, Wisatawan Diminta Menjauh Regional",https://regional.kompas.com/read/2026/09/05/063554478/gunung-anak-krakatau-erupsi-keluarkan-lava-air-mancur-wisatawan-diminta,Netral,0.0,,,,
2026-09-06 02:45:11,Kompas.com Nasional,Nasional & Kebijakan,"Hari Pelanggan Nasional, Hutama Karya Hadirkan Cek Kesehatan Gratis hingga Diskon Tarif 10 Persen untuk Pengendara JTTS Nasional",https://nasional.kompas.com/read/2026/09/05/18104201/hari-pelanggan-nasional-hutama-karya-hadirkan-cek-kesehatan-gratis,Positif,100.0,,,,
2026-09-06 02:45:11,Kompas.com Nasional,Nasional & Kebijakan,Koalisi Sipil Desak MA-KY Periksa Putusan Banding Prajurit TNI Penyiram Air Keras Andrie Yunus Nasional,https://nasional.kompas.com/read/2026/09/05/18320871/koalisi-sipil-desak-ma-ky-periksa-putusan-banding-prajurit-tni-penyiram-air,Netral,0.0,,,,
2026-09-06 02:45:11,Kompas.com Nasional,Nasional & Kebijakan,Indonesia Klaim Selalu Penuhi Kewajiban Laporan Kabut Asap Karhutla ke ASEAN Nasional,https://nasional.kompas.com/read/2026/09/05/19002541/indonesia-klaim-selalu-penuhi-kewajiban-laporan-kabut-asap-karhutla-ke-asean,Netral,0.0,,,,
2026-09-06 02:45:11,Kompas.com Nasional,Nasional & Kebijakan,"Soal 8 WNI Jadi Tentara Rusia, Muzani: Tak Dibenarkan Bela Negara Lain, Apalagi Berperang Nasional",https://nasional.kompas.com/read/2026/09/05/19561151/soal-8-wni-jadi-tentara-rusia-muzani-tak-dibenarkan-bela-negara-lain-apalagi,Netral,0.0,,,,
2026-09-06 02:45:11,Kompas.com Nasional,Nasional & Kebijakan,"Gandeng BKN Untuk CAT Calon Petugas Haji 2027, Kemenhaj: Proses Seleksi Transparan Nasional",https://nasional.kompas.com/read/2026/09/05/20035591/gandeng-bkn-untuk-cat-calon-petugas-haji-2027-kemenhaj-proses-seleksi,Netral,0.0,,,,
2026-09-06 02:45:11,Kompas.com Nasional,Nasional & Kebijakan,"AHY: TNI-Polri, Intelijen hingga ASN Harus Netral di Setiap Pemilu Nasional",https://nasional.kompas.com/read/2026/09/05/20244431/ahy-tni-polri-intelijen-hingga-asn-harus-netral-di-setiap-pemilu,Netral,0.0,,,,
2026-09-06 02:45:11,Kompas.com Nasional,Nasional & Kebijakan,"AHY: Demokrat Bagian dari Pemerintahan Prabowo, Tapi Harus Jujur Soal Kesulitan Rakyat Nasional",https://nasional.kompas.com/read/2026/09/05/20470791/ahy-demokrat-bagian-dari-pemerintahan-prabowo-tapi-harus-jujur-soal,Netral,0.0,,,,
2026-09-06 02:45:11,Kompas.com Nasional,Nasional & Kebijakan,"Mendagri Tinjau Bedah Rumah di Bukit Duri, Minta Pemda Percepat Perbaikan Hunian Nasional",https://nasional.kompas.com/read/2026/09/05/21042341/mendagri-tinjau-bedah-rumah-di-bukit-duri-minta-pemda-percepat-perbaikan,Netral,0.0,,,,
2026-09-06 02:45:11,SINDOnews Nasional,Nasional & Politik,"Hankam Prabowo dan Dubes AS untuk ASEAN Bertemu di Hambalang, Bahas Stabilitas Kawasan",https://nasional.sindonews.com/read/1746727/14/prabowo-dan-dubes-as-untuk-asean-bertemu-di-hambalang-bahas-stabilitas-kawasan-1788617354,Netral,0.0,,,,
2026-09-06 02:45:11,Kompas.com Nasional,Nasional & Kebijakan,"Kawal CAT Calon Petugas Haji 2027, Irjen Kemenhaj Pastikan Tidak Ada Suap dan Gratifikasi Nasional",https://nasional.kompas.com/read/2026/09/05/21241711/kawal-cat-calon-petugas-haji-2027-irjen-kemenhaj-pastikan-tidak-ada-suap-dan,Netral,0.0,,,,
2026-09-06 02:45:11,detikNews,Berita & Peristiwa,Pria di Lampung Ditembak Berkali-kali saat Tagih Utang Rp 20 Juta,https://news.detik.com/berita/d-8646023/pria-di-lampung-ditembak-berkali-kali-saat-tagih-utang-rp-20-juta,Netral,0.0,,,,
2026-09-06 02:45:11,Kompas.com Nasional,Nasional & Kebijakan,9 Saksi Mahkota Beberkan Aliran THR untuk Pejabat Forkopimda di Sidang Kasus Korupsi Bupati Cilacap Regional,https://regional.kompas.com/read/2026/09/05/162000978/saksi-mahkota-beberkan-aliran-thr-untuk-pejabat-forkopimda-di-sidang-kasus,Negatif,-100.0,,,,
2026-09-06 02:45:11,SINDOnews Nasional,Nasional & Politik,Hukum Imigrasi Tangkap 55 WNA Asal China karena Penyalahgunaan Izin Tinggal,https://nasional.sindonews.com/read/1746755/13/imigrasi-tangkap-55-wna-asal-china-karena-penyalahgunaan-izin-tinggal-1788624563,Netral,0.0,,,,
2026-09-06 02:45:11,SINDOnews Nasional,Nasional & Politik,Politik AHY: Kekuasaan Bukan Milik Seseorang untuk Selamanya,https://nasional.sindonews.com/read/1746749/12/ahy-kekuasaan-bukan-milik-seseorang-untuk-selamanya-1788624571,Netral,0.0,,,,
2026-09-06 02:45:11,SINDOnews Nasional,Nasional & Politik,"Prabowo Perintahkan Penertiban Kawasan Hutan Dilakukan Tegas, Transparan, dan Akuntabel",https://nasional.sindonews.com/read/1746511/13/prabowo-perintahkan-penertiban-kawasan-hutan-dilakukan-tegas-transparan-dan-akuntabel-1788566944,Netral,0.0,,,,
2026-09-06 02:45:11,SINDOnews Nasional,Nasional & Politik,"AHY: Demokrat Bagian Pemerintahan Prabowo, Tapi Tetap Jujur Terhadap Kenyataan Rakyat",https://nasional.sindonews.com/read/1746733/12/ahy-demokrat-bagian-pemerintahan-prabowo-tapi-tetap-jujur-terhadap-kenyataan-rakyat-1788620946,Netral,0.0,,,,
2026-09-06 02:45:11,SINDOnews Nasional,Nasional & Politik,"1 Politik Survei: Publik Minta Reshuffle Kabinet, Sejumlah Nama Dinilai Cocok Masuk Kabinet",https://nasional.sindonews.com/read/1746429/12/survei-publik-minta-reshuffle-kabinet-sejumlah-nama-dinilai-cocok-masuk-kabinet-1788523758,Netral,0.0,,,,
2026-09-06 02:45:11,SINDOnews Nasional,Nasional & Politik,"Hankam Polri Minta Tambahan Anggaran Rp66 Triliun di 2027, Lemkapi: Untuk Perkuat Keamanan",https://nasional.sindonews.com/read/1746637/14/polri-minta-tambahan-anggaran-rp66-triliun-di-2027-lemkapi-untuk-perkuat-keamanan-1788595768,Netral,0.0,,,,
2026-09-06 02:45:11,Kompas.com Nasional,Nasional & Kebijakan,"""Uang Haram"" Bos Blueray John Field yang Mengalir ke Bea Cukai Nasional",https://nasional.kompas.com/read/2026/09/03/05140001/uang-haram-bos-blueray-john-field-yang-mengalir-ke-bea-cukai,Netral,0.0,,,,
2026-09-06 02:45:11,SINDOnews Nasional,Nasional & Politik,Hankam Polri: Jumlah Tersangka Pelaku Karhutla Bertambah Jadi 113 Orang,https://nasional.sindonews.com/read/1746639/14/polri-jumlah-tersangka-pelaku-karhutla-bertambah-jadi-113-orang-1788599363,Netral,0.0,,,,
2026-09-06 02:45:11,SINDOnews Nasional,Nasional & Politik,"Hukum Vonis Banding 2 Oknum TNI Penyiram Air Keras, Natalius Pigai Dorong Pengajuan Kasasi",https://nasional.sindonews.com/read/1746647/13/vonis-banding-2-oknum-tni-penyiram-air-keras-natalius-pigai-dorong-pengajuan-kasasi-1788599392,Netral,0.0,,,,
2026-09-06 02:45:11,SINDOnews Nasional,Nasional & Politik,Humaniora Kemenhut dan Tim Gabungan Tetap Perkuat Pengendalian Karhutla di 6 Provinsi,https://nasional.sindonews.com/read/1746661/15/kemenhut-dan-tim-gabungan-tetap-perkuat-pengendalian-karhutla-di-6-provinsi-1788602992,Netral,0.0,,,,
2026-09-06 02:45:11,SINDOnews Nasional,Nasional & Politik,"Humaniora Gelar Munas ke-VIII, PSMTI Perteguh Kebinekaan dan Perluas Kontribusi Bagi Bangsa",https://nasional.sindonews.com/read/1746675/15/gelar-munas-ke-viii-psmti-perteguh-kebinekaan-dan-perluas-kontribusi-bagi-bangsa-1788606599,Netral,0.0,,,,
2026-09-06 02:45:11,SINDOnews Nasional,Nasional & Politik,"Humaniora Jelang 100 Tahun Ponpes Gontor, Gus Kikin Harap Hubungan dengan NU Kian Harmonis",https://nasional.sindonews.com/read/1746677/15/jelang-100-tahun-ponpes-gontor-gus-kikin-harap-hubungan-dengan-nu-kian-harmonis-1788606548,Netral,0.0,,,,
2026-09-06 02:45:11,SINDOnews Nasional,Nasional & Politik,Hukum Menteri Imipas: Indonesia dan Malaysia Perkuat Sinergi Lindungi PMI,https://nasional.sindonews.com/read/1746679/13/menteri-imipas-indonesia-dan-malaysia-perkuat-sinergi-lindungi-pmi-1788606581,Netral,0.0,,,,
2026-09-06 02:45:11,SINDOnews Nasional,Nasional & Politik,5 Hukum Pakar Hukum Sebut Penetapan Tersangka Febrie Adriansyah Tak Boleh Menabrak Perlindungan HAM,https://nasional.sindonews.com/read/1746437/13/pakar-hukum-sebut-penetapan-tersangka-febrie-adriansyah-tak-boleh-menabrak-perlindungan-ham-1788523798,Netral,0.0,,,,
2026-09-06 02:45:11,SINDOnews Nasional,Nasional & Politik,"4 Hukum 2 Prajurit TNI Penyiram Air Keras Andrie Yunus Batal Dipecat, Hakim Banding Ringankan Vonis",https://nasional.sindonews.com/read/1746459/13/2-prajurit-tni-penyiram-air-keras-andrie-yunus-batal-dipecat-hakim-banding-ringankan-vonis-1788527387,Netral,0.0,,,,
2026-09-06 02:45:11,SINDOnews Nasional,Nasional & Politik,"3 Hukum Kasus Dugaan Korupsi MBG, Kejagung Sita Barang Mewah Milik Dadan Hindayana",https://nasional.sindonews.com/read/1746433/13/kasus-dugaan-korupsi-mbg-kejagung-sita-barang-mewah-milik-dadan-hindayana-1788523777,Negatif,-100.0,,,,
2026-09-06 02:45:11,SINDOnews Nasional,Nasional & Politik,"2 Politik Xanana Gusmao Kunjungi Jokowi, Menlu Sugiono: Kapasitas Pribadi, Bukan Kunjungan Kenegaraan",https://nasional.sindonews.com/read/1746543/12/xanana-gusmao-kunjungi-jokowi-menlu-sugiono-kapasitas-pribadi-bukan-kunjungan-kenegaraan-1788577793,Netral,0.0,,,,
2026-09-06 02:45:11,SINDOnews Nasional,Nasional & Politik,Humaniora Mensos Jamin Perubahan Desil Tak Otomatis Coret Bansos,https://nasional.sindonews.com/read/1746683/15/mensos-jamin-perubahan-desil-tak-otomatis-coret-bansos-1788610157,Netral,0.0,,,,
2026-09-06 02:45:11,Kompas.com Nasional,Nasional & Kebijakan,10 Kedubes Rusia Sebut Tuduhan 8 WNI Jadi Tentara Negaranya Disinformasi Buatan Ukraina Nasional,https://nasional.kompas.com/read/2026/09/05/11573401/kedubes-rusia-sebut-tuduhan-8-wni-jadi-tentara-negaranya-disinformasi-buatan,Netral,0.0,,,,
2026-09-06 02:45:11,SINDOnews Nasional,Nasional & Politik,Hukum Haris Azhar: RUU Perampasan Aset Tak Boleh Berpaku pada Latar Belakang Yuridis,https://nasional.sindonews.com/read/1746689/13/haris-azhar-ruu-perampasan-aset-tak-boleh-berpaku-pada-latar-belakang-yuridis-1788610141,Netral,0.0,,,,
2026-09-06 02:45:11,SINDOnews Nasional,Nasional & Politik,Humaniora BPOM Siap Siaga Hadapi Ancaman Pandemi Masa Depan,https://nasional.sindonews.com/read/1746695/15/bpom-siap-siaga-hadapi-ancaman-pandemi-masa-depan-1788610151,Negatif,-100.0,,,,
2026-09-06 02:45:11,SINDOnews Nasional,Nasional & Politik,Humaniora Agus Andrianto Pastikan Percepatan Pemulangan 46 PMI Bermasalah dari Malaysia,https://nasional.sindonews.com/read/1746699/15/agus-andrianto-pastikan-percepatan-pemulangan-46-pmi-bermasalah-dari-malaysia-1788610178,Netral,0.0,,,,
2026-09-06 02:45:11,SINDOnews Nasional,Nasional & Politik,Hukum 7 Pertimbangan Hakim Batalkan Pemecatan Prajurit TNI Penyiram Air Keras Andrie Yunus,https://nasional.sindonews.com/read/1746705/13/7-pertimbangan-hakim-batalkan-pemecatan-prajurit-tni-penyiram-air-keras-andrie-yunus-1788613773,Netral,0.0,,,,
2026-09-06 02:45:11,SINDOnews Nasional,Nasional & Politik,Humaniora Gus Nabil: Industrialisasi Pencak Silat Penting Agar Tembus Olimpiade,https://nasional.sindonews.com/read/1746731/15/gus-nabil-industrialisasi-pencak-silat-penting-agar-tembus-olimpiade-1788617384,Netral,0.0,,,,
2026-09-06 02:45:11,SINDOnews Nasional,Nasional & Politik,"Humaniora Hadiri HBM ke 13, KSP Dudung Ingatkan Pesan KH Ahmad Dahlan",https://nasional.sindonews.com/read/1746737/15/hadiri-hbm-ke-13-ksp-dudung-ingatkan-pesan-kh-ahmad-dahlan-1788620979,Netral,0.0,,,,
2026-09-06 02:45:11,SINDOnews Nasional,Nasional & Politik,Hukum LBH Gema Keadilan Siapkan Rekomendasi ke Komisi III DPR Terkait RUU Perampasan Aset,https://nasional.sindonews.com/read/1746745/13/lbh-gema-keadilan-siapkan-rekomendasi-ke-komisi-iii-dpr-terkait-ruu-perampasan-aset-1788620941,Netral,0.0,,,,
2026-09-06 02:45:11,Kompas.com Nasional,Nasional & Kebijakan,AHY Akui Rakyat Masih Tertekan Harga Kebutuhan hingga Sulit Dapat Pekerjaan Nasional,https://nasional.kompas.com/read/2026/09/05/21083461/ahy-akui-rakyat-masih-tertekan-harga-kebutuhan-hingga-sulit-dapat-pekerjaan,Netral,0.0,,,,
2026-09-06 02:45:11,detikNews,Berita & Peristiwa,"Terkesan Sepele, Kelalaian soal Selotip Renggut Nyawa Puluhan Orang",https://news.detik.com/berita/d-8650054/terkesan-sepele-kelalaian-soal-selotip-renggut-nyawa-puluhan-orang,Netral,0.0,,,,
2026-09-06 02:45:11,detikNews,Berita & Peristiwa,"Dikejar Gerombolan Matel, Sejoli di Bogor Ngadu ke Layanan 110 Polisi",https://news.detik.com/berita/d-8650068/dikejar-gerombolan-matel-sejoli-di-bogor-ngadu-ke-layanan-110-polisi,Netral,0.0,,,,
2026-09-06 02:45:11,detikNews,Berita & Peristiwa,"Buka LKBB-PB Tingkat Nasional, Waka MPR Tegaskan Pentingnya Disiplin",https://news.detik.com/berita/d-8650193/buka-lkbb-pb-tingkat-nasional-waka-mpr-tegaskan-pentingnya-disiplin,Netral,0.0,,,,
2026-09-06 02:45:11,detikNews,Berita & Peristiwa,Cucun Ajak Santri Kenali Peran DPR & Berani Bermimpi Jadi Pemimpin Bangsa,https://news.detik.com/berita/d-8647307/cucun-ajak-santri-kenali-peran-dpr-berani-bermimpi-jadi-pemimpin-bangsa,Netral,0.0,,,,
2026-09-06 02:45:11,detikNews,Berita & Peristiwa,Dugaan Sumber Dentuman di Bandung: Anak Krakatau hingga Skyquake,https://news.detik.com/berita/d-8650209/dugaan-sumber-dentuman-di-bandung-anak-krakatau-hingga-skyquake,Netral,0.0,,,,
2026-09-06 02:45:11,detikNews,Berita & Peristiwa,Polisi Hitung Jumlah Gift Dicairkan Karyawan dari Nguras TikTok Vilmei,https://news.detik.com/berita/d-8646076/polisi-hitung-jumlah-gift-dicairkan-karyawan-dari-nguras-tiktok-vilmei,Netral,0.0,,,,
2026-09-06 02:45:11,detikNews,Berita & Peristiwa,TNI AD Ungkap Penyebab Jembatan Pangandaran Ambruk Usai Diresmikan Bupati,https://news.detik.com/berita/d-8641586/tni-ad-ungkap-penyebab-jembatan-pangandaran-ambruk-usai-diresmikan-bupati,Netral,0.0,,,,
2026-09-06 02:45:11,detikNews,Berita & Peristiwa,"Sabtu Sore, Prabowo Terima Dubes AS untuk ASEAN di Hambalang",https://news.detik.com/berita/d-8650120/sabtu-sore-prabowo-terima-dubes-as-untuk-asean-di-hambalang,Netral,0.0,,,,
2026-09-06 02:45:11,detikNews,Berita & Peristiwa,Artha Graha Peduli Beri Akses Pengobatan Gratis bagi Warga Kampung Dao,https://news.detik.com/berita/d-8650149/artha-graha-peduli-beri-akses-pengobatan-gratis-bagi-warga-kampung-dao,Positif,100.0,,,,
2026-09-06 02:45:11,detikNews,Berita & Peristiwa,Detik-detik Kecelakaan Beruntun di Jakbar hingga Ada Korban Tergeletak,https://news.detik.com/berita/d-8650161/detik-detik-kecelakaan-beruntun-di-jakbar-hingga-ada-korban-tergeletak,Negatif,-100.0,,,,
2026-09-06 02:45:11,detikNews,Berita & Peristiwa,"3 Orang Tewas Akibat Kecelakaan Beruntun di Jakbar, 1 Korban Anak",https://news.detik.com/berita/d-8650168/3-orang-tewas-akibat-kecelakaan-beruntun-di-jakbar-1-korban-anak,Negatif,-100.0,,,,
2026-09-06 02:45:11,detikNews,Berita & Peristiwa,Program Sahabat Literasi Tingkatkan Minat Baca Siswa Sekolah Rakyat Solok,https://news.detik.com/berita/d-8650176/program-sahabat-literasi-tingkatkan-minat-baca-siswa-sekolah-rakyat-solok,Netral,0.0,,,,
2026-09-06 02:45:11,detikNews,Berita & Peristiwa,"Gempa M 4,7 Terjadi di Nias",https://news.detik.com/berita/d-8650179/gempa-m-4-7-terjadi-di-nias,Negatif,-100.0,,,,
2026-09-06 02:45:11,detikNews,Berita & Peristiwa,Pengungsi Anak Korban Gempa NTT Diduga Diperkosa,https://news.detik.com/berita/d-8650181/pengungsi-anak-korban-gempa-ntt-diduga-diperkosa,Negatif,-100.0,,,,
2026-09-06 02:45:11,detikNews,Berita & Peristiwa,"Ada Pipa 'Siluman' di Sungai Cileungsi, Diduga untuk Buang Limbah",https://news.detik.com/berita/d-8650182/ada-pipa-siluman-di-sungai-cileungsi-diduga-untuk-buang-limbah,Netral,0.0,,,,
2026-09-06 02:45:11,detikNews,Berita & Peristiwa,Pandeglang Diguyur Hujan Abu Usai Gunung Anak Krakatau Erupsi,https://news.detik.com/berita/d-8650202/pandeglang-diguyur-hujan-abu-usai-gunung-anak-krakatau-erupsi,Netral,0.0,,,,
2026-09-06 02:45:11,detikNews,Berita & Peristiwa,"Ponpes di Bogor Kebakaran, Sejumlah Santri Sesak Napas Dilarikan ke RS",https://news.detik.com/berita/d-8650096/ponpes-di-bogor-kebakaran-sejumlah-santri-sesak-napas-dilarikan-ke-rs,Netral,0.0,,,,
2026-09-06 02:45:11,detikNews,Berita & Peristiwa,Porter di Pelabuhan Ambon Jatuh Saat Berebut Masuk Kapal,https://news.detik.com/berita/d-8650220/porter-di-pelabuhan-ambon-jatuh-saat-berebut-masuk-kapal,Netral,0.0,,,,
2026-09-06 02:45:11,detikNews,Berita & Peristiwa,Walkot Pekanbaru Ajak Ulama & Santri Doakan RI Terbebas dari Karhutla,https://news.detik.com/berita/d-8650086/walkot-pekanbaru-ajak-ulama-santri-doakan-ri-terbebas-dari-karhutla,Netral,0.0,,,,
2026-09-06 02:45:11,detikNews,Berita & Peristiwa,"Kronologi Kecelakaan Maut di Kembangan Jakbar, Dipicu Mobil Listrik",https://news.detik.com/berita/d-8650222/kronologi-kecelakaan-maut-di-kembangan-jakbar-dipicu-mobil-listrik,Negatif,-100.0,,,,
2026-09-06 02:45:11,detikNews,Berita & Peristiwa,"HUT ke-25 Demokrat, AHY Instruksikan Kader Tak Abai Kondisi Nyata Rakyat",https://news.detik.com/berita/d-8650223/hut-ke-25-demokrat-ahy-instruksikan-kader-tak-abai-kondisi-nyata-rakyat,Netral,0.0,,,,
2026-09-06 02:45:11,detikNews,Berita & Peristiwa,PKS Minta Pemulihan Gempa NTT Diperkuat: Masyarakat Masih Trauma,https://news.detik.com/berita/d-8650225/pks-minta-pemulihan-gempa-ntt-diperkuat-masyarakat-masih-trauma,Negatif,-100.0,,,,
2026-09-06 02:45:11,SINDOnews Nasional,Nasional & Politik,"Laut Kita, Masa Depan Kita Arie Afriansyah",https://nasional.sindonews.com/read/1746561/18/laut-kita-masa-depan-kita-1788581391,Netral,0.0,,,,
2026-09-06 02:45:11,detikNews,Berita & Peristiwa,AHY: Kekuasaan Bukan Milik Seseorang untuk Selamanya,https://news.detik.com/berita/d-8650285/ahy-kekuasaan-bukan-milik-seseorang-untuk-selamanya,Netral,0.0,,,,
2026-09-06 02:45:11,detikNews,Berita & Peristiwa,"Hujan Abu Erupsi Anak Krakatau, Warga Pandeglang Diimbau Pakai Masker",https://news.detik.com/berita/d-8650290/hujan-abu-erupsi-anak-krakatau-warga-pandeglang-diimbau-pakai-masker,Netral,0.0,,,,
2026-09-06 02:45:11,detikNews,Berita & Peristiwa,"Kondisi Terkini Erupsi Anak Krakatau, Terdengar Dentuman dari Pos Pasauran",https://news.detik.com/berita/d-8650310/kondisi-terkini-erupsi-anak-krakatau-terdengar-dentuman-dari-pos-pasauran,Netral,0.0,,,,
2026-09-06 02:45:11,detikNews,Berita & Peristiwa,"AHY: Sumber Daya Alam Harus Kita Olah, tapi Jangan Korbankan Lingkungan",https://news.detik.com/berita/d-8650327/ahy-sumber-daya-alam-harus-kita-olah-tapi-jangan-korbankan-lingkungan,Netral,0.0,,,,
2026-09-06 02:45:11,detikNews,Berita & Peristiwa,"Perkuat Soliditas, Bea Cukai Priok dan Polri Gelar Baksos untuk Anak-anak",https://news.detik.com/berita/d-8650340/perkuat-soliditas-bea-cukai-priok-dan-polri-gelar-baksos-untuk-anak-anak,Netral,0.0,,,,
2026-09-06 02:45:11,detikNews,Berita & Peristiwa,"JK, Ma'ruf Amin hingga Boediono Hadiri Sidang Tahunan-Sidang Bersama 2026",https://news.detik.com/berita/d-8617854/jk-maruf-amin-hingga-boediono-hadiri-sidang-tahunan-sidang-bersama-2026,Netral,0.0,,,,
2026-09-06 02:45:11,Kompas.com Nasional,Nasional & Kebijakan,AHY: Kita Patut Belajar dari Pemerintahan SBY.. Nasional,https://nasional.kompas.com/read/2026/09/05/21410491/ahy-kita-patut-belajar-dari-pemerintahan-sby,Netral,0.0,,,,
2026-09-06 02:45:11,detikNews,Berita & Peristiwa,"Ace Hasan hingga JK Hadiri GIHES 2026, Bicara soal Pendidikan Pesantren",https://news.detik.com/berita/d-8650343/ace-hasan-hingga-jk-hadiri-gihes-2026-bicara-soal-pendidikan-pesantren,Netral,0.0,,,,
2026-09-06 02:45:11,detikNews,Berita & Peristiwa,Ternyata Vinna Ledy Sudah Diperiksa Sebelum Aset Mewah Disita KPK,https://news.detik.com/berita/d-8646013/ternyata-vinna-ledy-sudah-diperiksa-sebelum-aset-mewah-disita-kpk,Netral,0.0,,,,
2026-09-06 02:45:11,detikNews,Berita & Peristiwa,"Turis India Dijambret Saat Hendak ke Kuil di Menteng, Samsung S25 Raib",https://news.detik.com/berita/d-8650059/turis-india-dijambret-saat-hendak-ke-kuil-di-menteng-samsung-s25-raib,Netral,0.0,,,,
2026-09-06 02:45:11,detikNews,Berita & Peristiwa,Identitas 3 Korban Tewas Akibat Kecelakaan Beruntun di Jakbar,https://news.detik.com/berita/d-8650248/identitas-3-korban-tewas-akibat-kecelakaan-beruntun-di-jakbar,Negatif,-100.0,,,,
2026-09-06 02:45:11,detikNews,Berita & Peristiwa,BPBD Pandeglang : Belum Ada Kerusakan Imbas Getaran Erupsi Anak Krakatau,https://news.detik.com/berita/d-8650117/bpbd-pandeglang-belum-ada-kerusakan-imbas-getaran-erupsi-anak-krakatau,Netral,0.0,,,,
2026-09-06 02:45:11,detikNews,Berita & Peristiwa,"Mendagri Tinjau Bedah Rumah di Bukit Duri, Minta Pemda Percepat Perbaikan",https://news.detik.com/berita/d-8650135/mendagri-tinjau-bedah-rumah-di-bukit-duri-minta-pemda-percepat-perbaikan,Netral,0.0,,,,
2026-09-06 02:45:11,detikNews,Berita & Peristiwa,Rumah di Cileungsi Bogor Kebakaran Saat Ditinggal Penghuni Antar Anak,https://news.detik.com/berita/d-8649895/rumah-di-cileungsi-bogor-kebakaran-saat-ditinggal-penghuni-antar-anak,Netral,0.0,,,,
2026-09-06 02:45:11,detikNews,Berita & Peristiwa,Catat! Car Free Day di Jalan Sudirman Bogor Kembali Digelar Besok,https://news.detik.com/berita/d-8649897/catat-car-free-day-di-jalan-sudirman-bogor-kembali-digelar-besok,Positif,40.0,,,,
2026-09-06 02:45:11,detikNews,Berita & Peristiwa,"Viral Turis India Dijambret hingga Histeris di Menteng, Polisi Selidiki",https://news.detik.com/berita/d-8649913/viral-turis-india-dijambret-hingga-histeris-di-menteng-polisi-selidiki,Netral,0.0,,,,
2026-09-06 02:45:11,detikNews,Berita & Peristiwa,"Jajaran BULOG Seluruh RI Turun ke Pasar, Pastikan Stok & Harga Beras Aman",https://news.detik.com/berita/d-8649914/jajaran-bulog-seluruh-ri-turun-ke-pasar-pastikan-stok-harga-beras-aman,Netral,0.0,,,,
2026-09-06 02:45:11,detikNews,Berita & Peristiwa,"Hujan Guyur Kalbar dan Kalteng, OMC Diperpanjang hingga 14 September",https://news.detik.com/berita/d-8649917/hujan-guyur-kalbar-dan-kalteng-omc-diperpanjang-hingga-14-september,Netral,0.0,,,,
2026-09-06 02:45:11,detikNews,Berita & Peristiwa,Lahan Pilot Project Kedelai Cariu Diproyeksikan Naik Jadi 100 Ha di 2027,https://news.detik.com/berita/d-8649891/lahan-pilot-project-kedelai-cariu-diproyeksikan-naik-jadi-100-ha-di-2027,Positif,100.0,,,,
2026-09-06 02:45:11,detikNews,Berita & Peristiwa,Kemenko Pangan Pastikan Hasil Panen Kedelai Pilot Project Cariu Terserap,https://news.detik.com/berita/d-8649901/kemenko-pangan-pastikan-hasil-panen-kedelai-pilot-project-cariu-terserap,Netral,0.0,,,,
2026-09-06 02:45:11,detikNews,Berita & Peristiwa,Petugas Gabungan Gagalkan Penyelundupan Ratusan Burung ke Sri Lanka Oleh WNA,https://news.detik.com/berita/d-8649933/petugas-gabungan-gagalkan-penyelundupan-ratusan-burung-ke-sri-lanka-oleh-wna,Netral,0.0,,,,
2026-09-06 02:45:11,detikNews,Berita & Peristiwa,"Sedang Rapikan Kayu, Kernet Pikap di Bogor Tewas Usai Diserempet Truk",https://news.detik.com/berita/d-8649941/sedang-rapikan-kayu-kernet-pikap-di-bogor-tewas-usai-diserempet-truk,Negatif,-100.0,,,,
2026-09-06 02:45:11,detikNews,Berita & Peristiwa,Wamendagri Dukung KDKMP Jadi Pusat Layanan Ekonomi Desa Terintegrasi,https://news.detik.com/berita/d-8649960/wamendagri-dukung-kdkmp-jadi-pusat-layanan-ekonomi-desa-terintegrasi,Positif,100.0,,,,
2026-09-06 02:45:11,detikNews,Berita & Peristiwa,Kilas Balik 4 Orang Selamat Kala Pesawat Jatuh Tewaskan 520 Orang,https://news.detik.com/berita/d-8649974/kilas-balik-4-orang-selamat-kala-pesawat-jatuh-tewaskan-520-orang,Netral,0.0,,,,
2026-09-06 02:45:11,detikNews,Berita & Peristiwa,"Pemulihan di Aceh Singkil, Pembangunan Jembatan & Tanggul Jadi Prioritas",https://news.detik.com/berita/d-8649975/pemulihan-di-aceh-singkil-pembangunan-jembatan-tanggul-jadi-prioritas,Netral,0.0,,,,
2026-09-06 02:45:11,detikNews,Berita & Peristiwa,Ketua MPR soal Kabar 8 WNI Direkrut Tentara Rusia: Tidak Dibenarkan,https://news.detik.com/berita/d-8649978/ketua-mpr-soal-kabar-8-wni-direkrut-tentara-rusia-tidak-dibenarkan,Netral,0.0,,,,
2026-09-06 02:45:11,detikNews,Berita & Peristiwa,Kemendagri Minta Tim Pemantauan Identifikasi Akar Masalah Ekonomi Daerah,https://news.detik.com/berita/d-8649964/kemendagri-minta-tim-pemantauan-identifikasi-akar-masalah-ekonomi-daerah,Netral,0.0,,,,
2026-09-06 02:45:11,detikNews,Berita & Peristiwa,"Kecelakaan Beruntun di Kembangan Jakbar, Ada Korban Tergeletak",https://news.detik.com/berita/d-8649998/kecelakaan-beruntun-di-kembangan-jakbar-ada-korban-tergeletak,Negatif,-100.0,,,,
2026-09-06 02:45:11,detikNews,Berita & Peristiwa,Ketua MPR Pastikan Semua Masukan Terkait Naskah PPHN Akan Dipelajari,https://news.detik.com/berita/d-8649997/ketua-mpr-pastikan-semua-masukan-terkait-naskah-pphn-akan-dipelajari,Netral,0.0,,,,
2026-09-06 02:45:11,detikNews,Berita & Peristiwa,"Mensos: Data BKKBN Tak Salah, Perubahan Desil Tak Otomatis Hentikan Bansos",https://news.detik.com/berita/d-8650017/mensos-data-bkkbn-tak-salah-perubahan-desil-tak-otomatis-hentikan-bansos,Netral,0.0,,,,
2026-09-06 02:45:11,detikNews,Berita & Peristiwa,Kapolrestro Bekasi Kota Terbitkan Maklumat tentang Keselamatan Pelajar,https://news.detik.com/berita/d-8650019/kapolrestro-bekasi-kota-terbitkan-maklumat-tentang-keselamatan-pelajar,Netral,0.0,,,,
2026-09-06 02:45:11,detikNews,Berita & Peristiwa,"Kepergok Curi Uang Kotak Amal, Remaja di Bogor Dibawa Polisi",https://news.detik.com/berita/d-8650029/kepergok-curi-uang-kotak-amal-remaja-di-bogor-dibawa-polisi,Netral,0.0,,,,
2026-09-06 02:45:11,detikNews,Berita & Peristiwa,Muzani Harap Pemenang Lomba Baris Berbaris Nasional Jadi Duta 4 Pilar MPR,https://news.detik.com/berita/d-8650038/muzani-harap-pemenang-lomba-baris-berbaris-nasional-jadi-duta-4-pilar-mpr,Netral,0.0,,,,
2026-09-06 02:45:11,detikNews,Berita & Peristiwa,Analisis Pakar soal Dentuman di Bandung Diduga dari Erupsi Anak Krakatau,https://news.detik.com/berita/d-8650045/analisis-pakar-soal-dentuman-di-bandung-diduga-dari-erupsi-anak-krakatau,Netral,0.0,,,,
2026-09-06 02:45:11,detikNews,Berita & Peristiwa,Paviliun Artha Graha Bawa Misi Edukasi Fauna ke Pasar Wiwitan SCBD,https://news.detik.com/berita/d-8650082/paviliun-artha-graha-bawa-misi-edukasi-fauna-ke-pasar-wiwitan-scbd,Netral,0.0,,,,
2026-09-06 02:45:11,SINDOnews Nasional,Nasional & Politik,Politik PDIP Dorong RUU Perampasan Aset Sasar Kejahatan Perbankan dan Lainnya,https://nasional.sindonews.com/read/1746615/12/pdip-dorong-ruu-perampasan-aset-sasar-kejahatan-perbankan-dan-lainnya-1788595740,Netral,0.0,,,,
2026-09-06 02:45:11,iNews Nasional,Peristiwa & Hukum,"Nasional KAI Buka Rekrutmen untuk Lulusan SLTA hingga S1, Ini Syarat dan Cara Daftarnya!",https://www.inews.id/news/nasional/kai-buka-rekrutmen-untuk-lulusan-slta-hingga-s1-ini-syarat-dan-cara-daftarnya,Netral,0.0,,,,
2026-09-06 02:45:11,SINDOnews Nasional,Nasional & Politik,Dilema AI: Inefisiensi Anggaran dan Ancaman Cognitive Offloading dalam Industri Kreatif Imamul Masyhudi,https://nasional.sindonews.com/read/1746535/18/dilema-ai-inefisiensi-anggaran-dan-ancaman-cognitive-offloading-dalam-industri-kreatif-1788574175,Negatif,-100.0,,,,
2026-09-06 02:45:11,Liputan6 News,Hukum & Politik,Suasana Mencekam Kebakaran Apartemen Pavilion,https://www.liputan6.com/news/read/8284741/suasana-mencekam-kebakaran-apartemen-pavilion,Netral,0.0,,,,
2026-09-06 02:45:11,Liputan6 News,Hukum & Politik,BMKG Ungkap Dugaan Penyebab Dentuman di Bandung-Sumedang,https://www.liputan6.com/news/read/8285166/bmkg-ungkap-dugaan-penyebab-dentuman-di-bandung-sumedang,Netral,0.0,,,,
2026-09-06 02:45:11,Liputan6 News,Hukum & Politik,"Anak Krakatau Erupsi, BNPB Minta Warga Banten-Lampung Tak Panik Isu Tsunami",https://www.liputan6.com/news/read/8285193/anak-krakatau-erupsi-bnpb-minta-warga-banten-lampung-tak-panik-isu-tsunami,Negatif,-100.0,,,,
2026-09-06 02:45:11,Liputan6 News,Hukum & Politik,Bareskrim Ungkap Motif Pembakaran Hutan,https://www.liputan6.com/news/read/8285197/bareskrim-ungkap-motif-pembakaran-hutan,Netral,0.0,,,,
2026-09-06 02:45:11,Liputan6 News,Hukum & Politik,"Sinabung Siaga, Warga Karo Diminta Segera Mengungsi",https://www.liputan6.com/news/read/8285206/sinabung-siaga-warga-karo-diminta-segera-mengungsi,Netral,0.0,,,,
2026-09-06 02:45:11,Liputan6 News,Hukum & Politik,"Pohon 15 Meter Tumbang di Semarang, 2 Pemotor Tewas",https://www.liputan6.com/news/read/8284761/pohon-15-meter-tumbang-di-semarang-2-pemotor-tewas,Negatif,-100.0,,,,
2026-09-06 02:45:11,Liputan6 News,Hukum & Politik,Tiket Ragunan Diusulkan Naik,https://www.liputan6.com/news/read/8284853/tiket-ragunan-diusulkan-naik,Positif,100.0,,,,
2026-09-06 02:45:11,Liputan6 News,Hukum & Politik,Polisi Bongkar Penyelundupan 150 Ribu Benih Lobster di Bogor,https://www.liputan6.com/news/read/8284873/polisi-bongkar-penyelundupan-150-ribu-benih-lobster-di-bogor,Netral,0.0,,,,
2026-09-06 02:45:11,Liputan6 News,Hukum & Politik,Wamendagri Bima Arya Dorong Daerah Perluas Basis Pajak Tanpa Bebani Masyarakat,https://www.liputan6.com/news/read/8284896/wamendagri-bima-arya-dorong-daerah-perluas-basis-pajak-tanpa-bebani-masyarakat,Netral,0.0,,,,
2026-09-06 02:45:11,Liputan6 News,Hukum & Politik,"Update Kebakaran Apartemen Pavilion, 33 Orang Berhasil Dievakuasi",https://www.liputan6.com/news/read/8284904/update-kebakaran-apartemen-pavilion-33-orang-berhasil-dievakuasi,Positif,100.0,,,,
2026-09-06 02:45:11,Liputan6 News,Hukum & Politik,Tri Tito Karnavian Ingatkan Pelajar di Ternate Hidup Sehat,https://www.liputan6.com/news/read/8284907/tri-tito-karnavian-ingatkan-pelajar-di-ternate-hidup-sehat,Netral,0.0,,,,
2026-09-06 02:45:11,Liputan6 News,Hukum & Politik,Cerita Evakuasi Korban Kebakaran Pavilion Pakai Skylift,https://www.liputan6.com/news/read/8284929/cerita-evakuasi-korban-kebakaran-pavilion-pakai-skylift,Netral,0.0,,,,
2026-09-06 02:45:11,Liputan6 News,Hukum & Politik,Hukuman 2 TNI Kasus Andrie Yunus Dipangkas dan Batal Dipecat,https://www.liputan6.com/news/read/8284952/hukuman-2-tni-kasus-andrie-yunus-dipangkas-dan-batal-dipecat,Negatif,-100.0,,,,
2026-09-06 02:45:11,Liputan6 News,Hukum & Politik,Tersangka Kasus Kebakaran Hutan Bertambah Jadi 112 Orang,https://www.liputan6.com/news/read/8284976/tersangka-kasus-kebakaran-hutan-bertambah-jadi-112-orang,Negatif,-100.0,,,,
2026-09-06 02:45:11,Liputan6 News,Hukum & Politik,Cerita Kepanikan Penghuni Dapat Kabar Apartemen Pavilion Kebakaran,https://www.liputan6.com/news/read/8284984/cerita-kepanikan-penghuni-dapat-kabar-apartemen-pavilion-kebakaran,Netral,0.0,,,,
2026-09-06 02:45:11,Liputan6 News,Hukum & Politik,Siswa SMP di Nabire Pembunuh Mantan Pacar Dihukum 10 Tahun,https://www.liputan6.com/news/read/8285000/siswa-smp-di-nabire-pembunuh-mantan-pacar-dihukum-10-tahun,Netral,0.0,,,,
2026-09-06 02:45:11,Liputan6 News,Hukum & Politik,Transjakarta 'Jalur Langit' Hanya Sampai Halte JORR Imbas Truk Mogok,https://www.liputan6.com/news/read/8285021/transjakarta-jalur-langit-hanya-sampai-halte-jorr-imbas-truk-mogok,Netral,0.0,,,,
2026-09-06 02:45:11,Liputan6 News,Hukum & Politik,7 Catatan Kubu Andrie Yunus Usai 2 TNI Dihukum Ringan dan Tak Dipecat,https://www.liputan6.com/news/read/8285062/7-catatan-kubu-andrie-yunus-usai-2-tni-dihukum-ringan-dan-tak-dipecat,Netral,0.0,,,,
2026-09-06 02:45:11,Liputan6 News,Hukum & Politik,"KJP Plus Tahap 2 Cair, Ada Temuan Soal Mobil dan Rumah Rp 1 Miliar",https://www.liputan6.com/news/read/8285074/kjp-plus-tahap-2-cair-ada-temuan-soal-mobil-dan-rumah-rp-1-miliar,Netral,0.0,,,,
2026-09-06 02:45:11,Liputan6 News,Hukum & Politik,Penjelasan Polisi Tak Blokade Demo PBRI Dekat Bundaran HI,https://www.liputan6.com/news/read/8285096/penjelasan-polisi-tak-blokade-demo-pbri-dekat-bundaran-hi,Negatif,-100.0,,,,
2026-09-06 02:45:11,Liputan6 News,Hukum & Politik,Kejagung Sita Rolex hingga Ratusan Ribu Dolar Dadan Hidayana Cs,https://www.liputan6.com/news/read/8285100/kejagung-sita-rolex-hingga-ratusan-ribu-dolar-dadan-hidayana-cs,Netral,0.0,,,,
2026-09-06 02:45:11,Liputan6 News,Hukum & Politik,Sopir Taksi Diduga Bakar Angkringan,https://www.liputan6.com/news/read/8285113/sopir-taksi-diduga-bakar-angkringan,Netral,0.0,,,,
2026-09-06 02:45:11,Liputan6 News,Hukum & Politik,Anak Krakatau Erupsi Beruntun,https://www.liputan6.com/news/read/8285134/anak-krakatau-erupsi-beruntun,Netral,0.0,,,,
2026-09-06 02:45:11,Liputan6 News,Hukum & Politik,Kebakaran Lapak di Srengseng Jakbar,https://www.liputan6.com/news/read/8285136/kebakaran-lapak-di-srengseng-jakbar,Netral,0.0,,,,
2026-09-06 02:45:11,Liputan6 News,Hukum & Politik,Polisi Bongkar Jejak Uang Kasus Vilmei,https://www.liputan6.com/news/read/8285148/polisi-bongkar-jejak-uang-kasus-vilmei,Negatif,-100.0,,,,
2026-09-06 02:45:11,Liputan6 News,Hukum & Politik,Cerita Kepanikan Pemancing Lihat Erupsi Anak Krakatau Tengah Malam,https://www.liputan6.com/news/read/8285156/cerita-kepanikan-pemancing-lihat-erupsi-anak-krakatau-tengah-malam,Netral,0.0,,,,
2026-09-06 02:45:11,Liputan6 News,Hukum & Politik,"Ngantor Perdana, Gus Kikin Mulai Susun Pengurus PBNU",https://www.liputan6.com/news/read/8284750/ngantor-perdana-gus-kikin-mulai-susun-pengurus-pbnu,Netral,0.0,,,,
2026-09-06 02:45:11,Liputan6 News,Hukum & Politik,"414 Dapur MBG Dicoret, Rp 311 Miliar Dikembalikan ke Kas Negara",https://www.liputan6.com/news/read/8284613/414-dapur-mbg-dicoret-rp-311-miliar-dikembalikan-ke-kas-negara,Netral,0.0,,,,
2026-09-06 02:45:11,Liputan6 News,Hukum & Politik,Sudaryono Pastikan Tak Ada Lagi Pengadaan BGN yang Mengada-Ada,https://www.liputan6.com/news/read/8284620/sudaryono-pastikan-tak-ada-lagi-pengadaan-bgn-yang-mengada-ada,Netral,0.0,,,,
2026-09-06 02:45:11,Liputan6 News,Hukum & Politik,"BMKG Sebut Dentuman di Bandung Tak Terkait Erupsi Anak Krakatau, Ini Alasannya",https://www.liputan6.com/news/read/8285220/bmkg-sebut-dentuman-di-bandung-tak-terkait-erupsi-anak-krakatau-ini-alasannya,Netral,0.0,,,,
2026-09-06 02:45:11,Liputan6 News,Hukum & Politik,Warga Kemayoran Gotong Royong Bangun Budaya Peduli Lingkungan,https://www.liputan6.com/news/read/8282115/warga-kemayoran-gotong-royong-bangun-budaya-peduli-lingkungan,Netral,0.0,,,,
2026-09-06 02:45:11,Liputan6 News,Hukum & Politik,"KRL Gangguan di Stasiun Jakarta Kota, Ini Daftar Rekayasa Perjalanan",https://www.liputan6.com/news/read/8284392/krl-gangguan-di-stasiun-jakarta-kota-ini-daftar-rekayasa-perjalanan,Netral,0.0,,,,
2026-09-06 02:45:11,Liputan6 News,Hukum & Politik,Infografis: Tips Mencegah Kebakaran Saat Musim Kemarau,https://www.liputan6.com/news/read/8284150/infografis-tips-mencegah-kebakaran-saat-musim-kemarau,Netral,0.0,,,,
2026-09-06 02:45:11,Liputan6 News,Hukum & Politik,"BGN Dapat Anggaran Rp 240 T, Simak Rincian Pemakaiannya",https://www.liputan6.com/news/read/8284345/bgn-dapat-anggaran-rp-240-t-simak-rincian-pemakaiannya,Netral,0.0,,,,
2026-09-06 02:45:11,Liputan6 News,Hukum & Politik,Infografis: Tiga Wajah Baru Pimpinan Bank Indonesia,https://www.liputan6.com/news/read/8283305/infografis-tiga-wajah-baru-pimpinan-bank-indonesia,Netral,0.0,,,,
2026-09-06 02:45:11,Liputan6 News,Hukum & Politik,Kejagung Cecar Inspektur Utama BGN soal Korupsi MBG,https://www.liputan6.com/news/read/8284381/kejagung-cecar-inspektur-utama-bgn-soal-korupsi-mbg,Negatif,-100.0,,,,
2026-09-06 02:45:11,Liputan6 News,Hukum & Politik,Kemendagri Beri Penghargaan Pemda Berprestasi di Kalimantan,https://www.liputan6.com/news/read/8284363/kemendagri-beri-penghargaan-pemda-berprestasi-di-kalimantan,Netral,0.0,,,,
2026-09-06 02:45:11,Liputan6 News,Hukum & Politik,"Ada Gangguan di Stasiun Jakarta Kota, KRL Bogor Cuma Sampai Manggarai",https://www.liputan6.com/news/read/8284376/ada-gangguan-di-stasiun-jakarta-kota-krl-bogor-cuma-sampai-manggarai,Netral,0.0,,,,
2026-09-06 02:45:11,Liputan6 News,Hukum & Politik,"Rayakan Harpelnas 2026, BPJS Ketenagakerjaan Perkuat Perlindungan hingga Pemberdayaan Pekerja",https://www.liputan6.com/news/read/8284585/rayakan-harpelnas-2026-bpjs-ketenagakerjaan-perkuat-perlindungan-hingga-pemberdayaan-pekerja,Netral,0.0,,,,
2026-09-06 02:45:11,Liputan6 News,Hukum & Politik,"Kejagung Raih Opini WTP 10 Kali Berturut-turut, BPK Beri Penjelasan",https://www.liputan6.com/news/read/8284346/kejagung-raih-opini-wtp-10-kali-berturut-turut-bpk-beri-penjelasan,Netral,0.0,,,,
2026-09-06 02:45:11,Liputan6 News,Hukum & Politik,Cemas Orang Tua SD Islam Pembangunan Pamulang Belum Mereda,https://www.liputan6.com/news/read/8284720/cemas-orang-tua-sd-islam-pembangunan-pamulang-belum-mereda,Netral,0.0,,,,
2026-09-06 02:45:11,detikNews,Berita & Peristiwa,Operasi Anyar Trump di Iran Lewat 'Tanker for Tanker',https://news.detik.com/internasional/d-8645968/operasi-anyar-trump-di-iran-lewat-tanker-for-tanker,Netral,0.0,,,,
2026-09-06 02:45:11,Liputan6 News,Hukum & Politik,Commuter Line Jakarta Kota-Bogor Kembali Normal,https://www.liputan6.com/news/read/8284398/commuter-line-jakarta-kota-bogor-kembali-normal,Positif,15.0,,,,
2026-09-06 02:45:11,Liputan6 News,Hukum & Politik,BGN Buka Peluang Kasus Keracunan MBG Diproses Pidana,https://www.liputan6.com/news/read/8284385/bgn-buka-peluang-kasus-keracunan-mbg-diproses-pidana,Negatif,-100.0,,,,
2026-09-06 02:45:11,Liputan6 News,Hukum & Politik,"Kasus Suap Proyek Rejang Lebong, KPK Periksa Anggota DPRD Kota Bengkulu",https://www.liputan6.com/news/read/8284431/kasus-suap-proyek-rejang-lebong-kpk-periksa-anggota-dprd-kota-bengkulu,Negatif,-100.0,,,,
2026-09-06 02:45:11,Liputan6 News,Hukum & Politik,Cerita Gus Alex soal 24 Anggota DPR Minta Uang Oleh-Oleh Saat di Saudi,https://www.liputan6.com/news/read/8284394/cerita-gus-alex-soal-24-anggota-dpr-minta-uang-oleh-oleh-saat-di-saudi,Netral,0.0,,,,
2026-09-06 02:45:11,Liputan6 News,Hukum & Politik,Gangguan KRL Bogor karena Kereta Anjlok di Stasiun Jakarta Kota,https://www.liputan6.com/news/read/8284405/gangguan-krl-bogor-karena-kereta-anjlok-di-stasiun-jakarta-kota,Negatif,-100.0,,,,
2026-09-06 02:45:11,Liputan6 News,Hukum & Politik,Cerita Penumpang Menunggu Nyaris 1 Jam Imbas Gangguan KRL di Jakarta Kota,https://www.liputan6.com/news/read/8284450/cerita-penumpang-menunggu-nyaris-1-jam-imbas-gangguan-krl-di-jakarta-kota,Netral,0.0,,,,
2026-09-06 02:45:11,Liputan6 News,Hukum & Politik,"KRL Gangguan, Surat Ini Bikin Azhar Lega Meski Telat Ngantor",https://www.liputan6.com/news/read/8284451/krl-gangguan-surat-ini-bikin-azhar-lega-meski-telat-ngantor,Netral,0.0,,,,
2026-09-06 02:45:11,Liputan6 News,Hukum & Politik,"Nestapa Pasar Pondok Labu, Kios Mati Suri Bikin Pedagang Merana",https://www.liputan6.com/news/read/8284498/nestapa-pasar-pondok-labu-kios-mati-suri-bikin-pedagang-merana,Negatif,-100.0,,,,
2026-09-06 02:45:11,Liputan6 News,Hukum & Politik,"Kebakaran Apartemen Pavilion Jakpus, Damkar Sisir Korban Terjebak",https://www.liputan6.com/news/read/8284542/kebakaran-apartemen-pavilion-jakpus-damkar-sisir-korban-terjebak,Netral,0.0,,,,
2026-09-06 02:45:11,Liputan6 News,Hukum & Politik,"Sempat Gangguan, Begini Kondisi Terkini KRL Jakarta Kota-Bogor",https://www.liputan6.com/news/read/8284550/sempat-gangguan-begini-kondisi-terkini-krl-jakarta-kota-bogor,Netral,0.0,,,,
2026-09-06 02:45:11,Liputan6 News,Hukum & Politik,"Kebakaran Apartemen Pavilion Jakpus, 14 Orang Dievakuasi",https://www.liputan6.com/news/read/8284591/kebakaran-apartemen-pavilion-jakpus-14-orang-dievakuasi,Netral,0.0,,,,
2026-09-06 02:45:11,Liputan6 News,Hukum & Politik,Merasakan Langsung Menembus Asap dan Menelusuri Bekas Titik Api Palangka Raya,https://www.liputan6.com/news/read/8284583/merasakan-langsung-menembus-asap-dan-menelusuri-bekas-titik-api-palangka-raya,Netral,0.0,,,,
2026-09-06 02:45:11,Liputan6 News,Hukum & Politik,KPK Dalami Kesaksian Gus Alex Soal Uang Oleh-oleh Anggota DPR,https://www.liputan6.com/news/read/8284595/kpk-dalami-kesaksian-gus-alex-soal-uang-oleh-oleh-anggota-dpr,Netral,0.0,,,,
2026-09-06 02:45:11,Liputan6 News,Hukum & Politik,Dentuman Misterius Terdengar di Bandung hingga Sumedang,https://www.liputan6.com/news/read/8285161/dentuman-misterius-terdengar-di-bandung-hingga-sumedang,Netral,0.0,,,,
2026-09-06 02:45:11,iNews Nasional,Peristiwa & Hukum,"Nasional Karhutla Masih Dominasi Bencana, Riau Paling Luas Capai 18.882 Hektare",https://www.inews.id/news/nasional/karhutla-masih-dominasi-bencana-riau-paling-luas-capai-18882-hektare,Negatif,-100.0,,,,
2026-09-06 02:45:11,iNews Nasional,Peristiwa & Hukum,Nasional 7 Alasan Hakim Batalkan Pemecatan 2 Prajurit TNI Penyiram Air Keras Andrie Yunus,https://www.inews.id/news/nasional/7-alasan-hakim-batalkan-pemecatan-2-prajurit-tni-penyiram-air-keras-andrie-yunus,Netral,0.0,,,,
2026-09-06 02:45:11,Liputan6 News,Hukum & Politik,Kesaksian Warga Bandung dan Cimahi Saat Dengar Dentuman,https://www.liputan6.com/news/read/8285233/kesaksian-warga-bandung-dan-cimahi-saat-dengar-dentuman,Netral,0.0,,,,
2026-09-06 02:45:11,iNews Nasional,Peristiwa & Hukum,"Nasional 15 jam lalu Menlu Sugiono Dalami Informasi 8 WNI Direkrut Jadi Tentara Rusia, Singgung Hak Konsuler",https://www.inews.id/news/nasional/menlu-sugiono-dalami-informasi-8-wni-direkrut-jadi-tentara-rusia-singgung-hak-konsuler,Netral,0.0,,,,
2026-09-06 02:45:11,Liputan6 News,Hukum & Politik,Badan Geologi Pastikan Erupsi Anak Krakatau Tak Picu Tsunami,https://www.liputan6.com/news/read/8285246/badan-geologi-pastikan-erupsi-anak-krakatau-tak-picu-tsunami,Netral,0.0,,,,
2026-09-06 02:45:11,iNews Nasional,Peristiwa & Hukum,"Nasional 14 jam lalu Partai Perindo Sebut Evaluasi Batas Bebas Pajak UMKM Langkah Positif, Dorong Usaha Naik Kelas",https://www.inews.id/news/nasional/partai-perindo-sebut-evaluasi-batas-bebas-pajak-umkm-langkah-positif-dorong-usaha-naik-kelas,Positif,100.0,,,,
2026-09-06 02:45:11,iNews Nasional,Peristiwa & Hukum,"Nasional 15 jam lalu Kadin Soroti Restitusi Pajak Lama Cair, Bisa Berdampak ke Arus Kas Perusahaan",https://www.inews.id/news/nasional/kadin-soroti-restitusi-pajak-lama-cair-bisa-berdampak-ke-arus-kas-perusahaan,Netral,0.0,,,,
2026-09-06 02:45:11,iNews Nasional,Peristiwa & Hukum,"Nasional 13 jam lalu Bidik Kursi Senayan 2029, Partai Perindo Tunjuk Mantan Wawali Tarakan Pimpin Kaltara",https://www.inews.id/news/nasional/bidik-kursi-senayan-2029-partai-perindo-tunjuk-mantan-wawali-tarakan-pimpin-kaltara,Netral,0.0,,,,
2026-09-06 02:45:11,iNews Nasional,Peristiwa & Hukum,Nasional 12 jam lalu Gus Kikin Ngaku Sudah Punya Rancangan Struktur Pengurus PBNU: Segera Kita Selesaikan,https://www.inews.id/news/nasional/gus-kikin-ngaku-sudah-punya-rancangan-struktur-pengurus-pbnu-segera-kita-selesaikan,Netral,0.0,,,,
2026-09-06 02:45:11,iNews Nasional,Peristiwa & Hukum,Nasional 11 jam lalu Menteri Pigai Protes Vonis Banding 2 Prajurit TNI Pelaku Penyiram Air Keras,https://www.inews.id/news/nasional/menteri-pigai-protes-vonis-banding-2-prajurit-tni-pelaku-penyiram-air-keras,Negatif,-100.0,,,,
2026-09-06 02:45:11,iNews Nasional,Peristiwa & Hukum,Nasional 11 jam lalu WUB dan IKM Maluku Utara Didorong Naik Kelas Lewat Tjipta UMKM Fair,https://www.inews.id/news/nasional/wub-dan-ikm-maluku-utara-didorong-naik-kelas-lewat-tjipta-umkm-fair,Positif,100.0,,,,
2026-09-06 02:45:11,iNews Nasional,Peristiwa & Hukum,"Nasional 10 jam lalu Gunung Sinabung Naik Level Siaga, BNPB Minta Warga Mengungsi",https://www.inews.id/news/nasional/gunung-sinabung-naik-level-siaga-bnpb-minta-warga-mengungsi,Positif,100.0,,,,
2026-09-06 02:45:11,iNews Nasional,Peristiwa & Hukum,"Nasional 10 jam lalu Vonis 2 Prajurit TNI Penyiram Air Keras Andrie Yunus Dipangkas, Menteri Pigai Minta Kasasi hingga PK",https://www.inews.id/news/nasional/vonis-2-prajurit-tni-penyiram-air-keras-andrie-yunus-dipangkas-menteri-pigai-minta-kasasi-hingga-pk,Netral,0.0,,,,
2026-09-06 02:45:11,iNews Nasional,Peristiwa & Hukum,Nasional 8 jam lalu Dokter Muhammad Iqbal Akhirnya Buka Suara terkait Kasus Dugaan Pelecehan di Media Sosial,https://www.inews.id/news/nasional/dokter-muhammad-iqbal-akhirnya-buka-suara-terkait-kasus-dugaan-pelecehan-di-media-sosial,Negatif,-100.0,,,,
2026-09-06 02:45:11,iNews Nasional,Peristiwa & Hukum,"Nasional 8 jam lalu Hujan Berhasil Turun, BMKG Perpanjang Operasi Modifikasi Cuaca di Kalimantan",https://www.inews.id/news/nasional/hujan-berhasil-turun-bmkg-perpanjang-operasi-modifikasi-cuaca-di-kalimantan,Netral,0.0,,,,
2026-09-06 02:45:11,iNews Nasional,Peristiwa & Hukum,"Nasional 8 jam lalu BMKG Ungkap Dentuman Misterius di Bandung Bukan dari Gempa, Ini Hasil Analisisnya",https://www.inews.id/news/nasional/bmkg-ungkap-dentuman-misterius-di-bandung-bukan-dari-gempa-ini-hasil-analisisnya,Negatif,-100.0,,,,
2026-09-06 02:45:11,iNews Nasional,Peristiwa & Hukum,"Nasional 8 jam lalu Dituduh Lakukan Pelecehan, Dokter Muhammad Iqbal Berdalih Masalah Pribadi Bukan Profesi",https://www.inews.id/news/nasional/dituduh-lakukan-pelecehan-dokter-muhammad-iqbal-berdalih-masalah-pribadi-bukan-profesi,Netral,0.0,,,,
2026-09-06 02:45:11,iNews Nasional,Peristiwa & Hukum,"Nasional Gus Kikin Pastikan Ada Orang Lama di PBNU 2026-2031, Tunjuk Gus Gudfan Jadi Bendum",https://www.inews.id/news/nasional/gus-kikin-pastikan-ada-orang-lama-di-pbnu-2026-2031-tunjuk-gus-gudfan-jadi-bendum,Netral,0.0,,,,
2026-09-06 02:45:11,iNews Nasional,Peristiwa & Hukum,"Nasional Erupsi Gunung Anak Krakatau Picu Dentuman, BNPB Minta Masyarakat Tak Panik",https://www.inews.id/news/nasional/erupsi-gunung-anak-krakatau-picu-dentuman-bnpb-minta-masyarakat-tak-panik,Negatif,-100.0,,,,
2026-09-06 02:45:11,iNews Nasional,Peristiwa & Hukum,Nasional 35 Link Pengganti Rebahin dan LK21 untuk Nonton Film Sub Indo Terbaru,https://www.inews.id/news/nasional/35-link-pengganti-rebahin-dan-lk21-untuk-nonton-film-sub-indo-terbaru,Netral,0.0,,,,
2026-09-06 02:45:11,iNews Nasional,Peristiwa & Hukum,"Nasional Daftar Harga BBM Pertamina 5 September 2026, Lengkap Pertalite hingga Pertamax",https://www.inews.id/news/nasional/daftar-harga-bbm-pertamina-5-september-2026-lengkap-pertalite-hingga-pertamax,Netral,0.0,,,,
2026-09-06 02:45:11,iNews Nasional,Peristiwa & Hukum,"Nasional Prabowo Kumpulkan Satgas PKH di Hambalang, Terima Laporan soal Pelanggaran Kawasan Hutan",https://www.inews.id/news/nasional/prabowo-kumpulkan-satgas-pkh-di-hambalang-terima-laporan-soal-pelanggaran-kawasan-hutan,Netral,0.0,,,,
2026-09-06 02:45:11,iNews Nasional,Peristiwa & Hukum,Nasional 7 jam lalu Imigrasi Tahan 55 WN China Diduga Kerja di Proyek Data Center BSD,https://www.inews.id/news/nasional/imigrasi-tahan-55-wn-china-diduga-kerja-di-proyek-data-center-bsd,Netral,0.0,,,,
2026-09-06 02:45:11,iNews Nasional,Peristiwa & Hukum,"Nasional 7 jam lalu Polda Sumsel Kerahkan 1.000 Personel Padamkan Karhutla di Muara Enim, Pakai Formula X-Fire",https://www.inews.id/news/nasional/polda-sumsel-kerahkan-1000-personel-padamkan-karhutla-di-muara-enim-pakai-formula-x-fire,Netral,0.0,,,,
2026-09-06 02:45:11,iNews Nasional,Peristiwa & Hukum,"Nasional 5 jam lalu Perkuat Silaturahmi, Wali Kota Pekanbaru Ajak Ulama dan Santri Doakan Indonesia Terbebas dari Karhutla",https://www.inews.id/news/nasional/perkuat-silaturahmi-wali-kota-pekanbaru-ajak-ulama-dan-santri-doakan-indonesia-terbebas-dari-karhutla,Netral,0.0,,,,
2026-09-06 02:45:11,iNews Nasional,Peristiwa & Hukum,Nasional 5 jam lalu Gus Ipul soal Perubahan Desil DTSEN: Bukan Berarti Bansos Dicoret,https://www.inews.id/news/nasional/gus-ipul-soal-perubahan-desil-dtsen-bukan-berarti-bansos-dicoret,Netral,0.0,,,,
2026-09-06 02:45:11,iNews Nasional,Peristiwa & Hukum,"Nasional 3 jam lalu Energi Panas Bumi Gunung Salak Punya Potensi Baru, Apa Itu?",https://www.inews.id/news/nasional/energi-panas-bumi-gunung-salak-punya-potensi-baru-apa-itu,Netral,0.0,,,,
2026-09-06 02:45:11,iNews Nasional,Peristiwa & Hukum,"Nasional 113 Orang Jadi Tersangka Karhutla, Riau Paling Banyak",https://www.inews.id/news/nasional/113-orang-jadi-tersangka-karhutla-riau-paling-banyak,Netral,0.0,,,,
2026-09-06 02:45:11,iNews Nasional,Peristiwa & Hukum,"Nasional 16 jam lalu Kemenkes Ungkap 34.961 Anak dan Remaja Terindikasi Depresi, Kenali Gejalanya",https://www.inews.id/news/nasional/kemenkes-ungkap-34961-anak-dan-remaja-terindikasi-depresi-kenali-gejalanya,Netral,0.0,,,,
2026-09-06 02:45:11,iNews Nasional,Peristiwa & Hukum,"Nasional 17 jam lalu Momen PM Timor Leste Xanana Gusmao Bertemu Jokowi, Nyanyi Bengawan Solo Diiringi Keroncong",https://www.inews.id/news/nasional/momen-pm-timor-leste-xanana-gusmao-bertemu-jokowi-nyanyi-bengawan-solo-diiringi-keroncong,Netral,0.0,,,,
2026-09-06 02:45:11,iNews Nasional,Peristiwa & Hukum,"Nasional Prabowo Bertemu Dubes AS untuk ASEAN di Hambalang, Apa yang Dibahas?",https://www.inews.id/news/nasional/prabowo-bertemu-dubes-as-untuk-asean-di-hambalang-apa-yang-dibahas,Netral,0.0,,,,
2026-09-06 02:45:11,Liputan6 News,Hukum & Politik,Identitas Satu Keluarga Tewas Akibat Tabrakan Beruntun di Kembangan,https://www.liputan6.com/news/read/8285577/identitas-satu-keluarga-tewas-akibat-tabrakan-beruntun-di-kembangan,Negatif,-100.0,,,,
2026-09-06 02:45:11,Liputan6 News,Hukum & Politik,Cerita Warga Melihat Detik-detik Erupsi Anak Krakatau,https://www.liputan6.com/news/read/8285306/cerita-warga-melihat-detik-detik-erupsi-anak-krakatau,Netral,0.0,,,,
2026-09-06 02:45:11,iNews Nasional,Peristiwa & Hukum,"Nasional 16 jam lalu Dentuman Misterius Terdengar di Bandung, Badan Geologi: Diduga Erupsi Gunung Anak Krakatau",https://www.inews.id/news/nasional/dentuman-misterius-terdengar-di-bandung-badan-geologi-diduga-erupsi-gunung-anak-krakatau,Netral,0.0,,,,
2026-09-06 02:45:11,Liputan6 News,Hukum & Politik,"Kasus Vilmei, Terungkap Saldo TikTok Dipakai Bayar Kos hingga Cicilan Kendaraan",https://www.liputan6.com/news/read/8285394/kasus-vilmei-terungkap-saldo-tiktok-dipakai-bayar-kos-hingga-cicilan-kendaraan,Negatif,-100.0,,,,
2026-09-06 02:45:11,iNews Nasional,Peristiwa & Hukum,"Nasional 16 jam lalu Menlu Sugiono soal PM Timor Leste Bertemu Jokowi: Kunjungan Pribadi, Bukan Kenegaraan",https://www.inews.id/news/nasional/menlu-sugiono-soal-pm-timor-leste-bertemu-jokowi-kunjungan-pribadi-bukan-kenegaraan,Netral,0.0,,,,
2026-09-06 02:45:11,Liputan6 News,Hukum & Politik,"Anak Krakatau Erupsi Menerus, Jauhi Radius 3 Kilometer",https://www.liputan6.com/news/read/8285258/anak-krakatau-erupsi-menerus-jauhi-radius-3-kilometer,Netral,0.0,,,,
2026-09-06 02:45:11,Liputan6 News,Hukum & Politik,Cerita Warga Pandeglang Saat Dentuman Anak Krakatau Bikin Jendela Bergetar,https://www.liputan6.com/news/read/8285259/cerita-warga-pandeglang-saat-dentuman-anak-krakatau-bikin-jendela-bergetar,Netral,0.0,,,,
2026-09-06 02:45:11,Liputan6 News,Hukum & Politik,"Dentuman Erupsi Anak Krakatau Bisa Terdengar Ratusan Kilometer, Ini Penjelasannya",https://www.liputan6.com/news/read/8285271/dentuman-erupsi-anak-krakatau-bisa-terdengar-ratusan-kilometer-ini-penjelasannya,Netral,0.0,,,,
2026-09-06 02:45:11,Liputan6 News,Hukum & Politik,"Anak Krakatau Erupsi, Penyeberangan Bakauheni-Merak Masih Normal",https://www.liputan6.com/news/read/8285279/anak-krakatau-erupsi-penyeberangan-bakauheni-merak-masih-normal,Positif,15.0,,,,
2026-09-06 02:45:11,Liputan6 News,Hukum & Politik,Abraham Samad: Indonesia Butuh Grand Design Pemberantasan Korupsi,https://www.liputan6.com/news/read/8285303/abraham-samad-indonesia-butuh-grand-design-pemberantasan-korupsi,Negatif,-100.0,,,,
2026-09-06 02:45:11,Liputan6 News,Hukum & Politik,Prabowo Ungkap Alasan Indonesia dan Rusia Cocok Kerja sama,https://www.liputan6.com/news/read/8284045/prabowo-ungkap-alasan-indonesia-dan-rusia-cocok-kerja-sama,Netral,0.0,,,,
2026-09-06 02:45:11,Liputan6 News,Hukum & Politik,"Prabowo Undang Dunia Usaha Rusia: Datang ke Indonesia, Bekerja Bersama Kami",https://www.liputan6.com/news/read/8284160/prabowo-undang-dunia-usaha-rusia-datang-ke-indonesia-bekerja-bersama-kami,Netral,0.0,,,,
2026-09-06 02:45:11,Liputan6 News,Hukum & Politik,Prabowo Minta Penertiban Kawasan Hutan Transparan,https://www.liputan6.com/news/read/8285144/prabowo-minta-penertiban-kawasan-hutan-transparan,Netral,0.0,,,,
2026-09-06 02:45:11,Liputan6 News,Hukum & Politik,Gerakan 1.000 Angkringan Sido Muncul Bekali Pelaku Usaha agar Jamu Makin Dikenal,https://www.liputan6.com/news/read/8284606/gerakan-1000-angkringan-sido-muncul-bekali-pelaku-usaha-agar-jamu-makin-dikenal,Netral,0.0,,,,
2026-09-06 02:45:11,Liputan6 News,Hukum & Politik,Asap Kebakaran Hutan Kalimantan Buat 21 Orangutan Jatuh Sakit,https://www.liputan6.com/news/read/8285384/asap-kebakaran-hutan-kalimantan-buat-21-orangutan-jatuh-sakit,Negatif,-100.0,,,,
2026-09-06 02:45:11,Liputan6 News,Hukum & Politik,Pramono Terbitkan Pergub Penyesuaian Tarif Layanan Kesehatan Jakarta,https://www.liputan6.com/news/read/8285362/pramono-terbitkan-pergub-penyesuaian-tarif-layanan-kesehatan-jakarta,Netral,0.0,,,,
2026-09-06 02:45:11,Liputan6 News,Hukum & Politik,Langkah Kemenhut Agar Orangutan Terhindar Asap Kebakaran Hutan,https://www.liputan6.com/news/read/8285418/langkah-kemenhut-agar-orangutan-terhindar-asap-kebakaran-hutan,Netral,0.0,,,,
2026-09-06 02:45:11,SINDOnews Nasional,Nasional & Politik,Mengapa Kita Mudah Bermusuhan? Rena Latifa,https://nasional.sindonews.com/read/1746245/18/mengapa-kita-mudah-bermusuhan-1788491376,Netral,0.0,,,,
2026-09-06 02:45:11,Liputan6 News,Hukum & Politik,"Koper WN Sri Lanka Dibuka, 101 Burung Ditemukan",https://www.liputan6.com/news/read/8285465/koper-wn-sri-lanka-dibuka-101-burung-ditemukan,Netral,0.0,,,,
2026-09-06 02:45:11,Liputan6 News,Hukum & Politik,Mendagri Dorong Pemda Percepat Program Bedah Rumah,https://www.liputan6.com/news/read/8285472/mendagri-dorong-pemda-percepat-program-bedah-rumah,Netral,0.0,,,,
2026-09-06 02:45:11,Liputan6 News,Hukum & Politik,Menhut Minta Tetap Waspada Kebakaran Hutan Meski Titik Panas Menurun,https://www.liputan6.com/news/read/8285480/menhut-minta-tetap-waspada-kebakaran-hutan-meski-titik-panas-menurun,Netral,0.0,,,,
2026-09-06 02:45:11,Liputan6 News,Hukum & Politik,Di Balik Pertemuan Prabowo dengan Dubes AS di Hambalang,https://www.liputan6.com/news/read/8285548/di-balik-pertemuan-prabowo-dengan-dubes-as-di-hambalang,Netral,0.0,,,,
2026-09-06 02:45:11,Liputan6 News,Hukum & Politik,"Kecelakaan Beruntun di Kembangan, Satu Keluarga Tewas",https://www.liputan6.com/news/read/8285549/kecelakaan-beruntun-di-kembangan-satu-keluarga-tewas,Negatif,-100.0,,,,
2026-09-06 02:45:11,Liputan6 News,Hukum & Politik,Kronologi Kecelakaan Beruntun di Kembangan Sebabkan Sekeluarga Tewas,https://www.liputan6.com/news/read/8285557/kronologi-kecelakaan-beruntun-di-kembangan-sebabkan-sekeluarga-tewas,Negatif,-100.0,,,,
2026-09-06 02:45:11,Liputan6 News,Hukum & Politik,"Daftar Kendaraan Kecelakaan di Kembangan, Sekeluarga Tewas Naik Motor",https://www.liputan6.com/news/read/8285567/daftar-kendaraan-kecelakaan-di-kembangan-sekeluarga-tewas-naik-motor,Negatif,-66.67,,,,
2026-09-06 02:45:11,Liputan6 News,Hukum & Politik,"Kesaksian Warga, Tabrakan Beruntun di Kembangan Dipicu Mobil Listrik",https://www.liputan6.com/news/read/8285574/kesaksian-warga-tabrakan-beruntun-di-kembangan-dipicu-mobil-listrik,Netral,0.0,,,,
2026-09-06 02:45:11,detikNews,Berita & Peristiwa,Yang Diketahui soal Menantu Amien Rais Mundur dari Ketum Partai Ummat,https://news.detik.com/berita/d-8645988/yang-diketahui-soal-menantu-amien-rais-mundur-dari-ketum-partai-ummat,Netral,0.0,,,,
2026-09-08 13:36:37,TikTok Trending (News),,,https://news.google.com/rss/articles/CBMiugFBVV95cUxQWXAyanR2VERKZ0ZWT3lZaV9SX3AwMnRTMktUQXZORHVaMHpMa3d2clQ0Rm1sdmV0NTFXUlBRVjFGZjBqelNMNGFOTEEtSG9YMGV5RjVwMFU1SDNvOHJVNkZYaTVESjdyNFQtVUNPZldoNEVCWDZaRmpmWTNZSWNIQmV1YzdjZ0hYN3pnZk42bUFMa0hUR3VnUFd2X1drUDJqWEhjMFZZR0NBOU1tX1haMU5wcTc0MjZheXfSAboBQVVfeXFMUFlwMmp0dlRESmdGVk95WWlfUl9wMDJ0UzJLVEF2TkR1WjB6TGt3dnJUNEZtbHZldDUxV1JQUVYxRmYwanpTTDRhTkxBLUhvWDBleUY1cDBVNUgzbzhyVTZGWGk1REo3cjRULVVDT2ZXaDRFQlg2WkZqZlkzWUljSEJldWM3Y2dIWDd6Z2ZONm1BTGtIVEd1Z1BXdl9Xa1AyalhIYzBWWUdDQTlNbV9YWjFOcHE3NDI2YXl3?oc=5,Netral,0.0,Indonesia,Viral TikTok,Trending Sosmed,"Tahu Campur Lamongan Mas Chus, Kuliner Khas Jawa Timur yang Viral Ditonton 6,1 Juta Kali di TikTok"
2026-09-08 13:36:37,TikTok Trending (News),,,https://news.google.com/rss/articles/CBMiQkFVX3lxTFBLdk9rMUJoa2VmM3o5eTdWYW0tNFFNX1p3d2h6TzZyakRWWjdYWFZrOENGcVo4NHZpX25RaFhKQXRYZw?oc=5,Positif,13.64,Indonesia,Viral TikTok,Trending Sosmed,Janda kesepian live bar bar | 2 💦💦 #viral #trending #live #tiktok #bigolive
2026-09-08 13:36:37,TikTok Trending (News),,,https://news.google.com/rss/articles/CBMizgFBVV95cUxNNHBMX2treTd1M2tEQ3Y3bjk4bnkxRG5sLVFJY29UQll1M28wd0cxRnZlb0xPSkZNZUVuZGhKNUFWeDBudF9hOEwyLWtDeGdoN3dudm9sMFpLa19jMWFCczB3bjlkN18zOFM5eXBDTVZQeFdHb0ttazE0T3hYWHJOT0ZnSGpUOTExTGI1Z1RZMmhFamQzamJKUUNyRkZ6b3BUUWhoRk83WnNBV1lLdDNnaFIzaGxUb2llWEJNZlk5UHhqa2N2U2RCSkJMQTBPd9IBzgFBVV95cUxNNHBMX2treTd1M2tEQ3Y3bjk4bnkxRG5sLVFJY29UQll1M28wd0cxRnZlb0xPSkZNZUVuZGhKNUFWeDBudF9hOEwyLWtDeGdoN3dudm9sMFpLa19jMWFCczB3bjlkN18zOFM5eXBDTVZQeFdHb0ttazE0T3hYWHJOT0ZnSGpUOTExTGI1Z1RZMmhFamQzamJKUUNyRkZ6b3BUUWhoRk83WnNBV1lLdDNnaFIzaGxUb2llWEJNZlk5UHhqa2N2U2RCSkJMQTBPdw?oc=5,Netral,0.0,Indonesia,Viral TikTok,Trending Sosmed,Cerita Warga Alami Pembuluh Darah Pecah di Mata usai Kelilipan Abu Vulkanik
2026-09-08 13:36:37,TikTok Trending (News),,,https://news.google.com/rss/articles/CBMivgFBVV95cUxNRTZLNlZ0aV96WWR5dk45RzdTQ2l3cTZHUTBKalMtN3ZnREJoRmd0Wk1TeE9LX1JXc0o4NHdPNjlkLTNDZVNaUmNjN09kVnhPWEhrMGNLNmdlSjhwTjZEeDE1NzF1enhDM3BHSUszNktrU0FkZkxUSXZhTllLSlJEaHgxQ196TEU2Smp2bW9wbHdncmdrV2xaOEZGWDhfRTRmX1JzSWN2akoxV05lSjhhVWpJV0kzODJzYUdfRjZR0gG-AUFVX3lxTE1FNks2VnRpX3pZZHl2TjlHN1NDaXdxNkdRMEpqUy03dmdEQmhGZ3RaTVN4T0tfUldzSjg0d082OWQtM0NlU1pSY2M3T2RWeE9YSGswY0s2Z2VKOHBONkR4MTU3MXV6eEMzcEdJSzM2S2tTQWRmTFRJdmFOWUtKUkRoeDFDX3pMRTZKanZtb3Bsd2dyZ2tXbFo4RkZYOF9FNGZfUnNJY3ZqSjFXTmVKOGFVaklXSTM4MnNhR19GNlE?oc=5,Netral,0.0,Indonesia,Viral TikTok,Trending Sosmed,"Viral Video Perempuan Diduga Dipukul di Taman Kota Pekanbaru, Korban Lapor Polisi"
2026-09-08 13:36:37,TikTok Trending (News),,,https://news.google.com/rss/articles/CBMibkFVX3lxTE02MnZSeWN4cFpkdmVuY2RWQWhOY2tWam0tdTVxeVl2T1Z2TkRucUFtenRMZks4Uno1aTV2aDBkUkVINm9TY0lUX1E5NXRicU5TMWJjdnlkUVVORVFIejROekVPd1BOeWtYYkQ1UGRB?oc=5,Netral,0.0,Indonesia,Viral TikTok,Trending Sosmed,"Bahas AI, TikTok, dan Politik, Ibas Ajak Anak Muda Think Deep, Participate, Lead"
2026-09-08 13:36:37,TikTok Trending (News),,,https://news.google.com/rss/articles/CBMixAFBVV95cUxPRnpBTmZxdFR2UzAwUzZ6S3RDc1BTQnhlZXM5VUptNFpYWDFJYmJiay1GdV9BSWgzR2lSbTJMdGFKVFRKM2dobjRwMkIzTV83cEY5VlhhN1ZYV3hBVFVfSmRJanpJM0s4YlBmVENpZmpWQzdyTy1UVURvQmNIejRvZnZuOFpOTElGYmhVNzhOTHJuQmxhcmNacDZFVjZmQXJsTVRzY2dsdTFZcE9kelMzVG5kaXF5UWpBeDB2aEdBb2NNV3NN?oc=5,Netral,0.0,Indonesia,Viral TikTok,Trending Sosmed,Iklan Shopee Bareng Naykilla dan Tenxi Tembus 21 Juta Tayangan di TikTok Jelang 9.9
2026-09-08 13:36:37,TikTok Trending (News),,,https://news.google.com/rss/articles/CBMixwFBVV95cUxNeXNaX0NFNWV6aDBLb0E1UTlkZEllVGkwcmREakFPYlVZM1ZobEhTT2R1b053WEdZRV94SEQyMzIwZVZaTFNwRGh6S2dBMjEzaEpHYTQ5UDl1TUNjWmR1bVo1SHJsRkpTbHd1WTJSLTU3bGU3ekRWbWx3R2dqSGRDUmtFTVBrZVBsc2hwVHNmSkZHUXBTUGR1ZVdRQV9iOTV2LUxmX1h2NlM1TFU3Q2FZR0pveGEySGtTOS1lNTdmbS1RbGxOWnI4?oc=5,Netral,0.0,Indonesia,Viral TikTok,Trending Sosmed,"Kronologi Mozza Dibunuh Kekasih Kenalan dari TikTok, Jasad Tinggal Kerangka Usai Setahun Hilang"
2026-09-08 13:36:37,TikTok Trending (News),,,https://news.google.com/rss/articles/CBMiywFBVV95cUxQT0VmX0UzYXNzelNPUGUydzJrUXhjbWFBRUc0WVkxd1lqLU9ydmwtNXUwZUhFMlJPeHFUU2U0cnJWazFyaTVrRV92M1pYZlQ0ZWFyalVaM3lUVUtvWXpKT2dmcUNJWURuWTBSQU5UOTRtQTEzY09TVWVNdUxXcTg0bzRVOE85QmhqUkRBVXJxSmh5ZXBaLV9lbDF0X1pMc2dLRV96Wm9oSTFGVGdqNXNObU84LWswV3RVbVdMbmRNc3VRWlk4WWNwbUNTMNIBuwFBVV95cUxQT1h4MnpiVTlfdzhDVEZ5LUc5eXJVR3g0c2s1LVYyYjdtUV9FMV9FeDF4cTZFVC1wVEZFYUZhbC03Tkp5dXE0Wm0wVGVPU1BjTE1nd054by1RTnFJM3g5RkNST0FxY2EtYjkxZWw4ZnZVdTNPSHFDSk83bEVSeWxialpYNEZpR2lxTzlFNmFGNWxiTmNITHRFVE14SXFlVmI5Rzk0YkpIbFp0b3pHU3JrUXRpR25OMkt4UC1n?oc=5,Netral,0.0,Indonesia,Viral TikTok,Trending Sosmed,In We Trust Artinya Apa dalam Bahasa Gaul? Ini Maksud Tren In We Trust di TikTok - radarjabar.disway.id
2026-09-08 13:36:37,TikTok Trending (News),,,https://news.google.com/rss/articles/CBMilgFBVV95cUxQamROVDZMZDd2QU90eEN0aTkzS1Ayai1ucElHVDZUUGI3aFJBUDNBTm9nZ2ZyNnpMV0J5anFBS3I1TVBHeVpkUVliS3AtYmNVRjVSYzktRGNBV25kV1hLTVUzNUVsZHdSMFVyWllsckJtUnlRelNhU2VGeWplNVV1SDFwWTdjSUJxREJWWVVNcEVxWUdfZXc?oc=5,Netral,0.0,Indonesia,Viral TikTok,Trending Sosmed,"Kenali Apa Itu Reset Routine Day, Konten Viral di Tiktok"
2026-09-08 13:36:37,TikTok Trending (News),,,https://news.google.com/rss/articles/CBMiyAFBVV95cUxPQnFMMUVYV3Rua0RwUUhTNVlSVXYwUzY3aXJ3TnRDNG5qUWIzampHNDNtX3RoYkpTd1VaQ0hIR21DSS10MHJ3YVQ5VDJTVWdJS0tVZkpTc2l0QThFUFRDbUlIZ3RXVkVHNy1uZk81ckh0WGhIVkVUakhWMUIwb3Uzb3J0SDQ4eHV3elhoUXJZc0lnRzVZZTVTN0ZXQkVNVmxxeGNjNG5aV3ozcjVzOC1QUl9ILWZSakdZTGlpcGlDWXVGT1YybnBTaw?oc=5,Netral,0.0,Indonesia,Viral TikTok,Trending Sosmed,"Iklan Shopee ‘Kasih Aba-Aba 2.0’ Naykilla & Tenxi Viral di TikTok, Ini Rahasia Suksesnya"
2026-09-08 13:36:37,X (Twitter) Trending,,,https://x.com/search?q=%23ShopeeMidnightMobilMotor1000&src=trend_click,Netral,0.0,Indonesia,#ShopeeMidnightMobilMotor1000,Trending di X,Trending Topic X Indonesia: #ShopeeMidnightMobilMotor1000
2026-09-08 13:36:37,X (Twitter) Trending,,,https://x.com/search?q=%23KopiKenanganxNCTHAECHAN&src=trend_click,Netral,0.0,Indonesia,#KopiKenanganxNCTHAECHAN,Trending di X,Trending Topic X Indonesia: #KopiKenanganxNCTHAECHAN
2026-09-08 13:36:37,X (Twitter) Trending,,,https://x.com/search?q=%23IntensifTanganiBencana&src=trend_click,Netral,0.0,Indonesia,#IntensifTanganiBencana,Trending di X,Trending Topic X Indonesia: #IntensifTanganiBencana
2026-09-08 13:36:37,X (Twitter) Trending,,,https://x.com/search?q=%23GORIDEDIGOPAYMULAIDARI1000&src=trend_click,Netral,0.0,Indonesia,#GORIDEDIGOPAYMULAIDARI1000,Trending di X,Trending Topic X Indonesia: #GORIDEDIGOPAYMULAIDARI1000
2026-09-08 13:36:37,X (Twitter) Trending,,,https://x.com/search?q=Presiden%20Prabowo&src=trend_click,Netral,0.0,Indonesia,Presiden Prabowo,Trending di X,Trending Topic X Indonesia: Presiden Prabowo
2026-09-08 13:36:37,X (Twitter) Trending,,,https://x.com/search?q=%23LynnShinesBright&src=trend_click,Netral,0.0,Indonesia,#LynnShinesBright,Trending di X,Trending Topic X Indonesia: #LynnShinesBright
2026-09-08 13:36:37,X (Twitter) Trending,,,https://x.com/search?q=Gunung%20Anak%20Krakatau&src=trend_click,Netral,0.0,Indonesia,Gunung Anak Krakatau,Trending di X,Trending Topic X Indonesia: Gunung Anak Krakatau
2026-09-08 13:36:37,X (Twitter) Trending,,,https://x.com/search?q=PHUWIN%20NYC%20BOUND&src=trend_click,Netral,0.0,Indonesia,PHUWIN NYC BOUND,Trending di X,Trending Topic X Indonesia: PHUWIN NYC BOUND
2026-09-08 13:36:37,X (Twitter) Trending,,,https://x.com/search?q=00.00%20WIB&src=trend_click,Netral,0.0,Indonesia,00.00 WIB,Trending di X,Trending Topic X Indonesia: 00.00 WIB
2026-09-08 13:36:37,X (Twitter) Trending,,,https://x.com/search?q=Super%20Deals%20Rp1&src=trend_click,Positif,33.33,Indonesia,Super Deals Rp1,Trending di X,Trending Topic X Indonesia: Super Deals Rp1
2026-09-08 13:36:37,Google Trends ID,,,https://sumutpos.jawapos.com/sumatera-utara/2609070028/rdp-keracunan-mbg-di-karo-masih-mengambang-orangtua-tuntut-kepastian-hukum,Netral,0.0,Indonesia,febiola br purba,100+,"RDP Keracunan MBG di Karo Masih Mengambang, Orangtua Tuntut Kepastian Hukum"
2026-09-08 13:36:37,Google Trends ID,,,https://bola.kompas.com/read/2026/09/08/05490598/peralta-sebut-persija-vs-persib-mirip-superclasico-river-plate-vs-boca-juniors,Netral,0.0,Indonesia,persib vs persija,100+,Peralta Sebut Persija Vs Persib Mirip Superclasico River Plate Vs Boca Juniors
2026-09-08 13:36:37,Google Trends ID,,,https://bandung.kompas.com/read/2026/09/07/134425278/kebakaran-di-gunung-guntur-dan-cikuray-garut-teratasi-bbksda-pastikan-bukan,Netral,0.0,Indonesia,gunung cikuray garut,200+,"Kebakaran di Gunung Guntur dan Cikuray Garut Teratasi, BBKSDA Pastikan Bukan Kawasan Cagar Alam"
2026-09-08 13:36:37,Google Trends ID,,,https://news.detik.com/berita/d-8653159/reniyanti-putri-sulung-jenderal-hoegeng-meninggal-dunia,Netral,0.0,Indonesia,hoegeng iman santoso,500+,Reniyanti Putri Sulung Jenderal Hoegeng Meninggal Dunia
2026-09-08 13:36:37,Google Trends ID,,,https://jambi.antaranews.com/berita/666495/simak-selengkapnya-harga-emas-galeri24-antam-ubs-pegadaian-pada-selasa,Netral,0.0,Indonesia,harga emas hari ini,5000+,Simak selengkapnya harga emas Galeri24-Antam-UBS Pegadaian pada Selasa
2026-09-08 13:36:37,Google Trends ID,,,https://www.antaranews.com/berita/5730375/ledakan-gudang-kembang-api-di-meksiko-tewaskan-10-orang-81-luka,Netral,0.0,Indonesia,ledakan,1000+,"Ledakan gudang kembang api di Meksiko tewaskan 10 orang, 81 luka"
2026-09-08 13:36:37,Google Trends ID,,,https://rri.co.id/nasional/2714595/luhut-dorong-danantara-jadi-penggerak-pertumbuhan-ekonomi,Netral,0.0,Indonesia,luhut,200+,Luhut Dorong Danantara jadi Penggerak Pertumbuhan Ekonomi
2026-09-08 13:36:37,Google Trends ID,,,https://www.bbc.com/sport/tennis/articles/crk368k4e42o,Netral,0.0,Indonesia,naomi osaka,1000+,US Open 2026 results: Elena Rybakina sweeps aside Naomi Osaka to close in world number one ranking
2026-09-08 13:36:37,Google Trends ID,,,https://www.bareksa.com/berita/saham/2026-09-07/rekomendasi-saham-tim-analis-bareksa-hari-ini-dsng-aces-bsde-begini-prediksi-ihsg,Netral,0.0,Indonesia,saham bumi,500+,"Rekomendasi Saham Tim Analis Bareksa Hari Ini : DSNG, ACES & BSDE, Begini Prediksi IHSG"
2026-09-08 13:36:37,Google Trends ID,,,https://www.bloombergtechnoz.com/detail-news/120859/telegram-down-selasa-pagi-sejumlah-fitur-alami-error,Negatif,-15.56,Indonesia,telegram down,5000+,"Telegram Down Selasa Pagi, Sejumlah Fitur Alami Error"
